trading_date,sector,article_count,covered_tickers,coverage_share,has_news,breadth,rolling_21d_article_count,rolling_21d_covered_tickers,rolling_21d_breadth
2020-01-02,Comm,11,4,0.8,True,0.620512820513,11,4,0.620512820513
2020-01-02,Consumer,22,5,1,True,0.91320754717,22,5,0.91320754717
2020-01-02,Energy,21,5,1,True,0.728925619835,21,5,0.728925619835
2020-01-02,Financials,12,5,1,True,0.72,12,5,0.72
2020-01-02,Healthcare,23,5,1,True,0.889075630252,23,5,0.889075630252
2020-01-02,Industrials,13,5,1,True,0.71914893617,13,5,0.71914893617
2020-01-02,Materials,7,3,0.6,True,0.576470588235,7,3,0.576470588235
2020-01-02,RealEstate,3,2,0.4,True,0.36,3,2,0.36
2020-01-02,Tech,25,4,0.8,True,0.541125541126,25,4,0.541125541126
2020-01-02,Utilities,1,1,0.2,True,0.2,1,1,0.2
2020-01-03,Comm,3,2,0.4,True,0.36,14,5,0.6125
2020-01-03,Consumer,10,4,0.8,True,0.666666666667,32,5,0.853333333333
2020-01-03,Energy,28,5,1,True,0.776237623762,49,5,0.765869218501
2020-01-03,Financials,8,3,0.6,True,0.533333333333,20,5,0.714285714286
2020-01-03,Healthcare,6,2,0.4,True,0.36,29,5,0.899465240642
2020-01-03,Industrials,7,4,0.8,True,0.753846153846,20,5,0.816326530612
2020-01-03,Materials,3,2,0.4,True,0.36,10,4,0.666666666667
2020-01-03,RealEstate,5,3,0.6,True,0.454545454545,8,4,0.457142857143
2020-01-03,Tech,17,4,0.8,True,0.502608695652,42,4,0.552978056426
2020-01-03,Utilities,4,2,0.4,True,0.32,5,2,0.294117647059
2020-01-06,Comm,16,3,0.6,True,0.492307692308,30,5,0.642857142857
2020-01-06,Consumer,44,5,1,True,0.660750853242,76,5,0.762005277045
2020-01-06,Energy,34,5,1,True,0.843795620438,83,5,0.823550508069
2020-01-06,Financials,12,5,1,True,0.757894736842,32,5,0.853333333333
2020-01-06,Healthcare,12,5,1,True,0.757894736842,41,5,0.882414698163
2020-01-06,Industrials,14,3,0.6,True,0.4,34,5,0.645810055866
2020-01-06,Materials,9,4,0.8,True,0.522580645161,19,4,0.606722689076
2020-01-06,RealEstate,4,3,0.6,True,0.533333333333,12,5,0.72
2020-01-06,Tech,13,5,1,True,0.662745098039,55,5,0.586808923375
2020-01-06,Utilities,6,4,0.8,True,0.72,11,4,0.537777777778
2020-01-07,Comm,5,3,0.6,True,0.454545454545,35,5,0.706051873199
2020-01-07,Consumer,22,5,1,True,0.793442622951,98,5,0.782084690554
2020-01-07,Energy,12,3,0.6,True,0.533333333333,95,5,0.815634884772
2020-01-07,Financials,11,4,0.8,True,0.562790697674,43,5,0.917617866005
2020-01-07,Healthcare,15,5,1,True,0.737704918033,56,5,0.911627906977
2020-01-07,Industrials,13,4,0.8,True,0.50447761194,47,5,0.6412191582
2020-01-07,Materials,3,3,0.6,True,0.6,22,5,0.66301369863
2020-01-07,RealEstate,2,2,0.4,True,0.4,14,5,0.725925925926
2020-01-07,Tech,21,4,0.8,True,0.634532374101,76,5,0.608640674394
2020-01-07,Utilities,1,1,0.2,True,0.2,12,4,0.6
2020-01-08,Comm,20,4,0.8,True,0.588235294118,55,5,0.669988925803
2020-01-08,Consumer,16,4,0.8,True,0.568888888889,114,5,0.752518818761
2020-01-08,Energy,17,5,1,True,0.83768115942,112,5,0.854495912807
2020-01-08,Financials,4,3,0.6,True,0.533333333333,47,5,0.946038543897
2020-01-08,Healthcare,13,3,0.6,True,0.371428571429,69,5,0.804902789518
2020-01-08,Industrials,12,3,0.6,True,0.464516129032,59,5,0.610166520596
2020-01-08,Materials,6,2,0.4,True,0.36,28,5,0.598473282443
2020-01-08,RealEstate,3,2,0.4,True,0.36,17,5,0.664367816092
2020-01-08,Tech,22,4,0.8,True,0.562790697674,98,5,0.603645505971
2020-01-08,Utilities,3,3,0.6,True,0.6,15,5,0.762711864407
2020-01-09,Comm,6,5,1,True,0.9,61,5,0.709437559581
2020-01-09,Consumer,25,5,1,True,0.786163522013,139,5,0.792331351241
2020-01-09,Energy,10,4,0.8,True,0.588235294118,122,5,0.841379310345
2020-01-09,Financials,11,5,1,True,0.654054054054,58,5,0.952974504249
2020-01-09,Healthcare,8,3,0.6,True,0.492307692308,77,5,0.801757944557
2020-01-09,Industrials,9,5,1,True,0.852631578947,68,5,0.666282420749
2020-01-09,Materials,6,3,0.6,True,0.514285714286,34,5,0.589795918367
2020-01-09,RealEstate,1,1,0.2,True,0.2,18,5,0.623076923077
2020-01-09,Tech,17,5,1,True,0.770666666667,115,5,0.628116836856
2020-01-09,Utilities,5,4,0.8,True,0.714285714286,20,5,0.816326530612
2020-01-10,Comm,8,4,0.8,True,0.711111111111,69,5,0.720817562453
2020-01-10,Consumer,15,5,1,True,0.762711864407,154,5,0.798787470529
2020-01-10,Energy,15,5,1,True,0.849056603774,137,5,0.855274550011
2020-01-10,Financials,7,3,0.6,True,0.466666666667,65,5,0.93164277839
2020-01-10,Healthcare,12,5,1,True,0.9,89,5,0.84221158958
2020-01-10,Industrials,8,3,0.6,True,0.533333333333,76,5,0.656363636364
2020-01-10,Materials,4,4,0.8,True,0.8,38,5,0.625108225108
2020-01-10,RealEstate,6,5,1,True,0.9,24,5,0.757894736842
2020-01-10,Tech,21,4,0.8,True,0.780530973451,136,5,0.685799035966
2020-01-10,Utilities,7,4,0.8,True,0.653333333333,27,5,0.796721311475
2020-01-13,Comm,14,2,0.4,True,0.392,83,5,0.679053721045
2020-01-13,Consumer,29,5,1,True,0.654474708171,183,5,0.793108348135
2020-01-13,Energy,19,5,1,True,0.67476635514,156,5,0.840041422161
2020-01-13,Financials,33,5,1,True,0.743344709898,98,5,0.885161290323
2020-01-13,Healthcare,24,5,1,True,0.9,113,5,0.891378708551
2020-01-13,Industrials,10,4,0.8,True,0.47619047619,86,5,0.633761782348
2020-01-13,Materials,4,2,0.4,True,0.32,42,5,0.591946308725
2020-01-13,RealEstate,3,1,0.2,True,0.2,27,5,0.659728506787
2020-01-13,Tech,39,5,1,True,0.702540415704,175,5,0.731692748776
2020-01-13,Utilities,6,4,0.8,True,0.6,33,5,0.775088967972
2020-01-14,Comm,4,2,0.4,True,0.32,87,5,0.698569450854
2020-01-14,Consumer,19,5,1,True,0.459872611465,202,5,0.772071901608
2020-01-14,Energy,23,5,1,True,0.936283185841,179,5,0.869380002713
2020-01-14,Financials,38,5,1,True,0.544905660377,136,5,0.798273629694
2020-01-14,Healthcare,9,4,0.8,True,0.704347826087,122,5,0.898792270531
2020-01-14,Industrials,10,3,0.6,True,0.47619047619,96,5,0.633402061856
2020-01-14,Materials,4,2,0.4,True,0.4,46,5,0.587777777778
2020-01-14,RealEstate,2,1,0.2,True,0.2,29,5,0.607220216606
2020-01-14,Tech,12,3,0.6,True,0.533333333333,187,5,0.719897066392
2020-01-14,Utilities,5,3,0.6,True,0.555555555556,38,5,0.772192513369
2020-01-15,Comm,9,3,0.6,True,0.558620689655,96,5,0.688274831964
2020-01-15,Consumer,27,4,0.8,True,0.508013937282,229,5,0.739908289242
2020-01-15,Energy,13,5,1,True,0.913513513514,192,5,0.88658008658
2020-01-15,Financials,36,5,1,True,0.757894736842,172,5,0.849870726803
2020-01-15,Healthcare,12,3,0.6,True,0.6,134,5,0.883661417323
2020-01-15,Industrials,10,4,0.8,True,0.714285714286,106,5,0.649104563836
2020-01-15,Materials,4,2,0.4,True,0.32,50,5,0.631313131313
2020-01-15,RealEstate,7,2,0.4,True,0.392,36,5,0.611320754717
2020-01-15,Tech,24,5,1,True,0.606315789474,211,5,0.72633983196
2020-01-15,Utilities,10,4,0.8,True,0.47619047619,48,5,0.72
2020-01-16,Comm,17,4,0.8,True,0.649438202247,113,5,0.691150202977
2020-01-16,Consumer,19,4,0.8,True,0.478145695364,248,5,0.717750029175
2020-01-16,Energy,13,3,0.6,True,0.450666666667,205,5,0.863379558295
2020-01-16,Financials,46,5,1,True,0.529,218,5,0.860162895928
2020-01-16,Healthcare,8,4,0.8,True,0.581818181818,142,5,0.881679055531
2020-01-16,Industrials,4,2,0.4,True,0.32,110,5,0.633507853403
2020-01-16,Materials,4,4,0.8,True,0.8,54,5,0.655280898876
2020-01-16,RealEstate,3,3,0.6,True,0.6,39,5,0.640421052632
2020-01-16,Tech,19,4,0.8,True,0.5776,230,5,0.718067055789
2020-01-16,Utilities,11,4,0.8,True,0.733333333333,59,5,0.73207150368
2020-01-17,Comm,8,3,0.6,True,0.426666666667,121,5,0.683679663787
2020-01-17,Consumer,23,5,1,True,0.783703703704,271,5,0.726024417972
2020-01-17,Energy,31,4,0.8,True,0.494087403599,236,5,0.856334563346
2020-01-17,Financials,17,5,1,True,0.502608695652,235,5,0.861477263864
2020-01-17,Healthcare,11,3,0.6,True,0.49387755102,153,5,0.880865475071
2020-01-17,Industrials,12,4,0.8,True,0.576,122,5,0.632016985138
2020-01-17,Materials,5,3,0.6,True,0.555555555556,59,5,0.654938852305
2020-01-17,RealEstate,3,2,0.4,True,0.36,42,5,0.616783216783
2020-01-17,Tech,38,5,1,True,0.793406593407,268,5,0.74731037353
2020-01-17,Utilities,17,5,1,True,0.530275229358,76,5,0.743371943372
2020-01-21,Comm,19,4,0.8,True,0.437575757576,140,5,0.670314637483
2020-01-21,Consumer,51,5,1,True,0.437510513036,322,5,0.680966767372
2020-01-21,Energy,28,4,0.8,True,0.598473282443,264,5,0.847676964242
2020-01-21,Financials,29,5,1,True,0.871502590674,264,5,0.869135802469
2020-01-21,Healthcare,21,5,1,True,0.809174311927,174,5,0.876548928778
2020-01-21,Industrials,16,5,1,True,0.64,138,5,0.646875
2020-01-21,Materials,11,4,0.8,True,0.654054054054,70,5,0.702005730659
2020-01-21,RealEstate,7,3,0.6,True,0.515789473684,49,5,0.616431322208
2020-01-21,Tech,44,5,1,True,0.404175365344,312,5,0.710955302366
2020-01-21,Utilities,15,5,1,True,0.569620253165,91,5,0.745029239766
2020-01-22,Comm,4,3,0.6,True,0.533333333333,144,5,0.668687520155
2020-01-22,Consumer,32,5,1,True,0.644025157233,354,5,0.679182700125
2020-01-22,Energy,11,4,0.8,True,0.691428571429,275,5,0.848622566347
2020-01-22,Financials,4,3,0.6,True,0.533333333333,268,5,0.87804400978
2020-01-22,Healthcare,13,4,0.8,True,0.450666666667,187,5,0.914102731669
2020-01-22,Industrials,12,3,0.6,True,0.436363636364,150,5,0.628842929011
2020-01-22,Materials,4,3,0.6,True,0.533333333333,74,5,0.735033557047
2020-01-22,RealEstate,7,3,0.6,True,0.466666666667,56,5,0.664406779661
2020-01-22,Tech,14,4,0.8,True,0.369811320755,326,5,0.697120367334
2020-01-22,Utilities,18,4,0.8,True,0.661224489796,109,5,0.740018685768
2020-01-23,Comm,22,5,1,True,0.432142857143,166,5,0.666569908079
2020-01-23,Consumer,22,5,1,True,0.681690140845,376,5,0.680903530318
2020-01-23,Energy,17,5,1,True,0.791780821918,292,5,0.852981192477
2020-01-23,Financials,14,5,1,True,0.7,282,5,0.879495686795
2020-01-23,Healthcare,20,5,1,True,0.701754385965,207,5,0.906569343066
2020-01-23,Industrials,14,4,0.8,True,0.576470588235,164,5,0.627971048331
2020-01-23,Materials,9,5,1,True,0.704347826087,83,5,0.763324099723
2020-01-23,RealEstate,4,3,0.6,True,0.533333333333,60,5,0.676691729323
2020-01-23,Tech,36,5,1,True,0.344680851064,362,5,0.668353139185
2020-01-23,Utilities,8,4,0.8,True,0.711111111111,117,5,0.73934647583
2020-01-24,Comm,24,4,0.8,True,0.61935483871,190,5,0.665928795425
2020-01-24,Consumer,23,5,1,True,0.531658291457,399,5,0.672685018909
2020-01-24,Energy,14,5,1,True,0.933333333333,306,5,0.861258278146
2020-01-24,Financials,6,3,0.6,True,0.6,288,5,0.882007656316
2020-01-24,Healthcare,14,5,1,True,0.816666666667,221,5,0.904714272483
2020-01-24,Industrials,11,3,0.6,True,0.562790697674,175,5,0.62685497902
2020-01-24,Materials,11,3,0.6,True,0.474509803922,94,5,0.798193315266
2020-01-24,RealEstate,5,2,0.4,True,0.384615384615,65,5,0.692055692056
2020-01-24,Tech,46,5,1,True,0.406142034549,408,5,0.63608712266
2020-01-24,Utilities,28,5,1,True,0.478048780488,145,5,0.705655311294
2020-01-27,Comm,20,4,0.8,True,0.512820512821,210,5,0.653333333333
2020-01-27,Consumer,42,5,1,True,0.673282442748,441,5,0.680229446844
2020-01-27,Energy,22,5,1,True,0.78064516129,328,5,0.864128514056
2020-01-27,Financials,5,3,0.6,True,0.454545454545,293,5,0.889120190565
2020-01-27,Healthcare,23,5,1,True,0.761151079137,244,5,0.899607132064
2020-01-27,Industrials,18,5,1,True,0.753488372093,193,5,0.653663244714
2020-01-27,Materials,14,4,0.8,True,0.593939393939,108,5,0.794550408719
2020-01-27,RealEstate,6,3,0.6,True,0.514285714286,71,5,0.69102124743
2020-01-27,Tech,31,5,1,True,0.614057507987,439,5,0.635340465162
2020-01-27,Utilities,21,4,0.8,True,0.616783216783,166,5,0.69779691061
2020-01-28,Comm,15,4,0.8,True,0.762711864407,225,5,0.669953020578
2020-01-28,Consumer,37,4,0.8,True,0.455574043261,478,5,0.690179731158
2020-01-28,Energy,6,2,0.4,True,0.4,334,5,0.858585392134
2020-01-28,Financials,10,4,0.8,True,0.384615384615,303,5,0.878344893566
2020-01-28,Healthcare,12,5,1,True,0.847058823529,256,5,0.900343453771
2020-01-28,Industrials,34,4,0.8,True,0.379016393443,227,5,0.736391568417
2020-01-28,Materials,16,5,1,True,0.948148148148,124,5,0.825335480408
2020-01-28,RealEstate,4,3,0.6,True,0.533333333333,75,5,0.683890577508
2020-01-28,Tech,30,4,0.8,True,0.520231213873,469,5,0.631373336969
2020-01-28,Utilities,14,4,0.8,True,0.675862068966,180,5,0.721764312765
2020-01-29,Comm,11,4,0.8,True,0.562790697674,236,5,0.667337646777
2020-01-29,Consumer,35,5,1,True,0.515789473684,513,5,0.710509051148
2020-01-29,Energy,13,4,0.8,True,0.637735849057,347,5,0.856485400292
2020-01-29,Financials,7,4,0.8,True,0.515789473684,310,5,0.88181317673
2020-01-29,Healthcare,12,5,1,True,0.72,268,5,0.894334453991
2020-01-29,Industrials,28,4,0.8,True,0.653333333333,255,5,0.737621235324
2020-01-29,Materials,20,3,0.6,True,0.37037037037,144,5,0.78934145413
2020-01-29,RealEstate,5,3,0.6,True,0.555555555556,80,5,0.717488789238
2020-01-29,Tech,33,4,0.8,True,0.413282732448,502,5,0.632365561717
2020-01-29,Utilities,11,4,0.8,True,0.654054054054,191,5,0.730569740663
2020-01-30,Comm,18,4,0.8,True,0.410126582278,254,5,0.690084501016
2020-01-30,Consumer,40,5,1,True,0.557491289199,553,5,0.739517562421
2020-01-30,Energy,15,4,0.8,True,0.633802816901,362,5,0.850272514923
2020-01-30,Financials,9,3,0.6,True,0.558620689655,319,5,0.889402613294
2020-01-30,Healthcare,16,3,0.6,True,0.382089552239,284,5,0.907368657892
2020-01-30,Industrials,13,4,0.8,True,0.637735849057,268,5,0.763841327236
2020-01-30,Materials,32,4,0.8,True,0.598830409357,176,5,0.820338983051
2020-01-30,RealEstate,7,5,1,True,0.753846153846,87,5,0.724652943992
2020-01-30,Tech,21,4,0.8,True,0.625531914894,523,5,0.634424613529
2020-01-30,Utilities,11,4,0.8,True,0.620512820513,202,5,0.729946332737
2020-01-31,Comm,15,4,0.8,True,0.354330708661,269,5,0.704757730704
2020-01-31,Consumer,25,4,0.8,True,0.581395348837,578,5,0.745606713237
2020-01-31,Energy,31,5,1,True,0.496640826873,393,5,0.841156768238
2020-01-31,Financials,12,4,0.8,True,0.496551724138,331,5,0.903707675176
2020-01-31,Healthcare,25,4,0.8,True,0.468164794007,309,5,0.913125806914
2020-01-31,Industrials,26,5,1,True,0.329756097561,294,5,0.812215748919
2020-01-31,Materials,15,4,0.8,True,0.762711864407,191,5,0.822292347571
2020-01-31,RealEstate,4,3,0.6,True,0.533333333333,91,5,0.74975101856
2020-01-31,Tech,15,4,0.8,True,0.473684210526,538,5,0.630555737098
2020-01-31,Utilities,9,4,0.8,True,0.704347826087,211,5,0.731110928648
2020-02-03,Comm,21,5,1,True,0.643795620438,279,5,0.711298944579
2020-02-03,Consumer,39,5,1,True,0.534622144112,595,5,0.725572577753
2020-02-03,Energy,25,5,1,True,0.6038647343,397,5,0.837165697288
2020-02-03,Financials,6,4,0.8,True,0.72,325,5,0.911149450075
2020-02-03,Healthcare,51,5,1,True,0.485714285714,337,5,0.854834217756
2020-02-03,Industrials,14,5,1,True,0.816666666667,295,5,0.824764251528
2020-02-03,Materials,12,4,0.8,True,0.576,196,5,0.824024024024
2020-02-03,RealEstate,3,2,0.4,True,0.36,91,5,0.74975101856
2020-02-03,Tech,11,3,0.6,True,0.456603773585,524,5,0.621367308606
2020-02-03,Utilities,14,4,0.8,True,0.632258064516,224,5,0.733781807546
2020-02-04,Comm,17,5,1,True,0.608421052632,293,5,0.7237617502
2020-02-04,Consumer,52,5,1,True,0.457529610829,637,5,0.702818938416
2020-02-04,Energy,20,5,1,True,0.701754385965,389,5,0.868487961661
2020-02-04,Financials,6,4,0.8,True,0.72,323,5,0.912405439678
2020-02-04,Healthcare,26,4,0.8,True,0.300444444444,357,5,0.819159944725
2020-02-04,Industrials,11,4,0.8,True,0.691428571429,299,5,0.822115959354
2020-02-04,Materials,7,4,0.8,True,0.753846153846,200,5,0.815827044667
2020-02-04,RealEstate,8,4,0.8,True,0.711111111111,94,5,0.755859709153
2020-02-04,Tech,20,5,1,True,0.645161290323,527,5,0.62648229814
2020-02-04,Utilities,7,4,0.8,True,0.753846153846,227,5,0.743403303758
2020-02-05,Comm,12,4,0.8,True,0.533333333333,289,5,0.762505135345
2020-02-05,Consumer,43,4,0.8,True,0.452631578947,636,5,0.678308989989
2020-02-05,Energy,18,5,1,True,0.736363636364,373,5,0.859112661706
2020-02-05,Financials,4,3,0.6,True,0.533333333333,315,5,0.91371610111
2020-02-05,Healthcare,50,5,1,True,0.572082379863,395,5,0.794647177163
2020-02-05,Industrials,12,4,0.8,True,0.685714285714,297,5,0.846007768666
2020-02-05,Materials,9,4,0.8,True,0.522580645161,200,5,0.799520287827
2020-02-05,RealEstate,3,1,0.2,True,0.2,93,5,0.695536791315
2020-02-05,Tech,32,4,0.8,True,0.581818181818,546,5,0.64477030885
2020-02-05,Utilities,18,5,1,True,0.875675675676,239,5,0.771540487607
2020-02-06,Comm,19,5,1,True,0.793406593407,303,5,0.77682447011
2020-02-06,Consumer,24,4,0.8,True,0.340828402367,638,5,0.659233946069
2020-02-06,Energy,11,4,0.8,True,0.620512820513,372,5,0.850808484476
2020-02-06,Financials,11,5,1,True,0.654054054054,315,5,0.914389715708
2020-02-06,Healthcare,25,5,1,True,0.581395348837,405,5,0.764311176347
2020-02-06,Industrials,6,2,0.4,True,0.4,290,5,0.859215365754
2020-02-06,Materials,14,4,0.8,True,0.435555555556,211,5,0.785272069847
2020-02-06,RealEstate,7,4,0.8,True,0.653333333333,98,5,0.712991833705
2020-02-06,Tech,22,5,1,True,0.620512820513,547,5,0.646093218601
2020-02-06,Utilities,12,4,0.8,True,0.8,250,5,0.776686964086
2020-02-07,Comm,13,4,0.8,True,0.689795918367,296,5,0.78375525539
2020-02-07,Consumer,21,4,0.8,True,0.330337078652,643,5,0.646109969449
2020-02-07,Energy,14,5,1,True,0.784,369,5,0.836909554688
2020-02-07,Financials,9,3,0.6,True,0.558620689655,320,5,0.921858120274
2020-02-07,Healthcare,25,5,1,True,0.586854460094,417,5,0.760486322188
2020-02-07,Industrials,6,2,0.4,True,0.276923076923,284,5,0.860789754536
2020-02-07,Materials,9,3,0.6,True,0.39512195122,214,5,0.766716892684
2020-02-07,RealEstate,3,2,0.4,True,0.36,98,5,0.712991833705
2020-02-07,Tech,13,5,1,True,0.572881355932,538,5,0.642908864752
2020-02-07,Utilities,11,4,0.8,True,0.733333333333,258,5,0.774540377007
2020-02-10,Comm,20,4,0.8,True,0.714285714286,310,5,0.787188728702
2020-02-10,Consumer,37,5,1,True,0.527552986513,655,5,0.622402274755
2020-02-10,Energy,11,5,1,True,0.896296296296,370,5,0.84962452678
2020-02-10,Financials,6,3,0.6,True,0.514285714286,315,5,0.920497240132
2020-02-10,Healthcare,25,4,0.8,True,0.609756097561,434,5,0.756692913386
2020-02-10,Industrials,19,4,0.8,True,0.638938053097,294,5,0.845091904576
2020-02-10,Materials,7,5,1,True,0.753846153846,215,5,0.770480873406
2020-02-10,RealEstate,13,4,0.8,True,0.71914893617,110,5,0.770210057288
2020-02-10,Tech,24,5,1,True,0.748051948052,545,5,0.644382735467
2020-02-10,Utilities,10,4,0.8,True,0.666666666667,263,5,0.770127484273
2020-02-11,Comm,24,4,0.8,True,0.364556962025,326,5,0.828017140631
2020-02-11,Consumer,28,5,1,True,0.522666666667,668,5,0.609837230597
2020-02-11,Energy,21,5,1,True,0.824299065421,376,5,0.854287268113
2020-02-11,Financials,11,4,0.8,True,0.44,319,5,0.930386285714
2020-02-11,Healthcare,17,3,0.6,True,0.368152866242,439,5,0.733016374113
2020-02-11,Industrials,7,4,0.8,True,0.653333333333,293,5,0.850200544689
2020-02-11,Materials,14,5,1,True,0.6125,225,5,0.758143017596
2020-02-11,RealEstate,14,3,0.6,True,0.455813953488,118,5,0.727861996864
2020-02-11,Tech,28,4,0.8,True,0.712727272727,552,5,0.635514954324
2020-02-11,Utilities,26,4,0.8,True,0.524031007752,282,5,0.780029426189
2020-02-12,Comm,18,5,1,True,0.611320754717,330,5,0.860597439545
2020-02-12,Consumer,26,5,1,True,0.427848101266,665,5,0.599054463191
2020-02-12,Energy,17,5,1,True,0.664367816092,374,5,0.845121140717
2020-02-12,Financials,6,4,0.8,True,0.6,292,5,0.937379067722
2020-02-12,Healthcare,15,4,0.8,True,0.542168674699,430,5,0.717027959825
2020-02-12,Industrials,7,5,1,True,0.753846153846,290,5,0.860534124629
2020-02-12,Materials,4,4,0.8,True,0.8,225,5,0.752732138874
2020-02-12,RealEstate,5,2,0.4,True,0.384615384615,120,5,0.732079308592
2020-02-12,Tech,15,4,0.8,True,0.737704918033,528,5,0.634667395165
2020-02-12,Utilities,17,4,0.8,True,0.520720720721,293,5,0.787352684918
2020-02-13,Comm,20,5,1,True,0.754716981132,346,5,0.864875018061
2020-02-13,Consumer,37,5,1,True,0.679404466501,683,5,0.607894342475
2020-02-13,Energy,22,4,0.8,True,0.722388059701,373,5,0.830744887297
2020-02-13,Financials,12,5,1,True,0.96,266,5,0.951021505376
2020-02-13,Healthcare,14,5,1,True,0.725925925926,435,5,0.709624796085
2020-02-13,Industrials,14,5,1,True,0.52972972973,294,5,0.869140271493
2020-02-13,Materials,13,3,0.6,True,0.50447761194,234,5,0.746299577484
2020-02-13,RealEstate,12,4,0.8,True,0.626086956522,130,5,0.782045349375
2020-02-13,Tech,19,4,0.8,True,0.504895104895,535,5,0.659284340485
2020-02-13,Utilities,28,4,0.8,True,0.526174496644,316,5,0.793830988155
2020-02-14,Comm,1,1,0.2,True,0.2,338,5,0.869238377844
2020-02-14,Consumer,23,5,1,True,0.795488721805,679,5,0.620199764587
2020-02-14,Energy,12,4,0.8,True,0.626086956522,372,5,0.823371214375
2020-02-14,Financials,7,3,0.6,True,0.515789473684,237,5,0.943778879274
2020-02-14,Healthcare,7,4,0.8,True,0.753846153846,430,5,0.71079844693
2020-02-14,Industrials,13,5,1,True,0.824390243902,297,5,0.868583526168
2020-02-14,Materials,10,3,0.6,True,0.555555555556,240,5,0.741694566057
2020-02-14,RealEstate,9,4,0.8,True,0.522580645161,132,5,0.806666666667
2020-02-14,Tech,45,4,0.8,True,0.390549662488,556,5,0.7051138178
2020-02-14,Utilities,19,4,0.8,True,0.662385321101,325,5,0.799492866064
2020-02-18,Comm,23,5,1,True,0.860162601626,344,5,0.877538005191
2020-02-18,Consumer,54,5,1,True,0.603726708075,714,5,0.62697823146
2020-02-18,Energy,22,5,1,True,0.849122807018,381,5,0.839784790721
2020-02-18,Financials,20,5,1,True,0.851063829787,211,5,0.946148124535
2020-02-18,Healthcare,30,4,0.8,True,0.491803278689,452,5,0.691899214305
2020-02-18,Industrials,5,3,0.6,True,0.555555555556,298,5,0.872252234555
2020-02-18,Materials,24,5,1,True,0.654545454545,260,5,0.733905113451
2020-02-18,RealEstate,14,4,0.8,True,0.675862068966,143,5,0.793673588201
2020-02-18,Tech,28,5,1,True,0.670085470085,565,5,0.708200685517
2020-02-18,Utilities,33,4,0.8,True,0.714098360656,347,5,0.802753425114
2020-02-19,Comm,7,2,0.4,True,0.392,343,5,0.885211241112
2020-02-19,Consumer,20,5,1,True,0.816326530612,711,5,0.631352762288
2020-02-19,Energy,9,4,0.8,True,0.6,359,5,0.840519124792
2020-02-19,Financials,8,4,0.8,True,0.64,202,5,0.93032375741
2020-02-19,Healthcare,19,5,1,True,0.65045045045,460,5,0.709424347068
2020-02-19,Industrials,6,4,0.8,True,0.6,292,5,0.877472470927
2020-02-19,Materials,8,3,0.6,True,0.533333333333,263,5,0.742435463962
2020-02-19,RealEstate,11,5,1,True,0.896296296296,151,5,0.810702222222
2020-02-19,Tech,28,5,1,True,0.843010752688,555,5,0.708144146215
2020-02-19,Utilities,13,3,0.6,True,0.274796747967,343,5,0.782474809617
2020-02-20,Comm,15,3,0.6,True,0.505617977528,339,5,0.894918817895
2020-02-20,Consumer,18,5,1,True,0.704347826087,678,5,0.65147035898
2020-02-20,Energy,8,3,0.6,True,0.533333333333,339,5,0.83436308854
2020-02-20,Financials,43,4,0.8,True,0.2807896735,216,5,0.9607907743
2020-02-20,Healthcare,11,3,0.6,True,0.537777777778,450,5,0.714411712824
2020-02-20,Industrials,10,4,0.8,True,0.47619047619,286,5,0.887832410724
2020-02-20,Materials,18,3,0.6,True,0.410126582278,270,5,0.760404714718
2020-02-20,RealEstate,13,4,0.8,True,0.662745098039,157,5,0.823967909076
2020-02-20,Tech,30,5,1,True,0.6,541,5,0.727347506803
2020-02-20,Utilities,27,5,1,True,0.659728506787,355,5,0.794634130963
2020-02-21,Comm,7,3,0.6,True,0.576470588235,342,5,0.893878486817
2020-02-21,Consumer,22,4,0.8,True,0.681690140845,668,5,0.662338394858
2020-02-21,Energy,15,5,1,True,0.918367346939,343,5,0.83810507569
2020-02-21,Financials,19,5,1,True,0.67476635514,231,5,0.952279825109
2020-02-21,Healthcare,14,4,0.8,True,0.478048780488,451,5,0.694402813103
2020-02-21,Industrials,7,5,1,True,0.890909090909,281,5,0.898151623727
2020-02-21,Materials,9,3,0.6,True,0.39512195122,275,5,0.766249556715
2020-02-21,RealEstate,5,4,0.8,True,0.714285714286,155,5,0.808242220353
2020-02-21,Tech,16,5,1,True,0.64,543,5,0.739349791246
2020-02-21,Utilities,10,2,0.4,True,0.4,347,5,0.795540286082
2020-02-24,Comm,10,3,0.6,True,0.434782608696,330,5,0.888471893612
2020-02-24,Consumer,28,5,1,True,0.632258064516,674,5,0.661226747402
2020-02-24,Energy,24,5,1,True,0.78904109589,350,5,0.838983631258
2020-02-24,Financials,15,4,0.8,True,0.714285714286,232,5,0.937210517151
2020-02-24,Healthcare,28,5,1,True,0.455813953488,459,5,0.678183193575
2020-02-24,Industrials,21,5,1,True,0.928421052632,288,5,0.912274527057
2020-02-24,Materials,22,5,1,True,0.768253968254,288,5,0.784637215022
2020-02-24,RealEstate,7,3,0.6,True,0.466666666667,158,5,0.813955004891
2020-02-24,Tech,24,5,1,True,0.70243902439,531,5,0.773460066658
2020-02-24,Utilities,13,5,1,True,0.786046511628,352,5,0.799845071332
2020-02-25,Comm,5,3,0.6,True,0.454545454545,311,5,0.889674837879
2020-02-25,Consumer,29,5,1,True,0.649420849421,680,5,0.66812119811
2020-02-25,Energy,17,5,1,True,0.83768115942,353,5,0.841583088508
2020-02-25,Financials,15,5,1,True,0.737704918033,241,5,0.931456980194
2020-02-25,Healthcare,24,5,1,True,0.342857142857,469,5,0.65310055078
2020-02-25,Industrials,9,4,0.8,True,0.704347826087,286,5,0.910057854918
2020-02-25,Materials,6,3,0.6,True,0.514285714286,283,5,0.778507897934
2020-02-25,RealEstate,18,4,0.8,True,0.549152542373,171,5,0.807204968944
2020-02-25,Tech,15,5,1,True,0.957446808511,500,5,0.811135264917
2020-02-25,Utilities,12,4,0.8,True,0.757894736842,336,5,0.80865267531
2020-02-26,Comm,10,4,0.8,True,0.47619047619,301,5,0.891873800266
2020-02-26,Consumer,49,5,1,True,0.651560379919,687,5,0.668610770724
2020-02-26,Energy,17,5,1,True,0.696385542169,348,5,0.844224468456
2020-02-26,Financials,15,5,1,True,0.882352941176,251,5,0.93870222752
2020-02-26,Healthcare,32,5,1,True,0.578531073446,478,5,0.646092071033
2020-02-26,Industrials,15,3,0.6,True,0.555555555556,283,5,0.910360897982
2020-02-26,Materials,4,3,0.6,True,0.533333333333,273,5,0.790548926014
2020-02-26,RealEstate,22,5,1,True,0.681690140845,187,5,0.821350557839
2020-02-26,Tech,20,5,1,True,0.701754385965,489,5,0.814403215095
2020-02-26,Utilities,5,2,0.4,True,0.384615384615,320,5,0.808591282375
2020-02-27,Comm,8,4,0.8,True,0.64,294,5,0.891644316072
2020-02-27,Consumer,30,5,1,True,0.782608695652,680,5,0.675223784699
2020-02-27,Energy,32,5,1,True,0.832520325203,374,5,0.863165689602
2020-02-27,Financials,16,5,1,True,0.825806451613,257,5,0.928763270759
2020-02-27,Healthcare,37,5,1,True,0.410494752624,503,5,0.617735457486
2020-02-27,Industrials,12,4,0.8,True,0.685714285714,261,5,0.896859982885
2020-02-27,Materials,12,4,0.8,True,0.496551724138,269,5,0.773459462348
2020-02-27,RealEstate,19,4,0.8,True,0.422222222222,202,5,0.825490592757
2020-02-27,Tech,24,5,1,True,0.944262295082,483,5,0.839697651399
2020-02-27,Utilities,21,5,1,True,0.728925619835,327,5,0.808506294658
2020-02-28,Comm,17,5,1,True,0.696385542169,300,5,0.899730080976
2020-02-28,Consumer,26,5,1,True,0.92602739726,671,5,0.670026414673
2020-02-28,Energy,26,5,1,True,0.759550561798,387,5,0.866242517135
2020-02-28,Financials,16,4,0.8,True,0.595348837209,266,5,0.938532961931
2020-02-28,Healthcare,27,5,1,True,0.351325301205,518,5,0.597803275036
2020-02-28,Industrials,16,4,0.8,True,0.568888888889,249,5,0.895644637053
2020-02-28,Materials,8,3,0.6,True,0.492307692308,257,5,0.786906534819
2020-02-28,RealEstate,19,5,1,True,0.65045045045,216,5,0.824019780996
2020-02-28,Tech,9,3,0.6,True,0.462857142857,459,5,0.841629881154
2020-02-28,Utilities,12,4,0.8,True,0.757894736842,328,5,0.811158863002
2020-03-02,Comm,17,4,0.8,True,0.68,299,5,0.889872094759
2020-03-02,Consumer,40,5,1,True,0.608365019011,671,5,0.658078707933
2020-03-02,Energy,16,4,0.8,True,0.711111111111,388,5,0.869593345656
2020-03-02,Financials,11,4,0.8,True,0.733333333333,268,5,0.926880887856
2020-03-02,Healthcare,46,5,1,True,0.386837294333,548,5,0.562335449319
2020-03-02,Industrials,8,4,0.8,True,0.64,244,5,0.879799024679
2020-03-02,Materials,12,5,1,True,0.8,237,5,0.776512061934
2020-03-02,RealEstate,14,3,0.6,True,0.56,223,5,0.815296335765
2020-03-02,Tech,20,5,1,True,0.93023255814,458,5,0.85610970533
2020-03-02,Utilities,13,5,1,True,0.751111111111,330,5,0.815180777004
2020-03-03,Comm,11,4,0.8,True,0.562790697674,295,5,0.869684704942
2020-03-03,Consumer,28,5,1,True,0.64262295082,674,5,0.651207729469
2020-03-03,Energy,23,5,1,True,0.750354609929,380,5,0.885183595905
2020-03-03,Financials,16,5,1,True,0.775757575758,272,5,0.924453330001
2020-03-03,Healthcare,19,5,1,True,0.398895027624,542,5,0.530154662432
2020-03-03,Industrials,5,2,0.4,True,0.384615384615,223,5,0.875587639757
2020-03-03,Materials,8,3,0.6,True,0.426666666667,230,5,0.782775969222
2020-03-03,RealEstate,6,3,0.6,True,0.4,225,5,0.809935205184
2020-03-03,Tech,24,5,1,True,0.61935483871,467,5,0.867929559248
2020-03-03,Utilities,9,4,0.8,True,0.648,330,5,0.812747219942
2020-03-04,Comm,7,4,0.8,True,0.653333333333,281,5,0.860001089147
2020-03-04,Consumer,24,5,1,True,0.654545454545,659,5,0.662685496731
2020-03-04,Energy,19,5,1,True,0.811235955056,374,5,0.892635609445
2020-03-04,Financials,14,5,1,True,0.753846153846,280,5,0.923548121098
2020-03-04,Healthcare,23,5,1,True,0.710067114094,514,5,0.542085068839
2020-03-04,Industrials,20,5,1,True,0.833333333333,229,5,0.879661159104
2020-03-04,Materials,4,3,0.6,True,0.533333333333,222,5,0.777840909091
2020-03-04,RealEstate,7,3,0.6,True,0.466666666667,229,5,0.80498887098
2020-03-04,Tech,18,5,1,True,0.771428571429,474,5,0.871884822849
2020-03-04,Utilities,10,4,0.8,True,0.555555555556,326,5,0.802870741104
2020-03-05,Comm,10,5,1,True,0.714285714286,274,5,0.858207590306
2020-03-05,Consumer,27,5,1,True,0.718226600985,634,5,0.682669836957
2020-03-05,Energy,20,5,1,True,0.754716981132,374,5,0.873842693821
2020-03-05,Financials,17,5,1,True,0.635164835165,291,5,0.915816795544
2020-03-05,Healthcare,22,4,0.8,True,0.488888888889,510,5,0.55845410628
2020-03-05,Industrials,12,4,0.8,True,0.685714285714,230,5,0.878008298755
2020-03-05,Materials,8,3,0.6,True,0.581818181818,223,5,0.774414077708
2020-03-05,RealEstate,3,3,0.6,True,0.6,224,5,0.804489337823
2020-03-05,Tech,14,5,1,True,0.753846153846,468,5,0.880498492462
2020-03-05,Utilities,7,4,0.8,True,0.653333333333,326,5,0.807691138471
2020-03-06,Comm,6,2,0.4,True,0.36,268,5,0.817947841931
2020-03-06,Consumer,26,4,0.8,True,0.568067226891,617,5,0.714566733301
2020-03-06,Energy,29,5,1,True,0.644444444444,385,5,0.862952289465
2020-03-06,Financials,17,4,0.8,True,0.583838383838,304,5,0.900389711613
2020-03-06,Healthcare,19,3,0.6,True,0.422222222222,479,5,0.542279103296
2020-03-06,Industrials,9,4,0.8,True,0.704347826087,227,5,0.866980735257
2020-03-06,Materials,7,4,0.8,True,0.653333333333,221,5,0.779025440625
2020-03-06,RealEstate,3,2,0.4,True,0.36,224,5,0.805522555787
2020-03-06,Tech,25,5,1,True,0.581395348837,461,5,0.854957256361
2020-03-06,Utilities,12,4,0.8,True,0.72,320,5,0.792385668962
2020-03-09,Comm,16,4,0.8,True,0.65641025641,265,5,0.802800800229
2020-03-09,Consumer,31,5,1,True,0.719850187266,624,5,0.730989167777
2020-03-09,Energy,54,5,1,True,0.842774566474,428,5,0.869448004177
2020-03-09,Financials,25,5,1,True,0.786163522013,318,5,0.883410500568
2020-03-09,Healthcare,34,5,1,True,0.491914893617,488,5,0.538872672143
2020-03-09,Industrials,13,5,1,True,0.71914893617,234,5,0.861214218308
2020-03-09,Materials,17,4,0.8,True,0.583838383838,224,5,0.776838519895
2020-03-09,RealEstate,7,4,0.8,True,0.653333333333,224,5,0.805651894669
2020-03-09,Tech,21,5,1,True,0.84,460,5,0.854017839125
2020-03-09,Utilities,12,4,0.8,True,0.757894736842,320,5,0.795216277083
2020-03-10,Comm,18,5,1,True,0.830769230769,270,5,0.795243809316
2020-03-10,Consumer,26,4,0.8,True,0.59298245614,629,5,0.739218818606
2020-03-10,Energy,48,5,1,True,0.626086956522,462,5,0.853059430079
2020-03-10,Financials,21,5,1,True,0.741176470588,330,5,0.872666079013
2020-03-10,Healthcare,19,3,0.6,True,0.27662835249,482,5,0.513037717516
2020-03-10,Industrials,12,5,1,True,0.72,240,5,0.877380045697
2020-03-10,Materials,10,4,0.8,True,0.666666666667,225,5,0.785919428704
2020-03-10,RealEstate,3,3,0.6,True,0.6,224,5,0.812303707301
2020-03-10,Tech,9,5,1,True,0.704347826087,456,5,0.8664
2020-03-10,Utilities,6,4,0.8,True,0.72,315,5,0.799782372144
2020-03-11,Comm,9,4,0.8,True,0.522580645161,259,5,0.79939224215
2020-03-11,Consumer,23,4,0.8,True,0.783703703704,615,5,0.754435656796
2020-03-11,Energy,33,5,1,True,0.642477876106,484,5,0.843740095087
2020-03-11,Financials,10,5,1,True,0.769230769231,334,5,0.873578700078
2020-03-11,Healthcare,22,5,1,True,0.628571428571,479,5,0.516090648372
2020-03-11,Industrials,14,4,0.8,True,0.576470588235,235,5,0.875683818283
2020-03-11,Materials,21,3,0.6,True,0.576470588235,239,5,0.760244892527
2020-03-11,RealEstate,7,5,1,True,0.890909090909,218,5,0.81474369964
2020-03-11,Tech,17,5,1,True,0.83768115942,449,5,0.878263521314
2020-03-11,Utilities,7,4,0.8,True,0.653333333333,312,5,0.798621708097
2020-03-12,Comm,12,3,0.6,True,0.533333333333,247,5,0.780715336874
2020-03-12,Consumer,47,5,1,True,0.576010430248,634,5,0.75586896837
2020-03-12,Energy,29,5,1,True,0.42582278481,492,5,0.81800486618
2020-03-12,Financials,22,5,1,True,0.896296296296,345,5,0.872137754167
2020-03-12,Healthcare,21,5,1,True,0.824299065421,483,5,0.538295049436
2020-03-12,Industrials,18,5,1,True,0.9,246,5,0.881771819904
2020-03-12,Materials,11,3,0.6,True,0.537777777778,236,5,0.751126095752
2020-03-12,RealEstate,6,4,0.8,True,0.72,210,5,0.822454308094
2020-03-12,Tech,26,5,1,True,0.532283464567,447,5,0.905362604499
2020-03-12,Utilities,26,4,0.8,True,0.777011494253,312,5,0.80059215396
2020-03-13,Comm,16,3,0.6,True,0.426666666667,245,5,0.748674773932
2020-03-13,Consumer,31,3,0.6,True,0.456532066508,639,5,0.754884868877
2020-03-13,Energy,30,5,1,True,0.511363636364,505,5,0.800995649921
2020-03-13,Financials,15,5,1,True,0.714285714286,354,5,0.85991902834
2020-03-13,Healthcare,15,4,0.8,True,0.555555555556,483,5,0.538655491289
2020-03-13,Industrials,9,5,1,True,0.852631578947,248,5,0.884313443566
2020-03-13,Materials,6,3,0.6,True,0.514285714286,238,5,0.743652356571
2020-03-13,RealEstate,6,4,0.8,True,0.72,211,5,0.828528891784
2020-03-13,Tech,37,5,1,True,0.607095343681,469,5,0.904984468536
2020-03-13,Utilities,7,4,0.8,True,0.653333333333,302,5,0.815559331128
2020-03-16,Comm,28,4,0.8,True,0.617322834646,253,5,0.728078257408
2020-03-16,Consumer,54,5,1,True,0.67656612529,656,5,0.754406325053
2020-03-16,Energy,42,5,1,True,0.643795620438,525,5,0.786029002866
2020-03-16,Financials,25,5,1,True,0.786163522013,367,5,0.851949777033
2020-03-16,Healthcare,21,4,0.8,True,0.616783216783,490,5,0.537412986548
2020-03-16,Industrials,23,5,1,True,0.807633587786,257,5,0.86661418356
2020-03-16,Materials,13,4,0.8,True,0.71914893617,238,5,0.748962052096
2020-03-16,RealEstate,13,4,0.8,True,0.450666666667,212,5,0.831834166204
2020-03-16,Tech,26,5,1,True,0.704166666667,476,5,0.893051121359
2020-03-16,Utilities,17,4,0.8,True,0.664367816092,291,5,0.821388040157
2020-03-17,Comm,17,4,0.8,True,0.73164556962,269,5,0.742811681979
2020-03-17,Consumer,36,5,1,True,0.815094339623,669,5,0.757006215908
2020-03-17,Energy,18,5,1,True,0.661224489796,531,5,0.785855432768
2020-03-17,Financials,15,5,1,True,0.849056603774,375,5,0.854733323203
2020-03-17,Healthcare,20,5,1,True,0.727272727273,503,5,0.545142906392
2020-03-17,Industrials,14,4,0.8,True,0.435555555556,258,5,0.843009118541
2020-03-17,Materials,11,3,0.6,True,0.456603773585,239,5,0.759436282656
2020-03-17,RealEstate,5,2,0.4,True,0.384615384615,208,5,0.826911314985
2020-03-17,Tech,21,5,1,True,0.794594594595,452,5,0.863426591159
2020-03-17,Utilities,7,4,0.8,True,0.653333333333,279,5,0.823322227511
2020-03-18,Comm,11,4,0.8,True,0.562790697674,257,5,0.725056259948
2020-03-18,Consumer,35,5,1,True,0.841924398625,650,5,0.777082950156
2020-03-18,Energy,29,5,1,True,0.828571428571,538,5,0.79046344594
2020-03-18,Financials,13,5,1,True,0.689795918367,368,5,0.846823411706
2020-03-18,Healthcare,25,3,0.6,True,0.389408099688,498,5,0.540337269598
2020-03-18,Industrials,17,5,1,True,0.73164556962,270,5,0.841024457776
2020-03-18,Materials,7,3,0.6,True,0.466666666667,222,5,0.746840430368
2020-03-18,RealEstate,4,2,0.4,True,0.32,198,5,0.824306139613
2020-03-18,Tech,21,5,1,True,0.794594594595,445,5,0.872145515404
2020-03-18,Utilities,6,4,0.8,True,0.72,252,5,0.82590714007
2020-03-19,Comm,14,5,1,True,0.852173913043,264,5,0.738383303316
2020-03-19,Consumer,34,5,1,True,0.645810055866,664,5,0.764793838575
2020-03-19,Energy,15,4,0.8,True,0.412844036697,544,5,0.778676489936
2020-03-19,Financials,10,4,0.8,True,0.666666666667,370,5,0.860302897002
2020-03-19,Healthcare,24,2,0.4,True,0.276923076923,503,5,0.506093914087
2020-03-19,Industrials,16,3,0.6,True,0.581818181818,280,5,0.836891545687
2020-03-19,Materials,13,4,0.8,True,0.662745098039,227,5,0.76480890538
2020-03-19,RealEstate,5,3,0.6,True,0.454545454545,192,5,0.808243806183
2020-03-19,Tech,19,5,1,True,0.913924050633,436,5,0.867147158106
2020-03-19,Utilities,6,3,0.6,True,0.514285714286,245,5,0.840980735552
2020-03-20,Comm,6,3,0.6,True,0.4,255,5,0.723746452223
2020-03-20,Consumer,54,5,1,True,0.880966767372,700,5,0.776569780342
2020-03-20,Energy,29,5,1,True,0.692181069959,565,5,0.778702021003
2020-03-20,Financials,12,5,1,True,0.9,339,5,0.871504948243
2020-03-20,Healthcare,19,4,0.8,True,0.394535519126,511,5,0.49044636233
2020-03-20,Industrials,19,3,0.6,True,0.471895424837,289,5,0.817670957952
2020-03-20,Materials,5,3,0.6,True,0.555555555556,214,5,0.791359944704
2020-03-20,RealEstate,7,3,0.6,True,0.466666666667,186,5,0.780243572395
2020-03-20,Tech,20,5,1,True,0.851063829787,426,5,0.876738006667
2020-03-20,Utilities,10,4,0.8,True,0.666666666667,228,5,0.808963585434
2020-03-23,Comm,28,5,1,True,0.739622641509,276,5,0.729236071223
2020-03-23,Consumer,64,5,1,True,0.906194690265,742,5,0.780709292268
2020-03-23,Energy,26,5,1,True,0.734782608696,576,5,0.773280503438
2020-03-23,Financials,18,5,1,True,0.704347826087,338,5,0.874026470813
2020-03-23,Healthcare,30,4,0.8,True,0.545454545455,527,5,0.495789708573
2020-03-23,Industrials,23,5,1,True,0.58453038674,305,5,0.79518741719
2020-03-23,Materials,15,5,1,True,0.633802816901,220,5,0.800264550265
2020-03-23,RealEstate,7,4,0.8,True,0.653333333333,188,5,0.779016971567
2020-03-23,Tech,12,5,1,True,0.8,422,5,0.883747704829
2020-03-23,Utilities,21,4,0.8,True,0.766956521739,239,5,0.819585336107
2020-03-24,Comm,18,4,0.8,True,0.704347826087,284,5,0.742483660131
2020-03-24,Consumer,43,5,1,True,0.874231678487,757,5,0.79438433547
2020-03-24,Energy,31,5,1,True,0.817872340426,583,5,0.771747102165
2020-03-24,Financials,7,5,1,True,0.890909090909,330,5,0.873506055988
2020-03-24,Healthcare,15,5,1,True,0.652173913043,514,5,0.500134406058
2020-03-24,Industrials,27,5,1,True,0.690995260664,311,5,0.77790646238
2020-03-24,Materials,7,5,1,True,0.753846153846,205,5,0.795400776001
2020-03-24,RealEstate,9,4,0.8,True,0.648,190,5,0.78700675823
2020-03-24,Tech,25,4,0.8,True,0.621890547264,423,5,0.890747977598
2020-03-24,Utilities,4,2,0.4,True,0.32,230,5,0.812970646996
2020-03-25,Comm,15,5,1,True,0.671641791045,294,5,0.743215821152
2020-03-25,Consumer,41,5,1,True,0.84685138539,769,5,0.815012713879
2020-03-25,Energy,22,3,0.6,True,0.3872,588,5,0.754191479615
2020-03-25,Financials,13,4,0.8,True,0.751111111111,328,5,0.878810651854
2020-03-25,Healthcare,24,5,1,True,0.484033613445,514,5,0.508568018634
2020-03-25,Industrials,14,4,0.8,True,0.502564102564,316,5,0.768241267887
2020-03-25,Materials,5,4,0.8,True,0.714285714286,204,5,0.797852760736
2020-03-25,RealEstate,6,3,0.6,True,0.514285714286,178,5,0.742187866011
2020-03-25,Tech,10,4,0.8,True,0.588235294118,418,5,0.879158699809
2020-03-25,Utilities,9,4,0.8,True,0.704347826087,227,5,0.813465940485
2020-03-26,Comm,13,5,1,True,0.786046511628,297,5,0.750938577449
2020-03-26,Consumer,33,5,1,True,0.840926640927,753,5,0.827152641522
2020-03-26,Energy,17,5,1,True,0.889230769231,588,5,0.761215323646
2020-03-26,Financials,17,5,1,True,0.814084507042,330,5,0.867867389225
2020-03-26,Healthcare,19,5,1,True,0.519424460432,501,5,0.502992896005
2020-03-26,Industrials,19,3,0.6,True,0.519424460432,320,5,0.789027585144
2020-03-26,Materials,14,4,0.8,True,0.653333333333,214,5,0.786602542082
2020-03-26,RealEstate,10,4,0.8,True,0.47619047619,166,5,0.761215469613
2020-03-26,Tech,20,5,1,True,0.645161290323,418,5,0.878495650862
2020-03-26,Utilities,13,5,1,True,0.866666666667,235,5,0.821006466959
2020-03-27,Comm,11,3,0.6,True,0.562790697674,300,5,0.74159525379
2020-03-27,Consumer,33,5,1,True,0.797802197802,756,5,0.825716225783
2020-03-27,Energy,23,5,1,True,0.833070866142,579,5,0.76143546647
2020-03-27,Financials,18,5,1,True,0.790243902439,332,5,0.857440684559
2020-03-27,Healthcare,11,3,0.6,True,0.537777777778,475,5,0.511789590682
2020-03-27,Industrials,21,5,1,True,0.6,329,5,0.781044124545
2020-03-27,Materials,3,2,0.4,True,0.36,205,5,0.776443418014
2020-03-27,RealEstate,4,3,0.6,True,0.533333333333,151,5,0.788552654332
2020-03-27,Tech,13,5,1,True,0.866666666667,407,5,0.878192180252
2020-03-27,Utilities,12,3,0.6,True,0.576,226,5,0.802450903378
2020-03-30,Comm,15,4,0.8,True,0.737704918033,298,5,0.746440279062
2020-03-30,Consumer,35,5,1,True,0.558086560364,765,5,0.813869399846
2020-03-30,Energy,20,5,1,True,0.851063829787,573,5,0.766828208751
2020-03-30,Financials,14,5,1,True,0.816666666667,330,5,0.873856523832
2020-03-30,Healthcare,34,5,1,True,0.765562913907,482,5,0.538609913293
2020-03-30,Industrials,22,5,1,True,0.864285714286,335,5,0.780505616024
2020-03-30,Materials,10,3,0.6,True,0.47619047619,207,5,0.758725099602
2020-03-30,RealEstate,10,4,0.8,True,0.666666666667,142,5,0.795737963694
2020-03-30,Tech,9,5,1,True,0.771428571429,407,5,0.883767706138
2020-03-30,Utilities,14,4,0.8,True,0.56,228,5,0.798157531092
2020-03-31,Comm,6,3,0.6,True,0.514285714286,287,5,0.753915152625
2020-03-31,Consumer,12,5,1,True,0.72,737,5,0.817650025214
2020-03-31,Energy,19,5,1,True,0.744329896907,576,5,0.764689884067
2020-03-31,Financials,7,3,0.6,True,0.576470588235,326,5,0.87268845459
2020-03-31,Healthcare,18,4,0.8,True,0.661224489796,454,5,0.561119429396
2020-03-31,Industrials,22,5,1,True,0.849122807018,349,5,0.785230312994
2020-03-31,Materials,13,5,1,True,0.71914893617,208,5,0.762630001763
2020-03-31,RealEstate,10,4,0.8,True,0.666666666667,138,5,0.805243128964
2020-03-31,Tech,18,5,1,True,0.81,405,5,0.878336769391
2020-03-31,Utilities,12,4,0.8,True,0.72,227,5,0.796983991957
2020-04-01,Comm,21,4,0.8,True,0.753846153846,297,5,0.772374239307
2020-04-01,Consumer,30,5,1,True,0.486486486486,739,5,0.809122089621
2020-04-01,Energy,26,5,1,True,0.855696202532,579,5,0.762387856046
2020-04-01,Financials,20,5,1,True,0.714285714286,330,5,0.868282570563
2020-04-01,Healthcare,13,4,0.8,True,0.637735849057,448,5,0.575198463875
2020-04-01,Industrials,15,4,0.8,True,0.633802816901,359,5,0.787516421741
2020-04-01,Materials,14,4,0.8,True,0.593939393939,214,5,0.747934019272
2020-04-01,RealEstate,6,3,0.6,True,0.514285714286,138,5,0.804562737643
2020-04-01,Tech,6,5,1,True,0.9,387,5,0.883150042751
2020-04-01,Utilities,12,5,1,True,0.847058823529,230,5,0.810479546499
2020-04-02,Comm,10,5,1,True,0.833333333333,300,5,0.774860094705
2020-04-02,Consumer,35,5,1,True,0.744680851064,750,5,0.807748642982
2020-04-02,Energy,39,5,1,True,0.692938496583,599,5,0.756461423316
2020-04-02,Financials,16,5,1,True,0.88275862069,332,5,0.868247341473
2020-04-02,Healthcare,27,5,1,True,0.671889400922,452,5,0.576494822089
2020-04-02,Industrials,19,3,0.6,True,0.5776,358,5,0.766027135258
2020-04-02,Materials,12,3,0.6,True,0.389189189189,222,5,0.733065595716
2020-04-02,RealEstate,7,4,0.8,True,0.753846153846,138,5,0.796820083682
2020-04-02,Tech,7,4,0.8,True,0.515789473684,376,5,0.881891335537
2020-04-02,Utilities,4,3,0.6,True,0.533333333333,224,5,0.820003268508
2020-04-03,Comm,16,5,1,True,0.711111111111,306,5,0.778872067876
2020-04-03,Consumer,32,4,0.8,True,0.568888888889,755,5,0.800849987707
2020-04-03,Energy,42,5,1,True,0.757081545064,621,5,0.744329817315
2020-04-03,Financials,17,5,1,True,0.750649350649,332,5,0.883417488178
2020-04-03,Healthcare,14,3,0.6,True,0.268493150685,444,5,0.566206163656
2020-04-03,Industrials,44,5,1,True,0.540782122905,390,5,0.774006411887
2020-04-03,Materials,4,3,0.6,True,0.533333333333,218,5,0.738983050847
2020-04-03,RealEstate,3,2,0.4,True,0.36,138,5,0.792839300583
2020-04-03,Tech,12,4,0.8,True,0.6,374,5,0.88255410436
2020-04-03,Utilities,6,4,0.8,True,0.72,223,5,0.826131738516
2020-04-06,Comm,16,4,0.8,True,0.624390243902,316,5,0.77957686002
2020-04-06,Consumer,59,5,1,True,0.788448471121,788,5,0.795022021919
2020-04-06,Energy,27,5,1,True,0.852631578947,619,5,0.755629837795
2020-04-06,Financials,62,5,1,True,0.709225092251,377,5,0.875528998676
2020-04-06,Healthcare,46,5,1,True,0.455053763441,471,5,0.561829025845
2020-04-06,Industrials,46,5,1,True,0.633532934132,427,5,0.77109386564
2020-04-06,Materials,10,4,0.8,True,0.588235294118,221,5,0.750533999232
2020-04-06,RealEstate,6,2,0.4,True,0.4,141,5,0.809981666327
2020-04-06,Tech,28,5,1,True,0.746666666667,377,5,0.868361081411
2020-04-06,Utilities,12,4,0.8,True,0.685714285714,223,5,0.820407489895
2020-04-07,Comm,20,4,0.8,True,0.493827160494,320,5,0.791283517503
2020-04-07,Consumer,33,5,1,True,0.709446254072,790,5,0.798081841432
2020-04-07,Energy,43,5,1,True,0.431505250875,608,5,0.7495670864
2020-04-07,Financials,27,5,1,True,0.805524861878,379,5,0.878672579905
2020-04-07,Healthcare,32,5,1,True,0.48995215311,469,5,0.56149025514
2020-04-07,Industrials,34,5,1,True,0.79724137931,448,5,0.77982670863
2020-04-07,Materials,7,4,0.8,True,0.753846153846,211,5,0.761758918641
2020-04-07,RealEstate,10,4,0.8,True,0.769230769231,144,5,0.799075144509
2020-04-07,Tech,14,5,1,True,0.816666666667,370,5,0.876945743386
2020-04-07,Utilities,14,4,0.8,True,0.725925925926,225,5,0.815808556925
2020-04-08,Comm,13,4,0.8,True,0.536507936508,315,5,0.78647009868
2020-04-08,Consumer,54,4,0.8,True,0.553320683112,818,5,0.790543589986
2020-04-08,Energy,35,5,1,True,0.702005730659,595,5,0.757523884924
2020-04-08,Financials,24,5,1,True,0.632967032967,382,5,0.871500238892
2020-04-08,Healthcare,19,4,0.8,True,0.568503937008,469,5,0.579828920141
2020-04-08,Industrials,39,5,1,True,0.743765281174,475,5,0.791125370361
2020-04-08,Materials,14,4,0.8,True,0.753846153846,215,5,0.75401680124
2020-04-08,RealEstate,7,4,0.8,True,0.515789473684,148,5,0.79564111878
2020-04-08,Tech,19,5,1,True,0.714851485149,380,5,0.861986628462
2020-04-08,Utilities,5,2,0.4,True,0.384615384615,224,5,0.811778029445
2020-04-09,Comm,16,5,1,True,0.948148148148,322,5,0.797876106195
2020-04-09,Consumer,84,5,1,True,0.536577946768,879,5,0.76619348185
2020-04-09,Energy,54,5,1,True,0.798904109589,616,5,0.775270201246
2020-04-09,Financials,26,5,1,True,0.777011494253,398,5,0.861781187095
2020-04-09,Healthcare,16,4,0.8,True,0.501960784314,463,5,0.572177069571
2020-04-09,Industrials,28,5,1,True,0.901149425287,489,5,0.823150140278
2020-04-09,Materials,23,5,1,True,0.700662251656,217,5,0.756146126054
2020-04-09,RealEstate,17,4,0.8,True,0.68,158,5,0.774798261949
2020-04-09,Tech,17,5,1,True,0.713580246914,380,5,0.858654932509
2020-04-09,Utilities,9,4,0.8,True,0.771428571429,226,5,0.814219671608
2020-04-13,Comm,16,4,0.8,True,0.624390243902,326,5,0.798767380684
2020-04-13,Consumer,78,5,1,True,0.53135371179,910,5,0.753530610759
2020-04-13,Energy,44,5,1,True,0.762204724409,631,5,0.784746982015
2020-04-13,Financials,40,5,1,True,0.561403508772,416,5,0.832200048088
2020-04-13,Healthcare,50,5,1,True,0.473484848485,492,5,0.547309396762
2020-04-13,Industrials,36,5,1,True,0.893793103448,507,5,0.843821091506
2020-04-13,Materials,24,5,1,True,0.570297029703,230,5,0.74780887758
2020-04-13,RealEstate,13,4,0.8,True,0.751111111111,165,5,0.771793054571
2020-04-13,Tech,23,4,0.8,True,0.349174917492,377,5,0.824055660241
2020-04-13,Utilities,21,4,0.8,True,0.717073170732,221,5,0.813948837597
2020-04-14,Comm,16,4,0.8,True,0.609523809524,326,5,0.805670532939
2020-04-14,Consumer,29,5,1,True,0.804784688995,908,5,0.767200178664
2020-04-14,Energy,22,4,0.8,True,0.733333333333,623,5,0.793241296151
2020-04-14,Financials,63,4,0.8,True,0.458578856153,464,5,0.783207828586
2020-04-14,Healthcare,14,4,0.8,True,0.593939393939,491,5,0.548441107888
2020-04-14,Industrials,31,5,1,True,0.910900473934,529,5,0.846272019354
2020-04-14,Materials,12,3,0.6,True,0.533333333333,236,5,0.743505539981
2020-04-14,RealEstate,7,3,0.6,True,0.515789473684,166,5,0.767790470883
2020-04-14,Tech,18,5,1,True,0.736363636364,358,5,0.823940855031
2020-04-14,Utilities,14,4,0.8,True,0.515789473684,228,5,0.797912509593
2020-04-15,Comm,16,4,0.8,True,0.65641025641,314,5,0.811957506382
2020-04-15,Consumer,35,5,1,True,0.646437994723,889,5,0.771952392813
2020-04-15,Energy,39,5,1,True,0.782005141388,620,5,0.801651686096
2020-04-15,Financials,62,5,1,True,0.734990439771,501,5,0.781703234245
2020-04-15,Healthcare,26,5,1,True,0.631775700935,496,5,0.55298163591
2020-04-15,Industrials,18,5,1,True,0.9,524,5,0.847143033444
2020-04-15,Materials,17,3,0.6,True,0.572277227723,240,5,0.731428571429
2020-04-15,RealEstate,9,4,0.8,True,0.648,162,5,0.779679144385
2020-04-15,Tech,25,5,1,True,0.776397515528,357,5,0.833626582071
2020-04-15,Utilities,15,4,0.8,True,0.737704918033,226,5,0.80957362498
2020-04-16,Comm,16,4,0.8,True,0.65641025641,313,5,0.803057502357
2020-04-16,Consumer,40,4,0.8,True,0.492307692308,893,5,0.753479692542
2020-04-16,Energy,35,5,1,True,0.890909090909,637,5,0.821835600069
2020-04-16,Financials,67,5,1,True,0.573674121406,553,5,0.798071427639
2020-04-16,Healthcare,58,5,1,True,0.563484087102,534,5,0.551847192925
2020-04-16,Industrials,23,5,1,True,0.649079754601,533,5,0.851624023862
2020-04-16,Materials,13,5,1,True,0.824390243902,242,5,0.729769470405
2020-04-16,RealEstate,4,2,0.4,True,0.4,161,5,0.783230095181
2020-04-16,Tech,32,5,1,True,0.860504201681,368,5,0.837035663514
2020-04-16,Utilities,16,4,0.8,True,0.711111111111,235,5,0.80697011763
2020-04-17,Comm,15,4,0.8,True,0.652173913043,317,5,0.799657820395
2020-04-17,Consumer,28,5,1,True,0.585074626866,886,5,0.741436599764
2020-04-17,Energy,51,5,1,True,0.587796610169,659,5,0.846262970721
2020-04-17,Financials,35,5,1,True,0.803278688525,575,5,0.797176578379
2020-04-17,Healthcare,97,5,1,True,0.295927032552,606,5,0.505215369588
2020-04-17,Industrials,31,3,0.6,True,0.363327032136,547,5,0.832604733349
2020-04-17,Materials,5,3,0.6,True,0.555555555556,240,5,0.734225621415
2020-04-17,RealEstate,10,4,0.8,True,0.714285714286,167,5,0.793089719892
2020-04-17,Tech,28,5,1,True,0.719266055046,375,5,0.83907634476
2020-04-17,Utilities,14,4,0.8,True,0.56,243,5,0.807839113482
2020-04-20,Comm,12,4,0.8,True,0.626086956522,315,5,0.786158539001
2020-04-20,Consumer,56,5,1,True,0.576470588235,908,5,0.735662214132
2020-04-20,Energy,67,5,1,True,0.841424554827,711,5,0.853725923987
2020-04-20,Financials,19,5,1,True,0.700970873786,584,5,0.79643182402
2020-04-20,Healthcare,67,5,1,True,0.382530890499,649,5,0.502162081607
2020-04-20,Industrials,27,4,0.8,True,0.508013937282,558,5,0.821605931868
2020-04-20,Materials,21,5,1,True,0.418009478673,248,5,0.735957879622
2020-04-20,RealEstate,5,3,0.6,True,0.555555555556,167,5,0.787936149174
2020-04-20,Tech,27,5,1,True,0.481188118812,383,5,0.799547597634
2020-04-20,Utilities,18,5,1,True,0.925714285714,255,5,0.822945010441
2020-04-21,Comm,15,5,1,True,0.918367346939,324,5,0.797023764331
2020-04-21,Consumer,70,5,1,True,0.56712962963,924,5,0.75529330585
2020-04-21,Energy,43,5,1,True,0.960519480519,725,5,0.864678351991
2020-04-21,Financials,18,5,1,True,0.9,590,5,0.793915066369
2020-04-21,Healthcare,21,5,1,True,0.766956521739,651,5,0.515820862823
2020-04-21,Industrials,20,5,1,True,0.615384615385,559,5,0.826046499333
2020-04-21,Materials,10,3,0.6,True,0.454545454545,253,5,0.723469906753
2020-04-21,RealEstate,10,4,0.8,True,0.714285714286,170,5,0.823127314156
2020-04-21,Tech,14,5,1,True,0.753846153846,377,5,0.793506964799
2020-04-21,Utilities,9,5,1,True,0.952941176471,254,5,0.824907300857
2020-04-22,Comm,26,4,0.8,True,0.476056338028,322,5,0.782579817345
2020-04-22,Consumer,39,5,1,True,0.699310344828,899,5,0.739870280266
2020-04-22,Energy,38,5,1,True,0.700970873786,737,5,0.870372477226
2020-04-22,Financials,15,4,0.8,True,0.762711864407,587,5,0.795560070651
2020-04-22,Healthcare,30,5,1,True,0.652173913043,651,5,0.518667963945
2020-04-22,Industrials,15,4,0.8,True,0.714285714286,551,5,0.834561622937
2020-04-22,Materials,10,4,0.8,True,0.714285714286,248,5,0.724514077041
2020-04-22,RealEstate,11,4,0.8,True,0.361194029851,174,5,0.807790821772
2020-04-22,Tech,23,5,1,True,0.474439461883,388,5,0.772258130707
2020-04-22,Utilities,25,4,0.8,True,0.396825396825,258,5,0.799951928855
2020-04-23,Comm,24,4,0.8,True,0.632967032967,328,5,0.769886932875
2020-04-23,Consumer,43,5,1,True,0.580533751962,899,5,0.721360068191
2020-04-23,Energy,35,5,1,True,0.830508474576,741,5,0.865437265054
2020-04-23,Financials,10,5,1,True,0.769230769231,590,5,0.799825375672
2020-04-23,Healthcare,59,5,1,True,0.297903294822,695,5,0.491966490973
2020-04-23,Industrials,12,5,1,True,0.757894736842,536,5,0.836524574889
2020-04-23,Materials,17,5,1,True,0.68,258,5,0.719533023457
2020-04-23,RealEstate,6,3,0.6,True,0.514285714286,171,5,0.791688100717
2020-04-23,Tech,40,5,1,True,0.594795539033,403,5,0.742220597308
2020-04-23,Utilities,13,4,0.8,True,0.59298245614,267,5,0.794085213033
2020-04-24,Comm,17,4,0.8,True,0.428148148148,330,5,0.761272282419
2020-04-24,Consumer,29,5,1,True,0.644444444444,887,5,0.701473348223
2020-04-24,Energy,20,4,0.8,True,0.615384615385,739,5,0.870291546816
2020-04-24,Financials,9,4,0.8,True,0.6,586,5,0.802814794034
2020-04-24,Healthcare,50,4,0.8,True,0.379362670713,721,5,0.483130341036
2020-04-24,Industrials,22,4,0.8,True,0.324832214765,544,5,0.820426381304
2020-04-24,Materials,7,3,0.6,True,0.515789473684,260,5,0.710755966775
2020-04-24,RealEstate,8,4,0.8,True,0.581818181818,173,5,0.799065545321
2020-04-24,Tech,38,4,0.8,True,0.294693877551,431,5,0.692143748719
2020-04-24,Utilities,6,3,0.6,True,0.6,264,5,0.793804100228
2020-04-27,Comm,21,5,1,True,0.584105960265,338,5,0.76412280115
2020-04-27,Consumer,50,5,1,True,0.647668393782,904,5,0.698051609707
2020-04-27,Energy,44,5,1,True,0.768253968254,766,5,0.866137222485
2020-04-27,Financials,25,5,1,True,0.806451612903,594,5,0.799954655724
2020-04-27,Healthcare,58,5,1,True,0.634716981132,760,5,0.493375814677
2020-04-27,Industrials,75,5,1,True,0.714285714286,600,5,0.809516314002
2020-04-27,Materials,11,5,1,True,0.834482758621,257,5,0.71749497583
2020-04-27,RealEstate,11,5,1,True,0.562790697674,174,5,0.811906677393
2020-04-27,Tech,31,5,1,True,0.817872340426,442,5,0.704014414414
2020-04-27,Utilities,20,4,0.8,True,0.655737704918,271,5,0.792457512814
2020-04-28,Comm,36,5,1,True,0.72808988764,363,5,0.7668790921
2020-04-28,Consumer,58,4,0.8,True,0.556033057851,929,5,0.693977637774
2020-04-28,Energy,23,4,0.8,True,0.710067114094,766,5,0.863625792967
2020-04-28,Financials,12,5,1,True,0.757894736842,588,5,0.801167883212
2020-04-28,Healthcare,44,5,1,True,0.47684729064,793,5,0.513059228105
2020-04-28,Industrials,74,5,1,True,0.704761904762,653,5,0.85337269225
2020-04-28,Materials,17,5,1,True,0.862686567164,271,5,0.741640999748
2020-04-28,RealEstate,15,5,1,True,0.542168674699,185,5,0.807860262009
2020-04-28,Tech,35,4,0.8,True,0.538461538462,464,5,0.702984392346
2020-04-28,Utilities,5,3,0.6,True,0.555555555556,264,5,0.797710884743
2020-04-29,Comm,19,3,0.6,True,0.519424460432,367,5,0.750628361245
2020-04-29,Consumer,60,5,1,True,0.619621342513,954,5,0.69738552075
2020-04-29,Energy,38,5,1,True,0.962666666667,784,5,0.868060106203
2020-04-29,Financials,22,5,1,True,0.820338983051,596,5,0.800378540366
2020-04-29,Healthcare,104,4,0.8,True,0.281154146088,863,5,0.468050514858
2020-04-29,Industrials,68,5,1,True,0.745806451613,699,5,0.849039489118
2020-04-29,Materials,19,5,1,True,0.512056737589,280,5,0.780099502488
2020-04-29,RealEstate,18,4,0.8,True,0.462857142857,193,5,0.79329144926
2020-04-29,Tech,50,5,1,True,0.716332378223,505,5,0.738571366513
2020-04-29,Utilities,6,3,0.6,True,0.514285714286,256,5,0.809486166008
2020-04-30,Comm,27,4,0.8,True,0.478032786885,388,5,0.740939068806
2020-04-30,Consumer,33,5,1,True,0.613521126761,975,5,0.693443968268
2020-04-30,Energy,53,5,1,True,0.970293609672,818,5,0.884487977687
2020-04-30,Financials,23,5,1,True,0.92,612,5,0.813642386983
2020-04-30,Healthcare,83,5,1,True,0.361153342071,928,5,0.454306815784
2020-04-30,Industrials,21,5,1,True,0.471657754011,698,5,0.838907638267
2020-04-30,Materials,36,5,1,True,0.749132947977,303,5,0.799904160314
2020-04-30,RealEstate,11,4,0.8,True,0.691428571429,194,5,0.810247578041
2020-04-30,Tech,23,5,1,True,0.710067114094,510,5,0.751690653719
2020-04-30,Utilities,11,4,0.8,True,0.620512820513,255,5,0.808617795187
2020-05-01,Comm,19,4,0.8,True,0.559689922481,386,5,0.725288419413
2020-05-01,Consumer,39,5,1,True,0.686681715576,984,5,0.701512780386
2020-05-01,Energy,75,5,1,True,0.529910504004,867,5,0.870257190986
2020-05-01,Financials,18,5,1,True,0.875675675676,610,5,0.81624147235
2020-05-01,Healthcare,84,5,1,True,0.431295843521,999,5,0.451760983371
2020-05-01,Industrials,45,5,1,True,0.680672268908,728,5,0.833137880622
2020-05-01,Materials,17,3,0.6,True,0.35900621118,306,5,0.802708958423
2020-05-01,RealEstate,10,3,0.6,True,0.47619047619,198,5,0.836798292423
2020-05-01,Tech,17,5,1,True,0.862686567164,521,5,0.753573659444
2020-05-01,Utilities,16,4,0.8,True,0.581818181818,259,5,0.797870948558
2020-05-04,Comm,23,3,0.6,True,0.56577540107,399,5,0.719731458668
2020-05-04,Consumer,63,5,1,True,0.531681178835,1012,5,0.688977241384
2020-05-04,Energy,40,5,1,True,0.846560846561,868,5,0.87179653329
2020-05-04,Financials,23,5,1,True,0.682580645161,617,5,0.809158828843
2020-05-04,Healthcare,51,5,1,True,0.33112667091,1023,5,0.438583830472
2020-05-04,Industrials,35,5,1,True,0.481335952849,744,5,0.822355929937
2020-05-04,Materials,13,5,1,True,0.614545454545,307,5,0.808345126292
2020-05-04,RealEstate,10,4,0.8,True,0.714285714286,201,5,0.840024950619
2020-05-04,Tech,31,5,1,True,0.563636363636,545,5,0.747242103674
2020-05-04,Utilities,10,5,1,True,0.769230769231,265,5,0.796066428612
2020-05-05,Comm,35,5,1,True,0.305105853051,418,5,0.733210239194
2020-05-05,Consumer,49,5,1,True,0.375449569977,1029,5,0.677166346366
2020-05-05,Energy,36,5,1,True,0.732203389831,862,5,0.872547499941
2020-05-05,Financials,22,5,1,True,0.864285714286,622,5,0.809550115087
2020-05-05,Healthcare,35,5,1,True,0.614035087719,1044,5,0.447334917567
2020-05-05,Industrials,31,5,1,True,0.507124010554,731,5,0.801134924026
2020-05-05,Materials,38,4,0.8,True,0.542857142857,341,5,0.789979279187
2020-05-05,RealEstate,7,4,0.8,True,0.653333333333,205,5,0.844129757959
2020-05-05,Tech,20,4,0.8,True,0.588235294118,553,5,0.748513664011
2020-05-05,Utilities,26,4,0.8,True,0.568067226891,285,5,0.797065894706
2020-05-06,Comm,33,4,0.8,True,0.468387096774,435,5,0.741724320405
2020-05-06,Consumer,51,4,0.8,True,0.415163607342,1021,5,0.656364260281
2020-05-06,Energy,36,4,0.8,True,0.516334661355,871,5,0.86968698234
2020-05-06,Financials,19,5,1,True,0.913924050633,579,5,0.824832999127
2020-05-06,Healthcare,32,5,1,True,0.53612565445,1030,5,0.449187491003
2020-05-06,Industrials,12,4,0.8,True,0.553846153846,697,5,0.796571428571
2020-05-06,Materials,22,4,0.8,True,0.58313253012,353,5,0.778198282592
2020-05-06,RealEstate,7,4,0.8,True,0.653333333333,206,5,0.837828232971
2020-05-06,Tech,21,4,0.8,True,0.616783216783,546,5,0.744118014128
2020-05-06,Utilities,14,4,0.8,True,0.725925925926,287,5,0.81147726713
2020-05-07,Comm,23,4,0.8,True,0.641212121212,438,5,0.765050247248
2020-05-07,Consumer,34,5,1,True,0.583838383838,1022,5,0.648957427244
2020-05-07,Energy,25,5,1,True,0.886524822695,853,5,0.88764738534
2020-05-07,Financials,14,5,1,True,0.816666666667,566,5,0.837772954314
2020-05-07,Healthcare,24,3,0.6,True,0.533333333333,1022,5,0.450883001731
2020-05-07,Industrials,14,3,0.6,True,0.435555555556,677,5,0.783354555321
2020-05-07,Materials,8,3,0.6,True,0.426666666667,354,5,0.771270310192
2020-05-07,RealEstate,10,4,0.8,True,0.555555555556,206,5,0.828342767909
2020-05-07,Tech,14,5,1,True,0.7,546,5,0.738514132831
2020-05-07,Utilities,15,5,1,True,0.762711864407,288,5,0.811823431536
2020-05-08,Comm,9,3,0.6,True,0.490909090909,434,5,0.769051118733
2020-05-08,Consumer,55,5,1,True,0.438723712835,1023,5,0.640550987119
2020-05-08,Energy,22,5,1,True,0.701449275362,840,5,0.89498852091
2020-05-08,Financials,15,5,1,True,0.818181818182,557,5,0.846414492081
2020-05-08,Healthcare,32,5,1,True,0.575280898876,1035,5,0.452416498964
2020-05-08,Industrials,12,4,0.8,True,0.411428571429,650,5,0.770676005983
2020-05-08,Materials,18,3,0.6,True,0.558620689655,358,5,0.760075910331
2020-05-08,RealEstate,5,2,0.4,True,0.384615384615,204,5,0.819373892499
2020-05-08,Tech,14,4,0.8,True,0.515789473684,541,5,0.740261776794
2020-05-08,Utilities,21,4,0.8,True,0.554716981132,304,5,0.79986151982
2020-05-11,Comm,23,5,1,True,0.82015503876,441,5,0.762685542854
2020-05-11,Consumer,52,5,1,True,0.478584070796,991,5,0.637059260436
2020-05-11,Energy,25,5,1,True,0.786163522013,811,5,0.900303194147
2020-05-11,Financials,18,5,1,True,0.852631578947,549,5,0.85492915798
2020-05-11,Healthcare,56,5,1,True,0.671520342612,1075,5,0.463539567076
2020-05-11,Industrials,19,5,1,True,0.459872611465,641,5,0.740159423553
2020-05-11,Materials,13,4,0.8,True,0.614545454545,348,5,0.75893965031
2020-05-11,RealEstate,6,3,0.6,True,0.4,193,5,0.829506736444
2020-05-11,Tech,25,5,1,True,0.827814569536,549,5,0.744209187768
2020-05-11,Utilities,10,4,0.8,True,0.666666666667,305,5,0.797573627127
2020-05-12,Comm,18,5,1,True,0.852631578947,443,5,0.765595802368
2020-05-12,Consumer,38,4,0.8,True,0.423460410557,951,5,0.635449975233
2020-05-12,Energy,26,5,1,True,0.751111111111,793,5,0.902280635048
2020-05-12,Financials,20,5,1,True,0.833333333333,529,5,0.878304536823
2020-05-12,Healthcare,23,3,0.6,True,0.384727272727,1048,5,0.461538202937
2020-05-12,Industrials,14,4,0.8,True,0.316129032258,619,5,0.701856482118
2020-05-12,Materials,13,3,0.6,True,0.52,337,5,0.762899271152
2020-05-12,RealEstate,8,4,0.8,True,0.711111111111,188,5,0.837337123904
2020-05-12,Tech,23,5,1,True,0.904273504274,549,5,0.776336497225
2020-05-12,Utilities,19,4,0.8,True,0.559689922481,303,5,0.799904160314
2020-05-13,Comm,4,3,0.6,True,0.533333333333,431,5,0.766894416348
2020-05-13,Consumer,36,5,1,True,0.611320754717,958,5,0.628472036759
2020-05-13,Energy,25,5,1,True,0.65445026178,796,5,0.900061082148
2020-05-13,Financials,34,5,1,True,0.889230769231,500,5,0.920912071315
2020-05-13,Healthcare,52,5,1,True,0.704166666667,1086,5,0.470428029532
2020-05-13,Industrials,19,5,1,True,0.627826086957,607,5,0.688374482714
2020-05-13,Materials,18,5,1,True,0.81,343,5,0.775154010871
2020-05-13,RealEstate,6,4,0.8,True,0.6,187,5,0.824643320363
2020-05-13,Tech,17,4,0.8,True,0.561165048544,548,5,0.76727560745
2020-05-13,Utilities,6,3,0.6,True,0.514285714286,295,5,0.801224508585
2020-05-14,Comm,14,5,1,True,0.852173913043,429,5,0.775971329187
2020-05-14,Consumer,39,5,1,True,0.71914893617,962,5,0.623123278817
2020-05-14,Energy,12,5,1,True,0.847058823529,769,5,0.9053637999
2020-05-14,Financials,30,5,1,True,0.857142857143,468,5,0.933884790858
2020-05-14,Healthcare,29,5,1,True,0.761085972851,1089,5,0.471958579493
2020-05-14,Industrials,27,4,0.8,True,0.580876494024,616,5,0.674984435313
2020-05-14,Materials,16,5,1,True,0.914285714286,342,5,0.791099086912
2020-05-14,RealEstate,14,5,1,True,0.725925925926,192,5,0.814674033149
2020-05-14,Tech,28,5,1,True,0.687719298246,551,5,0.769906297945
2020-05-14,Utilities,10,5,1,True,0.714285714286,290,5,0.803324099723
2020-05-15,Comm,16,5,1,True,0.775757575758,429,5,0.783169854678
2020-05-15,Consumer,47,5,1,True,0.504914285714,969,5,0.622824583688
2020-05-15,Energy,17,5,1,True,0.979661016949,751,5,0.897626228465
2020-05-15,Financials,35,5,1,True,0.853658536585,436,5,0.9548724131
2020-05-15,Healthcare,39,5,1,True,0.794255874674,1070,5,0.476234053085
2020-05-15,Industrials,19,5,1,True,0.586991869919,612,5,0.672563701988
2020-05-15,Materials,17,4,0.8,True,0.550476190476,346,5,0.775513376951
2020-05-15,RealEstate,8,4,0.8,True,0.711111111111,196,5,0.817361702128
2020-05-15,Tech,45,5,1,True,0.72972972973,564,5,0.78530588061
2020-05-15,Utilities,15,5,1,True,0.671641791045,289,5,0.797298458307
2020-05-18,Comm,20,5,1,True,0.588235294118,434,5,0.805215458276
2020-05-18,Consumer,49,5,1,True,0.556431054461,990,5,0.622582181991
2020-05-18,Energy,48,5,1,True,0.79723183391,748,5,0.877722174288
2020-05-18,Financials,35,5,1,True,0.90405904059,436,5,0.958290064022
2020-05-18,Healthcare,32,5,1,True,0.65641025641,1005,5,0.503666451409
2020-05-18,Industrials,26,5,1,True,0.742857142857,607,5,0.694760759911
2020-05-18,Materials,12,4,0.8,True,0.533333333333,353,5,0.773704635063
2020-05-18,RealEstate,7,4,0.8,True,0.653333333333,193,5,0.810906716012
2020-05-18,Tech,26,5,1,True,0.845,562,5,0.801939824806
2020-05-18,Utilities,13,4,0.8,True,0.637735849057,288,5,0.798844264663
2020-05-19,Comm,20,5,1,True,0.740740740741,442,5,0.815750135705
2020-05-19,Consumer,44,5,1,True,0.475675675676,978,5,0.641879567555
2020-05-19,Energy,9,4,0.8,True,0.522580645161,690,5,0.873529897437
2020-05-19,Financials,20,5,1,True,0.816326530612,437,5,0.963152187618
2020-05-19,Healthcare,16,5,1,True,0.853333333333,954,5,0.520432075116
2020-05-19,Industrials,12,4,0.8,True,0.411428571429,592,5,0.696124739299
2020-05-19,Materials,10,3,0.6,True,0.454545454545,342,5,0.766374000786
2020-05-19,RealEstate,6,3,0.6,True,0.6,194,5,0.81217091066
2020-05-19,Tech,17,4,0.8,True,0.664367816092,552,5,0.825868003795
2020-05-19,Utilities,1,1,0.2,True,0.2,271,5,0.793227844683
2020-05-20,Comm,27,5,1,True,0.883636363636,454,5,0.819905326385
2020-05-20,Consumer,34,5,1,True,0.572277227723,942,5,0.625177190041
2020-05-20,Energy,21,5,1,True,0.856310679612,668,5,0.869205446364
2020-05-20,Financials,18,5,1,True,0.623076923077,437,5,0.973264021609
2020-05-20,Healthcare,30,3,0.6,True,0.48128342246,963,5,0.519314799623
2020-05-20,Industrials,8,4,0.8,True,0.711111111111,580,5,0.702854038695
2020-05-20,Materials,15,3,0.6,True,0.555555555556,347,5,0.767547410359
2020-05-20,RealEstate,7,5,1,True,0.890909090909,191,5,0.791946163031
2020-05-20,Tech,17,5,1,True,0.83768115942,555,5,0.828815132721
2020-05-20,Utilities,5,2,0.4,True,0.384615384615,267,5,0.791440466278
2020-05-21,Comm,11,5,1,True,0.691428571429,439,5,0.832002935653
2020-05-21,Consumer,40,5,1,True,0.820512820513,943,5,0.631849364952
2020-05-21,Energy,13,5,1,True,0.913513513514,643,5,0.875626621486
2020-05-21,Financials,22,5,1,True,0.91320754717,444,5,0.974714462299
2020-05-21,Healthcare,21,5,1,True,0.824299065421,954,5,0.523268690098
2020-05-21,Industrials,9,4,0.8,True,0.415384615385,574,5,0.695361107594
2020-05-21,Materials,9,5,1,True,0.852631578947,346,5,0.776620175154
2020-05-21,RealEstate,2,2,0.4,True,0.4,182,5,0.812460142261
2020-05-21,Tech,21,5,1,True,0.728925619835,553,5,0.859026109917
2020-05-21,Utilities,9,4,0.8,True,0.522580645161,251,5,0.825538884885
2020-05-22,Comm,10,5,1,True,0.769230769231,425,5,0.841937213042
2020-05-22,Consumer,18,3,0.6,True,0.483582089552,918,5,0.638824118013
2020-05-22,Energy,19,5,1,True,0.869879518072,627,5,0.875614455148
2020-05-22,Financials,8,4,0.8,True,0.64,442,5,0.973170610212
2020-05-22,Healthcare,22,5,1,True,0.820338983051,917,5,0.548748837589
2020-05-22,Industrials,4,3,0.6,True,0.533333333333,566,5,0.693306209016
2020-05-22,Materials,7,4,0.8,True,0.653333333333,336,5,0.783184183143
2020-05-22,RealEstate,14,3,0.6,True,0.466666666667,190,5,0.78786556089
2020-05-22,Tech,28,5,1,True,0.373333333333,541,5,0.909469726396
2020-05-22,Utilities,5,2,0.4,True,0.384615384615,243,5,0.828932406822
2020-05-26,Comm,20,5,1,True,0.851063829787,428,5,0.859736236917
2020-05-26,Consumer,46,5,1,True,0.769454545455,935,5,0.647874015748
2020-05-26,Energy,29,5,1,True,0.97225433526,636,5,0.885479739936
2020-05-26,Financials,28,5,1,True,0.967901234568,461,5,0.973861839844
2020-05-26,Healthcare,61,5,1,True,0.539666424946,928,5,0.576308798041
2020-05-26,Industrials,16,5,1,True,0.624390243902,560,5,0.711175616836
2020-05-26,Materials,9,3,0.6,True,0.558620689655,338,5,0.781904044898
2020-05-26,RealEstate,5,3,0.6,True,0.454545454545,187,5,0.784674071581
2020-05-26,Tech,29,5,1,True,0.91912568306,532,5,0.953039027511
2020-05-26,Utilities,5,3,0.6,True,0.555555555556,242,5,0.826124982367
2020-05-27,Comm,22,5,1,True,0.711764705882,429,5,0.854355546271
2020-05-27,Consumer,37,5,1,True,0.484601769912,922,5,0.635220623949
2020-05-27,Energy,14,4,0.8,True,0.675862068966,606,5,0.888223485307
2020-05-27,Financials,25,5,1,True,0.827814569536,461,5,0.97368336655
2020-05-27,Healthcare,24,4,0.8,True,0.612765957447,894,5,0.576557833533
2020-05-27,Industrials,27,5,1,True,0.562934362934,512,5,0.698101248968
2020-05-27,Materials,5,2,0.4,True,0.384615384615,332,5,0.774588896697
2020-05-27,RealEstate,1,1,0.2,True,0.2,177,5,0.764028776978
2020-05-27,Tech,13,5,1,True,0.913513513514,514,5,0.958864733423
2020-05-27,Utilities,7,4,0.8,True,0.753846153846,229,5,0.828648178873
2020-05-28,Comm,23,5,1,True,0.649079754601,416,5,0.866016113697
2020-05-28,Consumer,33,5,1,True,0.666055045872,897,5,0.627612781442
2020-05-28,Energy,10,5,1,True,0.769230769231,593,5,0.892362935049
2020-05-28,Financials,24,5,1,True,0.729113924051,473,5,0.974620461327
2020-05-28,Healthcare,20,5,1,True,0.481927710843,870,5,0.560803752028
2020-05-28,Industrials,45,5,1,True,0.709281961471,483,5,0.620688829469
2020-05-28,Materials,8,4,0.8,True,0.581818181818,323,5,0.756637777858
2020-05-28,RealEstate,4,4,0.8,True,0.8,166,5,0.785742800114
2020-05-28,Tech,19,5,1,True,0.662385321101,498,5,0.958765995284
2020-05-28,Utilities,10,4,0.8,True,0.588235294118,234,5,0.833424657534
2020-05-29,Comm,14,4,0.8,True,0.502564102564,411,5,0.871108475363
2020-05-29,Consumer,18,5,1,True,0.736363636364,855,5,0.61412867698
2020-05-29,Energy,20,5,1,True,0.597014925373,575,5,0.880950160536
2020-05-29,Financials,25,5,1,True,0.748502994012,476,5,0.96802529266
2020-05-29,Healthcare,25,4,0.8,True,0.706214689266,791,5,0.619299122542
2020-05-29,Industrials,13,4,0.8,True,0.388505747126,428,5,0.587203487627
2020-05-29,Materials,7,2,0.4,True,0.337931034483,311,5,0.71626615322
2020-05-29,RealEstate,6,3,0.6,True,0.514285714286,154,5,0.816666666667
2020-05-29,Tech,12,4,0.8,True,0.626086956522,460,5,0.93915050375
2020-05-29,Utilities,12,4,0.8,True,0.685714285714,240,5,0.829971181556
2020-06-01,Comm,17,5,1,True,0.68,401,5,0.873894731121
2020-06-01,Consumer,47,5,1,True,0.72784184514,869,5,0.631397599528
2020-06-01,Energy,19,4,0.8,True,0.491156462585,541,5,0.850384252197
2020-06-01,Financials,23,5,1,True,0.988785046729,476,5,0.968232126832
2020-06-01,Healthcare,60,4,0.8,True,0.470588235294,768,5,0.63522341766
2020-06-01,Industrials,19,5,1,True,0.454088050314,426,5,0.587091973731
2020-06-01,Materials,7,3,0.6,True,0.362962962963,282,5,0.681965526113
2020-06-01,RealEstate,6,4,0.8,True,0.6,149,5,0.808043676069
2020-06-01,Tech,15,5,1,True,0.762711864407,452,5,0.928781197436
2020-06-01,Utilities,8,4,0.8,True,0.64,237,5,0.831086779611
2020-06-02,Comm,9,3,0.6,True,0.39512195122,391,5,0.876435348411
2020-06-02,Consumer,20,5,1,True,0.888888888889,850,5,0.635488864652
2020-06-02,Energy,16,4,0.8,True,0.512,482,5,0.852440008806
2020-06-02,Financials,26,5,1,True,0.65,484,5,0.964175172868
2020-06-02,Healthcare,25,5,1,True,0.698324022346,709,5,0.660462091301
2020-06-02,Industrials,14,5,1,True,0.675862068966,395,5,0.581499357099
2020-06-02,Materials,8,4,0.8,True,0.581818181818,273,5,0.678801402614
2020-06-02,RealEstate,5,3,0.6,True,0.555555555556,144,5,0.781605729363
2020-06-02,Tech,13,5,1,True,0.786046511628,448,5,0.93056379822
2020-06-02,Utilities,6,3,0.6,True,0.4,227,5,0.818635316546
2020-06-03,Comm,12,5,1,True,0.6,380,5,0.884478745559
2020-06-03,Consumer,33,5,1,True,0.728428093645,820,5,0.653761266298
2020-06-03,Energy,12,4,0.8,True,0.533333333333,454,5,0.844599246025
2020-06-03,Financials,26,5,1,True,0.952112676056,487,5,0.970711142945
2020-06-03,Healthcare,20,5,1,True,0.588235294118,678,5,0.693203444272
2020-06-03,Industrials,37,5,1,True,0.466439522998,397,5,0.578201295009
2020-06-03,Materials,11,4,0.8,True,0.514893617021,271,5,0.673122221713
2020-06-03,RealEstate,6,5,1,True,0.9,140,5,0.787781350482
2020-06-03,Tech,6,2,0.4,True,0.276923076923,423,5,0.94175636201
2020-06-03,Utilities,1,1,0.2,True,0.2,218,5,0.820652737006
2020-06-04,Comm,11,5,1,True,0.691428571429,356,5,0.893891945267
2020-06-04,Consumer,11,4,0.8,True,0.654054054054,782,5,0.671524735079
2020-06-04,Energy,12,5,1,True,0.72,430,5,0.853017161838
2020-06-04,Financials,20,5,1,True,0.909090909091,485,5,0.965798279649
2020-06-04,Healthcare,21,5,1,True,0.634532374101,664,5,0.695112568582
2020-06-04,Industrials,20,4,0.8,True,0.701754385965,386,5,0.596939102564
2020-06-04,Materials,4,4,0.8,True,0.8,237,5,0.681952285558
2020-06-04,RealEstate,2,2,0.4,True,0.4,135,5,0.784377017431
2020-06-04,Tech,11,3,0.6,True,0.590243902439,414,5,0.947200884222
2020-06-04,Utilities,7,3,0.6,True,0.362962962963,199,5,0.812578229199
2020-06-05,Comm,11,4,0.8,True,0.620512820513,334,5,0.881447534766
2020-06-05,Consumer,14,3,0.6,True,0.56,745,5,0.688245177851
2020-06-05,Energy,33,5,1,True,0.709446254072,427,5,0.859009210619
2020-06-05,Financials,20,5,1,True,0.952380952381,486,5,0.967659469868
2020-06-05,Healthcare,8,3,0.6,True,0.492307692308,640,5,0.706547988684
2020-06-05,Industrials,25,5,1,True,0.545851528384,399,5,0.589819017098
2020-06-05,Materials,7,4,0.8,True,0.515789473684,222,5,0.687076537014
2020-06-05,RealEstate,2,2,0.4,True,0.4,130,5,0.79231129864
2020-06-05,Tech,15,3,0.6,True,0.445544554455,408,5,0.959115003457
2020-06-05,Utilities,6,2,0.4,True,0.36,191,5,0.790059556037
2020-06-08,Comm,16,5,1,True,0.595348837209,327,5,0.857524359437
2020-06-08,Consumer,20,5,1,True,0.851063829787,731,5,0.695768962846
2020-06-08,Energy,19,5,1,True,0.793406593407,421,5,0.854729583102
2020-06-08,Financials,13,5,1,True,0.572881355932,485,5,0.964491461139
2020-06-08,Healthcare,33,5,1,True,0.519809069212,649,5,0.705228085156
2020-06-08,Industrials,25,5,1,True,0.407166123779,410,5,0.57867740714
2020-06-08,Materials,3,2,0.4,True,0.36,217,5,0.696428307328
2020-06-08,RealEstate,3,2,0.4,True,0.36,123,5,0.816239546803
2020-06-08,Tech,16,5,1,True,0.825806451613,410,5,0.958216952631
2020-06-08,Utilities,2,2,0.4,True,0.4,178,5,0.793687374749
2020-06-09,Comm,6,3,0.6,True,0.6,324,5,0.853671627226
2020-06-09,Consumer,26,3,0.6,True,0.466206896552,702,5,0.700105128569
2020-06-09,Energy,20,5,1,True,0.56338028169,419,5,0.838820803173
2020-06-09,Financials,21,5,1,True,0.824299065421,491,5,0.960922334934
2020-06-09,Healthcare,12,3,0.6,True,0.389189189189,629,5,0.699958424372
2020-06-09,Industrials,24,4,0.8,True,0.538317757009,422,5,0.582316395265
2020-06-09,Materials,2,2,0.4,True,0.4,201,5,0.704156862745
2020-06-09,RealEstate,3,2,0.4,True,0.36,121,5,0.826474738922
2020-06-09,Tech,22,5,1,True,0.711764705882,418,5,0.959020802459
2020-06-09,Utilities,5,2,0.4,True,0.384615384615,162,5,0.826062322946
2020-06-10,Comm,6,4,0.8,True,0.72,307,5,0.851429603866
2020-06-10,Consumer,48,5,1,True,0.563325183374,698,5,0.730879087909
2020-06-10,Energy,24,5,1,True,0.6,418,5,0.821110014568
2020-06-10,Financials,19,4,0.8,True,0.687619047619,492,5,0.961983865199
2020-06-10,Healthcare,24,4,0.8,True,0.581818181818,597,5,0.693814422955
2020-06-10,Industrials,16,2,0.4,True,0.226548672566,419,5,0.566444577089
2020-06-10,Materials,0,0,0,False,,188,5,0.701826846704
2020-06-10,RealEstate,4,1,0.2,True,0.2,119,5,0.827402862986
2020-06-10,Tech,16,4,0.8,True,0.65641025641,409,5,0.963184108248
2020-06-10,Utilities,3,3,0.6,True,0.6,155,5,0.841948484318
2020-06-11,Comm,14,5,1,True,0.6125,303,5,0.838936354914
2020-06-11,Consumer,38,5,1,True,0.81581920904,698,5,0.75145214776
2020-06-11,Energy,27,5,1,True,0.659728506787,419,5,0.816543801307
2020-06-11,Financials,28,5,1,True,0.861538461538,500,5,0.958883092973
2020-06-11,Healthcare,8,5,1,True,0.914285714286,582,5,0.707340196713
2020-06-11,Industrials,25,5,1,True,0.550660792952,430,5,0.576497365385
2020-06-11,Materials,4,3,0.6,True,0.533333333333,179,5,0.687206434316
2020-06-11,RealEstate,4,3,0.6,True,0.533333333333,115,5,0.845317992969
2020-06-11,Tech,14,4,0.8,True,0.784,400,5,0.960787846034
2020-06-11,Utilities,2,2,0.4,True,0.4,138,5,0.821924902892
2020-06-12,Comm,9,3,0.6,True,0.6,308,5,0.847075631753
2020-06-12,Consumer,20,5,1,True,0.714285714286,682,5,0.754765111562
2020-06-12,Energy,10,5,1,True,0.769230769231,404,5,0.830319987791
2020-06-12,Financials,6,3,0.6,True,0.514285714286,472,5,0.955703316031
2020-06-12,Healthcare,10,4,0.8,True,0.588235294118,540,5,0.704909710639
2020-06-12,Industrials,15,4,0.8,True,0.412844036697,426,5,0.566882204105
2020-06-12,Materials,4,3,0.6,True,0.533333333333,165,5,0.6608811749
2020-06-12,RealEstate,1,1,0.2,True,0.2,110,5,0.858156028369
2020-06-12,Tech,19,4,0.8,True,0.437575757576,402,5,0.97640021751
2020-06-12,Utilities,1,1,0.2,True,0.2,133,5,0.827942897262
2020-06-15,Comm,16,4,0.8,True,0.731428571429,310,5,0.844835164835
2020-06-15,Consumer,33,5,1,True,0.638709677419,676,5,0.74529234282
2020-06-15,Energy,20,3,0.6,True,0.43956043956,412,5,0.817413079072
2020-06-15,Financials,14,4,0.8,True,0.753846153846,456,5,0.948916168484
2020-06-15,Healthcare,19,5,1,True,0.714851485149,530,5,0.704045315555
2020-06-15,Industrials,22,4,0.8,True,0.597530864198,421,5,0.57171749754
2020-06-15,Materials,1,1,0.2,True,0.2,150,5,0.624306326304
2020-06-15,RealEstate,2,1,0.2,True,0.2,98,5,0.852930728242
2020-06-15,Tech,13,4,0.8,True,0.637735849057,387,5,0.968782948996
2020-06-15,Utilities,4,2,0.4,True,0.4,127,5,0.813158558104
2020-06-16,Comm,23,5,1,True,0.618713450292,317,5,0.832172580846
2020-06-16,Consumer,12,4,0.8,True,0.576,641,5,0.745504359107
2020-06-16,Energy,15,4,0.8,True,0.529411764706,410,5,0.803114996895
2020-06-16,Financials,10,4,0.8,True,0.666666666667,431,5,0.940109820593
2020-06-16,Healthcare,11,4,0.8,True,0.733333333333,502,5,0.684272835886
2020-06-16,Industrials,24,4,0.8,True,0.559223300971,426,5,0.574382022472
2020-06-16,Materials,1,1,0.2,True,0.2,134,5,0.620885200553
2020-06-16,RealEstate,4,2,0.4,True,0.4,94,5,0.860370009737
2020-06-16,Tech,10,4,0.8,True,0.714285714286,352,5,0.965510792488
2020-06-16,Utilities,3,2,0.4,True,0.36,115,5,0.817114612295
2020-06-17,Comm,12,5,1,True,0.8,309,5,0.821872175597
2020-06-17,Consumer,20,5,1,True,0.754716981132,612,5,0.753761320185
2020-06-17,Energy,10,4,0.8,True,0.588235294118,372,5,0.793349767815
2020-06-17,Financials,10,4,0.8,True,0.588235294118,406,5,0.943591504952
2020-06-17,Healthcare,9,4,0.8,True,0.415384615385,479,5,0.677446594919
2020-06-17,Industrials,6,3,0.6,True,0.4,406,5,0.560895603648
2020-06-17,Materials,1,1,0.2,True,0.2,123,5,0.630769230769
2020-06-17,RealEstate,3,2,0.4,True,0.36,90,5,0.849947534103
2020-06-17,Tech,6,4,0.8,True,0.72,332,5,0.951683647039
2020-06-17,Utilities,3,3,0.6,True,0.6,105,5,0.843857634902
2020-06-18,Comm,16,4,0.8,True,0.433898305085,305,5,0.791197108229
2020-06-18,Consumer,29,5,1,True,0.728138528139,597,5,0.76998973805
2020-06-18,Energy,12,4,0.8,True,0.654545454545,375,5,0.799573560768
2020-06-18,Financials,9,5,1,True,0.704347826087,395,5,0.941582933526
2020-06-18,Healthcare,8,4,0.8,True,0.711111111111,471,5,0.674955503157
2020-06-18,Industrials,10,3,0.6,True,0.47619047619,404,5,0.565446041919
2020-06-18,Materials,3,3,0.6,True,0.6,116,5,0.646301633045
2020-06-18,RealEstate,3,3,0.6,True,0.6,87,5,0.861582242459
2020-06-18,Tech,5,4,0.8,True,0.714285714286,320,5,0.953001395998
2020-06-18,Utilities,2,1,0.2,True,0.2,106,5,0.819547775346
2020-06-19,Comm,11,4,0.8,True,0.620512820513,289,5,0.781483040936
2020-06-19,Consumer,21,5,1,True,0.717073170732,584,5,0.77221392021
2020-06-19,Energy,17,3,0.6,True,0.572277227723,371,5,0.776645507124
2020-06-19,Financials,8,4,0.8,True,0.711111111111,385,5,0.931383329668
2020-06-19,Healthcare,9,4,0.8,True,0.415384615385,450,5,0.681015638137
2020-06-19,Industrials,5,4,0.8,True,0.714285714286,401,5,0.55879276493
2020-06-19,Materials,2,2,0.4,True,0.4,103,5,0.66368470441
2020-06-19,RealEstate,0,0,0,False,,80,5,0.843214756258
2020-06-19,Tech,5,3,0.6,True,0.555555555556,308,5,0.951876379691
2020-06-19,Utilities,2,2,0.4,True,0.4,103,5,0.805237191651
2020-06-22,Comm,11,4,0.8,True,0.537777777778,289,5,0.75254313646
2020-06-22,Consumer,49,5,1,True,0.744496124031,593,5,0.772099814467
2020-06-22,Energy,7,4,0.8,True,0.653333333333,365,5,0.777570257099
2020-06-22,Financials,9,4,0.8,True,0.771428571429,372,5,0.928128772636
2020-06-22,Healthcare,12,4,0.8,True,0.342857142857,441,5,0.659469998813
2020-06-22,Industrials,6,3,0.6,True,0.514285714286,398,5,0.565708367558
2020-06-22,Materials,6,2,0.4,True,0.4,100,5,0.630914826498
2020-06-22,RealEstate,0,0,0,False,,78,5,0.843828016644
2020-06-22,Tech,13,3,0.6,True,0.450666666667,300,5,0.922414676642
2020-06-22,Utilities,6,3,0.6,True,0.514285714286,100,5,0.769230769231
2020-06-23,Comm,8,3,0.6,True,0.492307692308,287,5,0.734814220081
2020-06-23,Consumer,40,5,1,True,0.909090909091,615,5,0.79000135766
2020-06-23,Energy,8,4,0.8,True,0.581818181818,354,5,0.76087431694
2020-06-23,Financials,12,4,0.8,True,0.576,376,5,0.928273145108
2020-06-23,Healthcare,14,4,0.8,True,0.502564102564,433,5,0.646658733854
2020-06-23,Industrials,15,5,1,True,0.420560747664,409,5,0.558655467798
2020-06-23,Materials,5,3,0.6,True,0.555555555556,98,5,0.652002715547
2020-06-23,RealEstate,4,3,0.6,True,0.533333333333,68,5,0.877419354839
2020-06-23,Tech,12,4,0.8,True,0.685714285714,284,5,0.843064701578
2020-06-23,Utilities,5,4,0.8,True,0.714285714286,100,5,0.791139240506
2020-06-24,Comm,16,3,0.6,True,0.382089552239,283,5,0.725410986821
2020-06-24,Consumer,25,5,1,True,0.766871165644,594,5,0.785511376286
2020-06-24,Energy,16,5,1,True,0.691891891892,341,5,0.744365137791
2020-06-24,Financials,10,3,0.6,True,0.526315789474,358,5,0.918870088902
2020-06-24,Healthcare,8,4,0.8,True,0.711111111111,380,5,0.640866323451
2020-06-24,Industrials,13,5,1,True,0.662745098039,406,5,0.559353897316
2020-06-24,Materials,1,1,0.2,True,0.2,90,5,0.656934306569
2020-06-24,RealEstate,2,2,0.4,True,0.4,65,5,0.897980871413
2020-06-24,Tech,7,4,0.8,True,0.653333333333,262,5,0.816704342653
2020-06-24,Utilities,1,1,0.2,True,0.2,96,5,0.79723183391
2020-06-25,Comm,10,3,0.6,True,0.526315789474,271,5,0.711120793997
2020-06-25,Consumer,44,5,1,True,0.490126582278,601,5,0.797467627805
2020-06-25,Energy,17,5,1,True,0.635164835165,344,5,0.743970828618
2020-06-25,Financials,22,5,1,True,0.834482758621,355,5,0.926824783968
2020-06-25,Healthcare,12,3,0.6,True,0.4,368,5,0.628271862677
2020-06-25,Industrials,20,4,0.8,True,0.27397260274,399,5,0.536635599076
2020-06-25,Materials,1,1,0.2,True,0.2,86,5,0.668112014453
2020-06-25,RealEstate,0,0,0,False,,64,5,0.906194690265
2020-06-25,Tech,5,3,0.6,True,0.555555555556,254,5,0.812237189979
2020-06-25,Utilities,2,1,0.2,True,0.2,91,5,0.795103216515
2020-06-26,Comm,5,2,0.4,True,0.294117647059,253,5,0.703125171637
2020-06-26,Consumer,24,5,1,True,0.378947368421,592,5,0.82166318899
2020-06-26,Energy,9,3,0.6,True,0.558620689655,343,5,0.737357024224
2020-06-26,Financials,15,4,0.8,True,0.633802816901,346,5,0.918842581933
2020-06-26,Healthcare,10,3,0.6,True,0.47619047619,358,5,0.640916137421
2020-06-26,Industrials,12,3,0.6,True,0.33488372093,366,5,0.509474004488
2020-06-26,Materials,1,1,0.2,True,0.2,79,5,0.675798592312
2020-06-26,RealEstate,2,1,0.2,True,0.2,62,5,0.867720090293
2020-06-26,Tech,3,2,0.4,True,0.36,238,5,0.806549907447
2020-06-26,Utilities,4,3,0.6,True,0.533333333333,85,5,0.74293059126
2020-06-29,Comm,22,5,1,True,0.49387755102,261,5,0.701663490756
2020-06-29,Consumer,46,5,1,True,0.867213114754,620,5,0.828180545082
2020-06-29,Energy,8,4,0.8,True,0.711111111111,331,5,0.737958441383
2020-06-29,Financials,18,4,0.8,True,0.72,339,5,0.917789402228
2020-06-29,Healthcare,26,5,1,True,0.472727272727,359,5,0.618831776823
2020-06-29,Industrials,30,2,0.4,True,0.228426395939,383,5,0.48116051367
2020-06-29,Materials,2,2,0.4,True,0.4,74,5,0.720526315789
2020-06-29,RealEstate,1,1,0.2,True,0.2,57,5,0.813266583229
2020-06-29,Tech,6,2,0.4,True,0.4,232,5,0.817372817008
2020-06-29,Utilities,1,1,0.2,True,0.2,74,5,0.723381770145
2020-06-30,Comm,9,3,0.6,True,0.317647058824,253,5,0.675663693461
2020-06-30,Consumer,29,5,1,True,0.995266272189,602,5,0.844488977956
2020-06-30,Energy,15,4,0.8,True,0.762711864407,327,5,0.759034605146
2020-06-30,Financials,22,5,1,True,0.744615384615,338,5,0.901120050481
2020-06-30,Healthcare,8,3,0.6,True,0.533333333333,307,5,0.652806926407
2020-06-30,Industrials,20,4,0.8,True,0.34188034188,384,5,0.473541218408
2020-06-30,Materials,3,3,0.6,True,0.6,70,5,0.748091603053
2020-06-30,RealEstate,2,2,0.4,True,0.4,53,5,0.790154711674
2020-06-30,Tech,9,2,0.4,True,0.39512195122,226,5,0.819313442413
2020-06-30,Utilities,2,1,0.2,True,0.2,68,5,0.710291858679
2020-07-01,Comm,6,4,0.8,True,0.72,250,5,0.691907450459
2020-07-01,Consumer,29,5,1,True,0.782325581395,611,5,0.84234027911
2020-07-01,Energy,7,4,0.8,True,0.653333333333,318,5,0.766729850633
2020-07-01,Financials,7,3,0.6,True,0.466666666667,319,5,0.905065148753
2020-07-01,Healthcare,16,4,0.8,True,0.522448979592,298,5,0.678462831385
2020-07-01,Industrials,12,3,0.6,True,0.389189189189,382,5,0.464800127409
2020-07-01,Materials,2,2,0.4,True,0.4,64,5,0.743375680581
2020-07-01,RealEstate,2,2,0.4,True,0.4,50,5,0.841750841751
2020-07-01,Tech,5,3,0.6,True,0.555555555556,218,5,0.81544269046
2020-07-01,Utilities,6,4,0.8,True,0.72,68,5,0.741025641026
2020-07-02,Comm,7,3,0.6,True,0.466666666667,245,5,0.68753221465
2020-07-02,Consumer,23,5,1,True,0.700662251656,601,5,0.840559440559
2020-07-02,Energy,22,5,1,True,0.57619047619,328,5,0.769997137131
2020-07-02,Financials,24,5,1,True,0.9,317,5,0.892640461914
2020-07-02,Healthcare,8,3,0.6,True,0.492307692308,286,5,0.667776961385
2020-07-02,Industrials,15,4,0.8,True,0.542168674699,360,5,0.466942893172
2020-07-02,Materials,1,1,0.2,True,0.2,54,5,0.773474801061
2020-07-02,RealEstate,3,2,0.4,True,0.36,47,5,0.813627992634
2020-07-02,Tech,5,2,0.4,True,0.294117647059,217,5,0.814477211796
2020-07-02,Utilities,2,2,0.4,True,0.4,69,5,0.747996857816
2020-07-06,Comm,21,5,1,True,0.643795620438,255,5,0.682354793011
2020-07-06,Consumer,44,5,1,True,0.860444444444,634,5,0.845564507647
2020-07-06,Energy,16,5,1,True,0.673684210526,332,5,0.761373212682
2020-07-06,Financials,15,4,0.8,True,0.714285714286,312,5,0.881898894727
2020-07-06,Healthcare,28,5,1,True,0.791919191919,293,5,0.683266345656
2020-07-06,Industrials,16,5,1,True,0.4,356,5,0.447356159548
2020-07-06,Materials,5,2,0.4,True,0.384615384615,55,5,0.721096543504
2020-07-06,RealEstate,2,2,0.4,True,0.4,47,5,0.793177737882
2020-07-06,Tech,23,4,0.8,True,0.578142076503,229,5,0.819710824541
2020-07-06,Utilities,37,3,0.6,True,0.404431314623,99,5,0.686584938704
2020-07-07,Comm,14,5,1,True,0.933333333333,258,5,0.699716177862
2020-07-07,Consumer,23,4,0.8,True,0.474439461883,643,5,0.839345493671
2020-07-07,Energy,13,3,0.6,True,0.489855072464,312,5,0.752097658966
2020-07-07,Financials,3,2,0.4,True,0.36,295,5,0.862188537177
2020-07-07,Healthcare,11,4,0.8,True,0.691428571429,296,5,0.675163751252
2020-07-07,Industrials,8,2,0.4,True,0.256,339,5,0.434131046597
2020-07-07,Materials,1,1,0.2,True,0.2,49,5,0.751486697966
2020-07-07,RealEstate,2,1,0.2,True,0.2,47,5,0.790339892665
2020-07-07,Tech,2,2,0.4,True,0.4,216,5,0.814098761124
2020-07-07,Utilities,3,2,0.4,True,0.36,96,5,0.67319211103
2020-07-08,Comm,8,4,0.8,True,0.581818181818,250,5,0.702010558239
2020-07-08,Consumer,22,5,1,True,0.620512820513,645,5,0.832707839193
2020-07-08,Energy,2,1,0.2,True,0.2,295,5,0.743073047859
2020-07-08,Financials,8,4,0.8,True,0.64,290,5,0.867457452295
2020-07-08,Healthcare,17,4,0.8,True,0.621505376344,280,5,0.700500357398
2020-07-08,Industrials,10,5,1,True,0.769230769231,324,5,0.450135071395
2020-07-08,Materials,1,1,0.2,True,0.2,47,5,0.747546531303
2020-07-08,RealEstate,1,1,0.2,True,0.2,45,5,0.789473684211
2020-07-08,Tech,9,3,0.6,True,0.462857142857,209,5,0.785700152891
2020-07-08,Utilities,8,3,0.6,True,0.492307692308,102,5,0.654751415985
2020-07-09,Comm,6,2,0.4,True,0.36,250,5,0.693442804837
2020-07-09,Consumer,24,5,1,True,0.78904109589,643,5,0.843937089844
2020-07-09,Energy,11,4,0.8,True,0.654054054054,286,5,0.735509396637
2020-07-09,Financials,18,4,0.8,True,0.589090909091,287,5,0.848858659247
2020-07-09,Healthcare,7,3,0.6,True,0.576470588235,275,5,0.720272393924
2020-07-09,Industrials,5,3,0.6,True,0.454545454545,305,5,0.443768634466
2020-07-09,Materials,2,2,0.4,True,0.4,47,5,0.752640545145
2020-07-09,RealEstate,2,2,0.4,True,0.4,44,5,0.806666666667
2020-07-09,Tech,11,3,0.6,True,0.410169491525,198,5,0.76961130742
2020-07-09,Utilities,3,3,0.6,True,0.6,100,5,0.658761528327
2020-07-10,Comm,4,2,0.4,True,0.32,248,5,0.679902719434
2020-07-10,Consumer,15,5,1,True,0.633802816901,610,5,0.827164610426
2020-07-10,Energy,9,5,1,True,0.771428571429,271,5,0.735255543875
2020-07-10,Financials,19,5,1,True,0.586991869919,287,5,0.841143732448
2020-07-10,Healthcare,28,5,1,True,0.317408906883,279,5,0.670493991989
2020-07-10,Industrials,9,3,0.6,True,0.317647058824,298,5,0.456435032895
2020-07-10,Materials,1,1,0.2,True,0.2,48,5,0.757894736842
2020-07-10,RealEstate,1,1,0.2,True,0.2,41,5,0.868733850129
2020-07-10,Tech,5,3,0.6,True,0.454545454545,187,4,0.754862385321
2020-07-10,Utilities,2,2,0.4,True,0.4,99,4,0.64586490939
2020-07-13,Comm,11,3,0.6,True,0.49387755102,245,5,0.675082944385
2020-07-13,Consumer,29,5,1,True,0.629962546816,601,5,0.825328748186
2020-07-13,Energy,4,3,0.6,True,0.533333333333,248,5,0.754835542464
2020-07-13,Financials,18,5,1,True,0.549152542373,277,5,0.821114024292
2020-07-13,Healthcare,14,5,1,True,0.52972972973,285,5,0.655754248577
2020-07-13,Industrials,7,4,0.8,True,0.653333333333,280,5,0.461502236873
2020-07-13,Materials,2,2,0.4,True,0.4,46,5,0.763898916968
2020-07-13,RealEstate,1,1,0.2,True,0.2,38,5,0.789071038251
2020-07-13,Tech,8,4,0.8,True,0.581818181818,181,4,0.754948726812
2020-07-13,Utilities,6,4,0.8,True,0.6,103,4,0.633184124142
2020-07-14,Comm,10,4,0.8,True,0.384615384615,246,5,0.654014914082
2020-07-14,Consumer,23,5,1,True,0.889075630252,604,5,0.825693139895
2020-07-14,Energy,2,1,0.2,True,0.2,240,5,0.730686286947
2020-07-14,Financials,47,4,0.8,True,0.390627763042,318,5,0.782996515679
2020-07-14,Healthcare,8,5,1,True,0.914285714286,283,5,0.671859401871
2020-07-14,Industrials,17,5,1,True,0.608421052632,282,5,0.47667685668
2020-07-14,Materials,0,0,0,False,,42,5,0.744303797468
2020-07-14,RealEstate,1,1,0.2,True,0.2,38,5,0.764021164021
2020-07-14,Tech,12,4,0.8,True,0.685714285714,174,4,0.722405153901
2020-07-14,Utilities,2,2,0.4,True,0.4,104,4,0.635861258083
2020-07-15,Comm,7,4,0.8,True,0.653333333333,237,5,0.649164981219
2020-07-15,Consumer,29,5,1,True,0.828571428571,600,5,0.836470096194
2020-07-15,Energy,8,3,0.6,True,0.533333333333,228,5,0.751539684834
2020-07-15,Financials,44,5,1,True,0.569411764706,348,5,0.783438995989
2020-07-15,Healthcare,5,2,0.4,True,0.384615384615,269,5,0.655473526881
2020-07-15,Industrials,8,5,1,True,0.914285714286,268,5,0.466056712738
2020-07-15,Materials,0,0,0,False,,41,5,0.762358276644
2020-07-15,RealEstate,5,3,0.6,True,0.555555555556,41,5,0.76583143508
2020-07-15,Tech,9,4,0.8,True,0.771428571429,170,4,0.722680670168
2020-07-15,Utilities,4,3,0.6,True,0.533333333333,104,4,0.644192972007
2020-07-16,Comm,7,4,0.8,True,0.653333333333,221,5,0.64745807649
2020-07-16,Consumer,25,5,1,True,0.766871165644,613,5,0.837919077722
2020-07-16,Energy,10,3,0.6,True,0.588235294118,223,5,0.762656238019
2020-07-16,Financials,19,3,0.6,True,0.448447204969,357,5,0.788011252976
2020-07-16,Healthcare,13,4,0.8,True,0.328155339806,271,5,0.676158909911
2020-07-16,Industrials,9,4,0.8,True,0.648,253,5,0.460579240871
2020-07-16,Materials,3,3,0.6,True,0.6,43,5,0.781818181818
2020-07-16,RealEstate,0,0,0,False,,37,5,0.730133333333
2020-07-16,Tech,11,4,0.8,True,0.620512820513,171,4,0.714153132251
2020-07-16,Utilities,5,4,0.8,True,0.714285714286,106,4,0.647981545559
2020-07-17,Comm,2,1,0.2,True,0.2,211,5,0.627100500035
2020-07-17,Consumer,19,5,1,True,0.65045045045,612,5,0.838900710014
2020-07-17,Energy,8,4,0.8,True,0.711111111111,221,5,0.766193426935
2020-07-17,Financials,18,4,0.8,True,0.704347826087,365,5,0.772520367632
2020-07-17,Healthcare,11,4,0.8,True,0.537777777778,273,5,0.680785567481
2020-07-17,Industrials,5,2,0.4,True,0.294117647059,252,5,0.457587548638
2020-07-17,Materials,2,2,0.4,True,0.4,44,5,0.810041841004
2020-07-17,RealEstate,0,0,0,False,,34,5,0.760526315789
2020-07-17,Tech,7,3,0.6,True,0.362962962963,172,4,0.708259516399
2020-07-17,Utilities,3,3,0.6,True,0.6,106,4,0.642424242424
2020-07-20,Comm,8,3,0.6,True,0.336842105263,203,5,0.630347992352
2020-07-20,Consumer,31,4,0.8,True,0.688888888889,614,5,0.838980749972
2020-07-20,Energy,26,5,1,True,0.390751445087,235,5,0.768027258188
2020-07-20,Financials,13,3,0.6,True,0.50447761194,369,5,0.766521237369
2020-07-20,Healthcare,7,3,0.6,True,0.466666666667,272,5,0.668449584387
2020-07-20,Industrials,14,3,0.6,True,0.311111111111,256,5,0.443920612342
2020-07-20,Materials,1,1,0.2,True,0.2,42,5,0.747457627119
2020-07-20,RealEstate,5,4,0.8,True,0.714285714286,36,5,0.825477707006
2020-07-20,Tech,22,4,0.8,True,0.474509803922,189,4,0.71037088595
2020-07-20,Utilities,7,3,0.6,True,0.576470588235,111,4,0.64088426528
2020-07-21,Comm,10,5,1,True,0.833333333333,202,5,0.629205859676
2020-07-21,Consumer,46,5,1,True,0.622352941176,639,5,0.875670980817
2020-07-21,Energy,32,5,1,True,0.673684210526,250,5,0.763965285417
2020-07-21,Financials,12,4,0.8,True,0.48,373,5,0.761495306642
2020-07-21,Healthcare,15,4,0.8,True,0.652173913043,278,5,0.681877536615
2020-07-21,Industrials,9,2,0.4,True,0.305660377358,260,5,0.433250016023
2020-07-21,Materials,0,0,0,False,,40,5,0.723981900452
2020-07-21,RealEstate,5,1,0.2,True,0.2,41,5,0.864267352185
2020-07-21,Tech,12,4,0.8,True,0.685714285714,196,4,0.71578162847
2020-07-21,Utilities,3,2,0.4,True,0.36,112,4,0.643612108774
2020-07-22,Comm,7,4,0.8,True,0.653333333333,198,5,0.635912408759
2020-07-22,Consumer,17,5,1,True,0.814084507042,607,5,0.881973884214
2020-07-22,Energy,13,5,1,True,0.866666666667,256,5,0.764892623716
2020-07-22,Financials,15,4,0.8,True,0.652173913043,379,5,0.754357587375
2020-07-22,Healthcare,5,3,0.6,True,0.555555555556,271,5,0.71444136388
2020-07-22,Industrials,14,3,0.6,True,0.417021276596,268,5,0.426356405081
2020-07-22,Materials,2,2,0.4,True,0.4,36,5,0.749132947977
2020-07-22,RealEstate,2,1,0.2,True,0.2,43,5,0.846224256293
2020-07-22,Tech,9,3,0.6,True,0.39512195122,192,4,0.72524099941
2020-07-22,Utilities,0,0,0,False,,106,4,0.634802259887
2020-07-23,Comm,10,3,0.6,True,0.30303030303,200,5,0.616522811344
2020-07-23,Consumer,32,5,1,True,0.716083916084,599,5,0.873473312641
2020-07-23,Energy,7,4,0.8,True,0.753846153846,255,5,0.770484033414
2020-07-23,Financials,10,5,1,True,0.714285714286,377,5,0.744423202828
2020-07-23,Healthcare,7,5,1,True,0.890909090909,264,5,0.736977899968
2020-07-23,Industrials,12,5,1,True,0.423529411765,265,5,0.426653300526
2020-07-23,Materials,11,4,0.8,True,0.620512820513,42,5,0.741176470588
2020-07-23,RealEstate,3,2,0.4,True,0.36,42,5,0.820465116279
2020-07-23,Tech,15,3,0.6,True,0.454545454545,195,4,0.708166495949
2020-07-23,Utilities,4,2,0.4,True,0.4,105,4,0.612670186163
2020-07-24,Comm,18,4,0.8,True,0.498461538462,202,5,0.584668290586
2020-07-24,Consumer,19,5,1,True,0.700970873786,593,5,0.874585587266
2020-07-24,Energy,18,4,0.8,True,0.36404494382,257,5,0.816882072846
2020-07-24,Financials,16,4,0.8,True,0.457142857143,383,5,0.738671098018
2020-07-24,Healthcare,10,5,1,True,0.769230769231,266,5,0.735127272727
2020-07-24,Industrials,14,4,0.8,True,0.478048780488,266,5,0.421016303701
2020-07-24,Materials,5,3,0.6,True,0.555555555556,46,5,0.73986013986
2020-07-24,RealEstate,1,1,0.2,True,0.2,41,5,0.787353629977
2020-07-24,Tech,44,3,0.6,True,0.383366336634,232,4,0.648872814949
2020-07-24,Utilities,9,3,0.6,True,0.39512195122,113,4,0.612275233757
2020-07-27,Comm,5,2,0.4,True,0.384615384615,197,5,0.578418660109
2020-07-27,Consumer,21,4,0.8,True,0.683720930233,570,5,0.8789395374
2020-07-27,Energy,14,4,0.8,True,0.653333333333,254,5,0.801839423316
2020-07-27,Financials,14,4,0.8,True,0.502564102564,375,5,0.722246475437
2020-07-27,Healthcare,14,4,0.8,True,0.56,268,5,0.745603654106
2020-07-27,Industrials,13,4,0.8,True,0.614545454545,259,5,0.445943161044
2020-07-27,Materials,9,4,0.8,True,0.522580645161,54,5,0.730827067669
2020-07-27,RealEstate,3,2,0.4,True,0.36,44,5,0.793442622951
2020-07-27,Tech,34,4,0.8,True,0.449805447471,261,4,0.616730795347
2020-07-27,Utilities,12,4,0.8,True,0.72,123,5,0.636876447064
2020-07-28,Comm,9,2,0.4,True,0.39512195122,201,5,0.59070107464
2020-07-28,Consumer,21,5,1,True,0.766956521739,567,5,0.855080789946
2020-07-28,Energy,2,2,0.4,True,0.4,247,5,0.805984543233
2020-07-28,Financials,17,4,0.8,True,0.635164835165,377,5,0.731737328494
2020-07-28,Healthcare,14,4,0.8,True,0.653333333333,272,5,0.769144401705
2020-07-28,Industrials,29,4,0.8,True,0.417369727047,276,5,0.506220095694
2020-07-28,Materials,9,2,0.4,True,0.249230769231,62,5,0.800833333333
2020-07-28,RealEstate,0,0,0,False,,42,5,0.809174311927
2020-07-28,Tech,17,3,0.6,True,0.494017094017,275,4,0.608529470931
2020-07-28,Utilities,2,1,0.2,True,0.2,121,5,0.63339822626
2020-07-29,Comm,12,4,0.8,True,0.72,191,5,0.615972984382
2020-07-29,Consumer,39,5,1,True,0.450666666667,560,5,0.865652689983
2020-07-29,Energy,5,4,0.8,True,0.714285714286,244,5,0.804214507632
2020-07-29,Financials,13,4,0.8,True,0.536507936508,372,5,0.740140129433
2020-07-29,Healthcare,11,5,1,True,0.691428571429,257,5,0.798416440012
2020-07-29,Industrials,40,4,0.8,True,0.426666666667,286,5,0.545124958347
2020-07-29,Materials,4,3,0.6,True,0.533333333333,64,5,0.8
2020-07-29,RealEstate,6,5,1,True,0.9,47,5,0.841523809524
2020-07-29,Tech,43,4,0.8,True,0.517202797203,312,4,0.611265306122
2020-07-29,Utilities,5,3,0.6,True,0.454545454545,125,5,0.645261201734
2020-07-30,Comm,15,5,1,True,0.737704918033,197,5,0.671261783274
2020-07-30,Consumer,24,5,1,True,0.914285714286,555,5,0.857542560448
2020-07-30,Energy,29,5,1,True,0.740969162996,258,5,0.792900536033
2020-07-30,Financials,9,3,0.6,True,0.462857142857,359,5,0.752128621867
2020-07-30,Healthcare,11,4,0.8,True,0.361194029851,260,5,0.782407407407
2020-07-30,Industrials,46,5,1,True,0.608045977011,312,5,0.619000381534
2020-07-30,Materials,12,5,1,True,0.757894736842,73,5,0.842529644269
2020-07-30,RealEstate,6,4,0.8,True,0.72,51,5,0.834991974318
2020-07-30,Tech,40,4,0.8,True,0.524590163934,343,4,0.635820250223
2020-07-30,Utilities,5,3,0.6,True,0.555555555556,128,5,0.6556222489
2020-07-31,Comm,6,3,0.6,True,0.6,197,5,0.669063011809
2020-07-31,Consumer,19,5,1,True,0.793406593407,545,5,0.856436428644
2020-07-31,Energy,36,2,0.4,True,0.389189189189,287,5,0.732331629251
2020-07-31,Financials,6,3,0.6,True,0.4,358,5,0.753772863612
2020-07-31,Healthcare,35,3,0.6,True,0.584725536993,279,5,0.742863959536
2020-07-31,Industrials,24,5,1,True,0.45,324,5,0.674176353478
2020-07-31,Materials,1,1,0.2,True,0.2,72,5,0.844299674267
2020-07-31,RealEstate,3,2,0.4,True,0.36,52,5,0.816918429003
2020-07-31,Tech,4,2,0.4,True,0.4,342,4,0.627657633485
2020-07-31,Utilities,7,2,0.4,True,0.264864864865,129,5,0.635031482541
2020-08-03,Comm,22,5,1,True,0.636842105263,212,5,0.687112062376
2020-08-03,Consumer,36,5,1,True,0.62009569378,558,5,0.846350811384
2020-08-03,Energy,16,5,1,True,0.55652173913,281,5,0.727918875317
2020-08-03,Financials,13,5,1,True,0.866666666667,347,5,0.75060935698
2020-08-03,Healthcare,24,5,1,True,0.859701492537,295,5,0.768466598967
2020-08-03,Industrials,27,5,1,True,0.732663316583,336,5,0.688180432795
2020-08-03,Materials,2,2,0.4,True,0.4,73,5,0.849243027888
2020-08-03,RealEstate,2,2,0.4,True,0.4,51,5,0.816640502355
2020-08-03,Tech,15,3,0.6,True,0.584415584416,352,4,0.627012802996
2020-08-03,Utilities,4,2,0.4,True,0.32,131,5,0.635710316725
2020-08-04,Comm,21,5,1,True,0.471657754011,212,5,0.749941598532
2020-08-04,Consumer,40,5,1,True,0.535117056856,554,5,0.826153432032
2020-08-04,Energy,10,2,0.4,True,0.384615384615,275,5,0.712871753782
2020-08-04,Financials,11,5,1,True,0.78064516129,343,5,0.76402896386
2020-08-04,Healthcare,11,4,0.8,True,0.537777777778,278,5,0.758653185432
2020-08-04,Industrials,16,3,0.6,True,0.483018867925,336,5,0.696330105471
2020-08-04,Materials,4,4,0.8,True,0.8,72,5,0.898440207972
2020-08-04,RealEstate,2,1,0.2,True,0.2,51,5,0.816640502355
2020-08-04,Tech,23,3,0.6,True,0.470222222222,352,4,0.61610064144
2020-08-04,Utilities,5,3,0.6,True,0.555555555556,99,5,0.667870528109
2020-08-05,Comm,10,4,0.8,True,0.666666666667,208,5,0.744775348597
2020-08-05,Consumer,52,5,1,True,0.420528771384,583,5,0.805739210829
2020-08-05,Energy,15,3,0.6,True,0.445544554455,277,5,0.703065011225
2020-08-05,Financials,13,3,0.6,True,0.59298245614,353,5,0.763792944926
2020-08-05,Healthcare,3,3,0.6,True,0.6,270,5,0.755988800166
2020-08-05,Industrials,12,5,1,True,0.423529411765,340,5,0.701030927835
2020-08-05,Materials,4,3,0.6,True,0.533333333333,75,5,0.919869174162
2020-08-05,RealEstate,3,2,0.4,True,0.36,52,5,0.834567901235
2020-08-05,Tech,19,4,0.8,True,0.627826086957,369,4,0.615792687063
2020-08-05,Utilities,4,3,0.6,True,0.533333333333,100,5,0.68306010929
2020-08-06,Comm,13,3,0.6,True,0.50447761194,213,5,0.772961921799
2020-08-06,Consumer,17,5,1,True,0.502608695652,578,5,0.802064677214
2020-08-06,Energy,5,2,0.4,True,0.384615384615,280,5,0.711240134265
2020-08-06,Financials,8,4,0.8,True,0.64,353,5,0.759695168419
2020-08-06,Healthcare,11,3,0.6,True,0.537777777778,264,5,0.753714718287
2020-08-06,Industrials,5,3,0.6,True,0.454545454545,335,5,0.686622411209
2020-08-06,Materials,3,3,0.6,True,0.6,77,5,0.921367521368
2020-08-06,RealEstate,3,2,0.4,True,0.36,54,5,0.86528189911
2020-08-06,Tech,7,3,0.6,True,0.466666666667,367,4,0.615397619537
2020-08-06,Utilities,8,2,0.4,True,0.4,100,5,0.718907260963
2020-08-07,Comm,28,2,0.4,True,0.397969543147,235,5,0.763778438559
2020-08-07,Consumer,15,4,0.8,True,0.633802816901,569,5,0.798828014163
2020-08-07,Energy,9,3,0.6,True,0.462857142857,278,5,0.703541192535
2020-08-07,Financials,7,3,0.6,True,0.466666666667,342,5,0.758423032032
2020-08-07,Healthcare,13,5,1,True,0.572881355932,270,5,0.74387755102
2020-08-07,Industrials,8,4,0.8,True,0.711111111111,338,5,0.698142263505
2020-08-07,Materials,0,0,0,False,,75,5,0.922887612797
2020-08-07,RealEstate,6,4,0.8,True,0.72,58,5,0.853807106599
2020-08-07,Tech,3,2,0.4,True,0.36,359,4,0.615404082607
2020-08-07,Utilities,1,1,0.2,True,0.2,98,5,0.725925925926
2020-08-10,Comm,11,5,1,True,0.896296296296,242,5,0.783045861746
2020-08-10,Consumer,24,5,1,True,0.626086956522,578,5,0.803163765747
2020-08-10,Energy,18,5,1,True,0.578571428571,287,5,0.727095378912
2020-08-10,Financials,10,5,1,True,0.833333333333,333,5,0.768914467982
2020-08-10,Healthcare,8,3,0.6,True,0.336842105263,250,5,0.788544032299
2020-08-10,Industrials,10,3,0.6,True,0.526315789474,339,5,0.708361327704
2020-08-10,Materials,5,3,0.6,True,0.454545454545,79,5,0.929411764706
2020-08-10,RealEstate,1,1,0.2,True,0.2,58,5,0.826535626536
2020-08-10,Tech,11,4,0.8,True,0.691428571429,365,4,0.617253920819
2020-08-10,Utilities,6,3,0.6,True,0.514285714286,102,5,0.742082738944
2020-08-11,Comm,9,3,0.6,True,0.558620689655,240,5,0.796900940786
2020-08-11,Consumer,22,4,0.8,True,0.722388059701,571,5,0.810754827239
2020-08-11,Energy,14,4,0.8,True,0.56,297,5,0.730358103912
2020-08-11,Financials,21,4,0.8,True,0.694488188976,336,5,0.768
2020-08-11,Healthcare,6,3,0.6,True,0.514285714286,242,5,0.797114468491
2020-08-11,Industrials,12,3,0.6,True,0.33488372093,344,5,0.68374646097
2020-08-11,Materials,4,1,0.2,True,0.2,81,5,0.916981132075
2020-08-11,RealEstate,1,1,0.2,True,0.2,58,5,0.824509803922
2020-08-11,Tech,11,3,0.6,True,0.537777777778,368,4,0.610595608458
2020-08-11,Utilities,2,2,0.4,True,0.4,98,5,0.738201383551
2020-08-12,Comm,7,3,0.6,True,0.466666666667,237,5,0.808477869737
2020-08-12,Consumer,14,4,0.8,True,0.502564102564,562,5,0.801776965451
2020-08-12,Energy,11,5,1,True,0.78064516129,306,5,0.738570752485
2020-08-12,Financials,22,4,0.8,True,0.681690140845,311,5,0.766562314246
2020-08-12,Healthcare,4,3,0.6,True,0.533333333333,238,5,0.794446002805
2020-08-12,Industrials,11,4,0.8,True,0.654054054054,338,5,0.68681014789
2020-08-12,Materials,0,0,0,False,,81,5,0.916981132075
2020-08-12,RealEstate,1,1,0.2,True,0.2,58,5,0.824509803922
2020-08-12,Tech,18,4,0.8,True,0.635294117647,374,4,0.615841148241
2020-08-12,Utilities,9,5,1,True,0.852631578947,105,5,0.75025518884
2020-08-13,Comm,10,4,0.8,True,0.714285714286,240,5,0.821331812348
2020-08-13,Consumer,16,5,1,True,0.673684210526,549,5,0.794446274892
2020-08-13,Energy,3,2,0.4,True,0.36,301,5,0.744247751263
2020-08-13,Financials,12,5,1,True,0.847058823529,279,5,0.781810877316
2020-08-13,Healthcare,5,5,1,True,1,238,5,0.809315616517
2020-08-13,Industrials,8,3,0.6,True,0.426666666667,338,5,0.695507122854
2020-08-13,Materials,1,1,0.2,True,0.2,82,5,0.909878213802
2020-08-13,RealEstate,2,1,0.2,True,0.2,55,5,0.797101449275
2020-08-13,Tech,12,3,0.6,True,0.464516129032,377,4,0.606417066667
2020-08-13,Utilities,2,2,0.4,True,0.4,103,5,0.766823274304
2020-08-14,Comm,6,4,0.8,True,0.72,239,5,0.82526908907
2020-08-14,Consumer,12,4,0.8,True,0.411428571429,536,5,0.794491302785
2020-08-14,Energy,8,3,0.6,True,0.533333333333,299,5,0.738881771974
2020-08-14,Financials,12,4,0.8,True,0.576,272,5,0.783728813559
2020-08-14,Healthcare,3,2,0.4,True,0.36,228,5,0.77334126748
2020-08-14,Industrials,12,5,1,True,0.9,341,5,0.701269487079
2020-08-14,Materials,3,3,0.6,True,0.6,82,5,0.909878213802
2020-08-14,RealEstate,3,3,0.6,True,0.6,58,5,0.810602409639
2020-08-14,Tech,8,4,0.8,True,0.711111111111,374,4,0.608712302537
2020-08-14,Utilities,2,2,0.4,True,0.4,100,5,0.767459708365
2020-08-17,Comm,9,5,1,True,0.852631578947,246,5,0.836665284114
2020-08-17,Consumer,46,5,1,True,0.474439461883,563,5,0.786162679663
2020-08-17,Energy,17,4,0.8,True,0.68,308,5,0.742807924203
2020-08-17,Financials,12,4,0.8,True,0.685714285714,266,5,0.785479573712
2020-08-17,Healthcare,8,5,1,True,0.914285714286,225,5,0.794803359761
2020-08-17,Industrials,11,3,0.6,True,0.537777777778,347,5,0.710189035359
2020-08-17,Materials,6,3,0.6,True,0.4,86,5,0.875266272189
2020-08-17,RealEstate,2,2,0.4,True,0.4,60,5,0.803571428571
2020-08-17,Tech,13,4,0.8,True,0.71914893617,380,4,0.620461478967
2020-08-17,Utilities,3,2,0.4,True,0.36,100,5,0.762776506484
2020-08-18,Comm,13,5,1,True,0.689795918367,251,5,0.848098539409
2020-08-18,Consumer,44,5,1,True,0.357195571956,576,5,0.774327257451
2020-08-18,Energy,12,4,0.8,True,0.533333333333,294,5,0.755229357798
2020-08-18,Financials,12,4,0.8,True,0.757894736842,265,5,0.794985000283
2020-08-18,Healthcare,6,3,0.6,True,0.6,224,5,0.804231447347
2020-08-18,Industrials,8,2,0.4,True,0.4,341,5,0.727506491069
2020-08-18,Materials,3,3,0.6,True,0.6,88,5,0.891139240506
2020-08-18,RealEstate,2,1,0.2,True,0.2,57,5,0.785731559855
2020-08-18,Tech,13,4,0.8,True,0.751111111111,371,4,0.620661511059
2020-08-18,Utilities,1,1,0.2,True,0.2,94,5,0.785422222222
2020-08-19,Comm,1,1,0.2,True,0.2,242,5,0.845079365079
2020-08-19,Consumer,32,5,1,True,0.401568627451,562,5,0.731442069429
2020-08-19,Energy,8,3,0.6,True,0.492307692308,270,5,0.760325406758
2020-08-19,Financials,8,3,0.6,True,0.426666666667,261,5,0.795202241289
2020-08-19,Healthcare,17,4,0.8,True,0.377777777778,226,5,0.774935518131
2020-08-19,Industrials,12,4,0.8,True,0.654545454545,344,5,0.741871982948
2020-08-19,Materials,2,1,0.2,True,0.2,90,5,0.897009966777
2020-08-19,RealEstate,3,3,0.6,True,0.6,55,5,0.825375170532
2020-08-19,Tech,5,2,0.4,True,0.384615384615,364,4,0.619458600215
2020-08-19,Utilities,0,0,0,False,,91,5,0.801257861635
2020-08-20,Comm,8,4,0.8,True,0.457142857143,243,5,0.835973667445
2020-08-20,Consumer,19,5,1,True,0.700970873786,564,5,0.72762540888
2020-08-20,Energy,14,4,0.8,True,0.675862068966,271,5,0.746313703572
2020-08-20,Financials,16,5,1,True,0.691891891892,262,5,0.807101704879
2020-08-20,Healthcare,7,5,1,True,0.890909090909,228,5,0.774724292101
2020-08-20,Industrials,14,4,0.8,True,0.675862068966,344,5,0.770567168067
2020-08-20,Materials,5,3,0.6,True,0.454545454545,93,5,0.869683257919
2020-08-20,RealEstate,2,2,0.4,True,0.4,55,5,0.855728429986
2020-08-20,Tech,19,2,0.4,True,0.222153846154,374,4,0.602342606149
2020-08-20,Utilities,8,5,1,True,0.914285714286,99,5,0.826739772248
2020-08-21,Comm,10,3,0.6,True,0.454545454545,243,5,0.850053984021
2020-08-21,Consumer,21,5,1,True,0.909278350515,553,5,0.733047282316
2020-08-21,Energy,7,2,0.4,True,0.392,271,5,0.733566398642
2020-08-21,Financials,15,4,0.8,True,0.692307692308,267,5,0.807853136155
2020-08-21,Healthcare,5,2,0.4,True,0.294117647059,226,5,0.74913464359
2020-08-21,Industrials,14,5,1,True,0.7,346,5,0.784611351422
2020-08-21,Materials,1,1,0.2,True,0.2,83,5,0.824536205865
2020-08-21,RealEstate,4,2,0.4,True,0.32,56,5,0.856830601093
2020-08-21,Tech,13,4,0.8,True,0.71914893617,372,4,0.613730707823
2020-08-21,Utilities,3,2,0.4,True,0.36,98,5,0.832957502168
2020-08-24,Comm,6,2,0.4,True,0.36,231,5,0.843052373805
2020-08-24,Consumer,18,5,1,True,0.675,552,5,0.727234540204
2020-08-24,Energy,22,3,0.6,True,0.509473684211,275,5,0.667446273333
2020-08-24,Financials,9,5,1,True,0.852631578947,260,5,0.831692913386
2020-08-24,Healthcare,6,4,0.8,True,0.72,222,5,0.762084428638
2020-08-24,Industrials,16,4,0.8,True,0.433898305085,348,5,0.778803858521
2020-08-24,Materials,3,3,0.6,True,0.6,81,5,0.840614990391
2020-08-24,RealEstate,4,4,0.8,True,0.8,59,5,0.862701363073
2020-08-24,Tech,13,3,0.6,True,0.554098360656,341,4,0.637138708529
2020-08-24,Utilities,4,3,0.6,True,0.533333333333,93,5,0.86360459311
2020-08-25,Comm,4,2,0.4,True,0.32,230,5,0.838351822504
2020-08-25,Consumer,15,4,0.8,True,0.584415584416,546,5,0.726739962458
2020-08-25,Energy,16,2,0.4,True,0.226548672566,277,5,0.646220575231
2020-08-25,Financials,6,3,0.6,True,0.514285714286,252,5,0.847511010276
2020-08-25,Healthcare,20,3,0.6,True,0.245398773006,228,5,0.821102511452
2020-08-25,Industrials,8,5,1,True,0.8,343,5,0.78755564481
2020-08-25,Materials,1,1,0.2,True,0.2,73,5,0.854691259022
2020-08-25,RealEstate,2,2,0.4,True,0.4,58,5,0.85164556962
2020-08-25,Tech,12,4,0.8,True,0.626086956522,319,4,0.650250806735
2020-08-25,Utilities,2,2,0.4,True,0.4,83,5,0.84475781729
2020-08-26,Comm,10,4,0.8,True,0.588235294118,231,5,0.830844686649
2020-08-26,Consumer,15,4,0.8,True,0.51724137931,540,5,0.714075815457
2020-08-26,Energy,12,3,0.6,True,0.436363636364,287,5,0.63943640104
2020-08-26,Financials,11,4,0.8,True,0.654054054054,246,5,0.849228178501
2020-08-26,Healthcare,10,5,1,True,0.625,224,5,0.820137299771
2020-08-26,Industrials,8,4,0.8,True,0.581818181818,322,5,0.741871780195
2020-08-26,Materials,1,1,0.2,True,0.2,65,5,0.813282001925
2020-08-26,RealEstate,4,3,0.6,True,0.533333333333,62,5,0.844835164835
2020-08-26,Tech,9,3,0.6,True,0.558620689655,311,4,0.667570832039
2020-08-26,Utilities,8,3,0.6,True,0.426666666667,89,5,0.808677896886
2020-08-27,Comm,3,2,0.4,True,0.36,222,5,0.816771627444
2020-08-27,Consumer,27,5,1,True,0.384696569921,528,5,0.675610701822
2020-08-27,Energy,16,5,1,True,0.64,298,5,0.636907408736
2020-08-27,Financials,4,3,0.6,True,0.533333333333,237,5,0.84547301874
2020-08-27,Healthcare,36,5,1,True,0.284210526316,249,5,0.908239947264
2020-08-27,Industrials,20,5,1,True,0.481927710843,302,5,0.768033684211
2020-08-27,Materials,3,2,0.4,True,0.36,64,5,0.8
2020-08-27,RealEstate,4,3,0.6,True,0.533333333333,60,5,0.812641083521
2020-08-27,Tech,13,4,0.8,True,0.751111111111,281,4,0.682021161736
2020-08-27,Utilities,2,2,0.4,True,0.4,86,5,0.832882882883
2020-08-28,Comm,7,2,0.4,True,0.392,214,5,0.784850042845
2020-08-28,Consumer,23,3,0.6,True,0.421513944223,527,5,0.675172908386
2020-08-28,Energy,7,3,0.6,True,0.466666666667,276,5,0.606448531168
2020-08-28,Financials,12,5,1,True,0.8,240,5,0.835145715528
2020-08-28,Healthcare,14,5,1,True,0.6125,252,5,0.916231424037
2020-08-28,Industrials,8,3,0.6,True,0.426666666667,264,5,0.735422602089
2020-08-28,Materials,4,2,0.4,True,0.32,56,5,0.737882352941
2020-08-28,RealEstate,1,1,0.2,True,0.2,55,5,0.772669220945
2020-08-28,Tech,4,2,0.4,True,0.32,245,4,0.650853889943
2020-08-28,Utilities,0,0,0,False,,81,5,0.818590143481
2020-08-31,Comm,5,3,0.6,True,0.454545454545,213,5,0.769553048936
2020-08-31,Consumer,27,5,1,True,0.459936908517,535,5,0.664750624165
2020-08-31,Energy,23,5,1,True,0.450212765957,263,5,0.623509262181
2020-08-31,Financials,8,5,1,True,0.914285714286,242,5,0.834482758621
2020-08-31,Healthcare,16,4,0.8,True,0.512,233,5,0.885989392085
2020-08-31,Industrials,16,5,1,True,0.465454545455,256,5,0.704158160524
2020-08-31,Materials,2,2,0.4,True,0.4,57,5,0.729292929293
2020-08-31,RealEstate,2,2,0.4,True,0.4,54,5,0.732663316583
2020-08-31,Tech,18,4,0.8,True,0.6,259,4,0.651429958728
2020-08-31,Utilities,12,5,1,True,0.626086956522,86,5,0.769614984391
2020-09-01,Comm,4,3,0.6,True,0.533333333333,195,5,0.788654982889
2020-09-01,Consumer,29,4,0.8,True,0.361720430108,528,5,0.646995752976
2020-09-01,Energy,13,4,0.8,True,0.59298245614,260,5,0.632662611137
2020-09-01,Financials,9,5,1,True,0.852631578947,238,5,0.83484156227
2020-09-01,Healthcare,21,4,0.8,True,0.717073170732,230,5,0.859882964889
2020-09-01,Industrials,4,3,0.6,True,0.533333333333,233,5,0.70390923825
2020-09-01,Materials,0,0,0,False,,55,5,0.733333333333
2020-09-01,RealEstate,4,3,0.6,True,0.533333333333,56,5,0.731002331002
2020-09-01,Tech,15,4,0.8,True,0.692307692308,259,4,0.660733809407
2020-09-01,Utilities,1,1,0.2,True,0.2,83,5,0.783285957931
2020-09-02,Comm,7,3,0.6,True,0.576470588235,181,5,0.730050139276
2020-09-02,Consumer,17,5,1,True,0.91746031746,505,5,0.648431838696
2020-09-02,Energy,7,2,0.4,True,0.337931034483,257,5,0.634202314081
2020-09-02,Financials,10,3,0.6,True,0.526315789474,237,5,0.818730413235
2020-09-02,Healthcare,8,4,0.8,True,0.581818181818,227,5,0.86932096162
2020-09-02,Industrials,8,3,0.6,True,0.581818181818,225,5,0.716205701351
2020-09-02,Materials,3,3,0.6,True,0.6,54,5,0.687735849057
2020-09-02,RealEstate,1,1,0.2,True,0.2,55,5,0.745992601726
2020-09-02,Tech,11,3,0.6,True,0.410169491525,247,4,0.667239022256
2020-09-02,Utilities,3,3,0.6,True,0.6,81,5,0.79095840868
2020-09-03,Comm,10,3,0.6,True,0.37037037037,181,5,0.686885417759
2020-09-03,Consumer,20,4,0.8,True,0.677966101695,473,5,0.639417539548
2020-09-03,Energy,7,3,0.6,True,0.362962962963,249,5,0.649667312831
2020-09-03,Financials,12,5,1,True,0.847058823529,236,5,0.833273488929
2020-09-03,Healthcare,10,3,0.6,True,0.47619047619,234,5,0.875675675676
2020-09-03,Industrials,10,4,0.8,True,0.769230769231,223,5,0.743388893041
2020-09-03,Materials,5,2,0.4,True,0.294117647059,55,5,0.61049445005
2020-09-03,RealEstate,1,1,0.2,True,0.2,53,5,0.713850063532
2020-09-03,Tech,10,3,0.6,True,0.555555555556,238,4,0.686344359627
2020-09-03,Utilities,2,1,0.2,True,0.2,79,5,0.78355304457
2020-09-04,Comm,7,2,0.4,True,0.264864864865,175,5,0.644126616889
2020-09-04,Consumer,16,5,1,True,0.825806451613,472,5,0.637491057888
2020-09-04,Energy,7,4,0.8,True,0.515789473684,251,5,0.661809969011
2020-09-04,Financials,16,5,1,True,0.711111111111,244,5,0.833954335341
2020-09-04,Healthcare,11,2,0.4,True,0.372307692308,234,5,0.869971401335
2020-09-04,Industrials,5,3,0.6,True,0.454545454545,223,5,0.755587631999
2020-09-04,Materials,5,3,0.6,True,0.555555555556,57,5,0.611288805268
2020-09-04,RealEstate,5,3,0.6,True,0.454545454545,55,5,0.742331288344
2020-09-04,Tech,5,4,0.8,True,0.714285714286,236,4,0.698557632008
2020-09-04,Utilities,1,1,0.2,True,0.2,72,5,0.754585152838
2020-09-08,Comm,6,2,0.4,True,0.276923076923,153,5,0.644609665428
2020-09-08,Consumer,41,5,1,True,0.794799054374,498,5,0.654484997229
2020-09-08,Energy,21,5,1,True,0.766956521739,263,5,0.674984142474
2020-09-08,Financials,16,5,1,True,0.914285714286,253,5,0.851126919753
2020-09-08,Healthcare,15,5,1,True,0.569620253165,236,5,0.864307883302
2020-09-08,Industrials,16,5,1,True,0.465454545455,231,5,0.723489932886
2020-09-08,Materials,2,2,0.4,True,0.4,59,5,0.608034934498
2020-09-08,RealEstate,2,1,0.2,True,0.2,51,5,0.713580246914
2020-09-08,Tech,13,4,0.8,True,0.751111111111,246,4,0.709199578109
2020-09-08,Utilities,11,5,1,True,0.456603773585,82,5,0.723789020452
2020-09-09,Comm,5,3,0.6,True,0.555555555556,147,5,0.623726367441
2020-09-09,Consumer,22,4,0.8,True,0.569411764706,496,5,0.625374310481
2020-09-09,Energy,2,1,0.2,True,0.2,247,5,0.655200558449
2020-09-09,Financials,6,4,0.8,True,0.6,249,5,0.850902353668
2020-09-09,Healthcare,9,3,0.6,True,0.490909090909,237,5,0.873613811338
2020-09-09,Industrials,10,3,0.6,True,0.526315789474,231,5,0.723489932886
2020-09-09,Materials,0,0,0,False,,54,5,0.548120300752
2020-09-09,RealEstate,1,1,0.2,True,0.2,51,5,0.692676431425
2020-09-09,Tech,14,4,0.8,True,0.632258064516,249,4,0.713270060397
2020-09-09,Utilities,1,1,0.2,True,0.2,77,5,0.699587020649
2020-09-10,Comm,3,2,0.4,True,0.36,141,5,0.598735130251
2020-09-10,Consumer,15,4,0.8,True,0.529411764706,489,5,0.622735263096
2020-09-10,Energy,2,2,0.4,True,0.4,235,5,0.643460530149
2020-09-10,Financials,8,4,0.8,True,0.64,236,5,0.849412841238
2020-09-10,Healthcare,1,1,0.2,True,0.2,232,5,0.875614120709
2020-09-10,Industrials,8,2,0.4,True,0.376470588235,227,5,0.725505103837
2020-09-10,Materials,2,2,0.4,True,0.4,52,5,0.598230088496
2020-09-10,RealEstate,0,0,0,False,,50,5,0.70821529745
2020-09-10,Tech,11,3,0.6,True,0.590243902439,249,4,0.719895500726
2020-09-10,Utilities,2,2,0.4,True,0.4,77,5,0.704575163399
2020-09-11,Comm,4,3,0.6,True,0.533333333333,138,5,0.613333333333
2020-09-11,Consumer,14,4,0.8,True,0.653333333333,489,5,0.622168160589
2020-09-11,Energy,7,3,0.6,True,0.515789473684,231,5,0.64621253406
2020-09-11,Financials,6,3,0.6,True,0.514285714286,220,5,0.848081303662
2020-09-11,Healthcare,14,5,1,True,0.98,242,5,0.881324303988
2020-09-11,Industrials,8,3,0.6,True,0.426666666667,224,5,0.722476601872
2020-09-11,Materials,1,1,0.2,True,0.2,53,5,0.608667388949
2020-09-11,RealEstate,2,2,0.4,True,0.4,51,5,0.759416058394
2020-09-11,Tech,7,3,0.6,True,0.576470588235,238,4,0.713490364026
2020-09-11,Utilities,1,1,0.2,True,0.2,69,5,0.694529540481
2020-09-14,Comm,12,3,0.6,True,0.389189189189,140,5,0.561122244489
2020-09-14,Consumer,33,5,1,True,0.593460490463,506,5,0.61594495766
2020-09-14,Energy,11,2,0.4,True,0.372307692308,239,5,0.645179872367
2020-09-14,Financials,10,4,0.8,True,0.769230769231,218,5,0.842773541408
2020-09-14,Healthcare,39,5,1,True,0.473094867807,276,5,0.88731508445
2020-09-14,Industrials,10,3,0.6,True,0.47619047619,226,5,0.687151890219
2020-09-14,Materials,6,2,0.4,True,0.36,58,5,0.62644320298
2020-09-14,RealEstate,2,1,0.2,True,0.2,51,5,0.759416058394
2020-09-14,Tech,21,4,0.8,True,0.728925619835,247,4,0.727206627332
2020-09-14,Utilities,5,2,0.4,True,0.294117647059,72,5,0.633740831296
2020-09-15,Comm,11,3,0.6,True,0.49387755102,145,5,0.548883957708
2020-09-15,Consumer,18,4,0.8,True,0.661224489796,512,5,0.623617851365
2020-09-15,Energy,4,2,0.4,True,0.32,235,5,0.646170947171
2020-09-15,Financials,5,2,0.4,True,0.294117647059,211,5,0.842004728132
2020-09-15,Healthcare,14,5,1,True,0.675862068966,287,5,0.885735792247
2020-09-15,Industrials,12,5,1,True,0.626086956522,226,5,0.677940005309
2020-09-15,Materials,0,0,0,False,,55,5,0.616717635066
2020-09-15,RealEstate,4,2,0.4,True,0.32,52,5,0.76384180791
2020-09-15,Tech,16,4,0.8,True,0.752941176471,255,4,0.735868273638
2020-09-15,Utilities,7,2,0.4,True,0.264864864865,77,5,0.573681664248
2020-09-16,Comm,8,3,0.6,True,0.336842105263,144,5,0.514540942928
2020-09-16,Consumer,11,3,0.6,True,0.456603773585,477,5,0.635529237602
2020-09-16,Energy,7,2,0.4,True,0.392,225,5,0.633644157957
2020-09-16,Financials,10,5,1,True,0.833333333333,209,5,0.85792006285
2020-09-16,Healthcare,3,3,0.6,True,0.6,282,5,0.882129783694
2020-09-16,Industrials,24,4,0.8,True,0.59381443299,239,5,0.665551995339
2020-09-16,Materials,2,2,0.4,True,0.4,51,5,0.654339622642
2020-09-16,RealEstate,1,1,0.2,True,0.2,51,5,0.757205240175
2020-09-16,Tech,7,3,0.6,True,0.466666666667,249,4,0.743105411398
2020-09-16,Utilities,5,2,0.4,True,0.294117647059,79,5,0.558478747204
2020-09-17,Comm,5,3,0.6,True,0.454545454545,136,5,0.496937130575
2020-09-17,Consumer,24,4,0.8,True,0.581818181818,457,5,0.66687634709
2020-09-17,Energy,7,2,0.4,True,0.264864864865,220,5,0.629880270692
2020-09-17,Financials,10,5,1,True,0.769230769231,207,5,0.861199879409
2020-09-17,Healthcare,13,5,1,True,0.866666666667,289,5,0.892556772642
2020-09-17,Industrials,27,5,1,True,0.697607655502,258,5,0.686722376973
2020-09-17,Materials,7,3,0.6,True,0.466666666667,55,5,0.61797752809
2020-09-17,RealEstate,2,2,0.4,True,0.4,51,5,0.782255639098
2020-09-17,Tech,11,3,0.6,True,0.410169491525,247,4,0.745603421937
2020-09-17,Utilities,0,0,0,False,,78,5,0.548108108108
2020-09-18,Comm,7,4,0.8,True,0.515789473684,142,5,0.517158245704
2020-09-18,Consumer,26,5,1,True,0.696907216495,451,5,0.692322878197
2020-09-18,Energy,8,2,0.4,True,0.4,220,5,0.616639062301
2020-09-18,Financials,8,4,0.8,True,0.581818181818,207,5,0.857237171151
2020-09-18,Healthcare,13,4,0.8,True,0.689795918367,285,5,0.894893406049
2020-09-18,Industrials,6,4,0.8,True,0.6,252,5,0.690335906077
2020-09-18,Materials,0,0,0,False,,53,5,0.583385254413
2020-09-18,RealEstate,2,2,0.4,True,0.4,50,5,0.757575757576
2020-09-18,Tech,5,2,0.4,True,0.384615384615,247,4,0.752500770891
2020-09-18,Utilities,1,1,0.2,True,0.2,79,5,0.541048981361
2020-09-21,Comm,17,4,0.8,True,0.583838383838,151,5,0.535046345184
2020-09-21,Consumer,35,4,0.8,True,0.369532428356,467,5,0.667806782516
2020-09-21,Energy,10,3,0.6,True,0.434782608696,216,5,0.612926957436
2020-09-21,Financials,15,4,0.8,True,0.633802816901,206,5,0.861294905622
2020-09-21,Healthcare,9,4,0.8,True,0.522580645161,287,5,0.900060099437
2020-09-21,Industrials,16,4,0.8,True,0.449122807018,254,5,0.662586012119
2020-09-21,Materials,5,3,0.6,True,0.555555555556,53,5,0.613989071038
2020-09-21,RealEstate,1,1,0.2,True,0.2,49,5,0.742194744977
2020-09-21,Tech,6,3,0.6,True,0.514285714286,234,4,0.775361087511
2020-09-21,Utilities,1,1,0.2,True,0.2,72,5,0.488595664467
2020-09-22,Comm,5,3,0.6,True,0.555555555556,146,5,0.537468482098
2020-09-22,Consumer,30,5,1,True,0.652173913043,476,5,0.662367351712
2020-09-22,Energy,4,3,0.6,True,0.533333333333,213,5,0.627380211574
2020-09-22,Financials,6,4,0.8,True,0.72,197,5,0.862518057562
2020-09-22,Healthcare,5,4,0.8,True,0.714285714286,287,5,0.902921348315
2020-09-22,Industrials,12,5,1,True,0.8,252,5,0.670156184044
2020-09-22,Materials,0,0,0,False,,52,5,0.624480369515
2020-09-22,RealEstate,1,1,0.2,True,0.2,46,5,0.755714285714
2020-09-22,Tech,6,3,0.6,True,0.514285714286,227,4,0.775747083177
2020-09-22,Utilities,1,1,0.2,True,0.2,70,5,0.485629335976
2020-09-23,Comm,3,2,0.4,True,0.36,143,5,0.538202395052
2020-09-23,Consumer,32,4,0.8,True,0.578531073446,490,5,0.676776503087
2020-09-23,Energy,9,3,0.6,True,0.558620689655,200,5,0.64
2020-09-23,Financials,9,4,0.8,True,0.522580645161,197,5,0.8502355132
2020-09-23,Healthcare,5,2,0.4,True,0.384615384615,286,5,0.898264880299
2020-09-23,Industrials,8,3,0.6,True,0.492307692308,244,5,0.696490407113
2020-09-23,Materials,1,1,0.2,True,0.2,50,5,0.582750582751
2020-09-23,RealEstate,0,0,0,False,,42,5,0.738075313808
2020-09-23,Tech,2,2,0.4,True,0.4,216,4,0.776693857167
2020-09-23,Utilities,3,3,0.6,True,0.6,69,5,0.493623639191
2020-09-24,Comm,7,2,0.4,True,0.337931034483,146,5,0.53410172889
2020-09-24,Consumer,19,4,0.8,True,0.65045045045,494,5,0.672071823965
2020-09-24,Energy,7,4,0.8,True,0.653333333333,191,5,0.668211374668
2020-09-24,Financials,14,4,0.8,True,0.478048780488,205,5,0.827997241651
2020-09-24,Healthcare,4,3,0.6,True,0.533333333333,270,5,0.867237687366
2020-09-24,Industrials,11,3,0.6,True,0.49387755102,247,5,0.68170288843
2020-09-24,Materials,1,1,0.2,True,0.2,50,5,0.602409638554
2020-09-24,RealEstate,1,1,0.2,True,0.2,41,5,0.755505617978
2020-09-24,Tech,10,4,0.8,True,0.714285714286,214,4,0.779639087504
2020-09-24,Utilities,1,1,0.2,True,0.2,68,5,0.505355191257
2020-09-25,Comm,3,2,0.4,True,0.36,139,5,0.540220886341
2020-09-25,Consumer,14,4,0.8,True,0.675862068966,493,5,0.674676955961
2020-09-25,Energy,7,4,0.8,True,0.653333333333,186,5,0.700749442982
2020-09-25,Financials,5,3,0.6,True,0.454545454545,199,5,0.826139563993
2020-09-25,Healthcare,5,2,0.4,True,0.384615384615,265,5,0.845524050328
2020-09-25,Industrials,22,4,0.8,True,0.293333333333,261,5,0.648925934746
2020-09-25,Materials,1,1,0.2,True,0.2,50,5,0.602409638554
2020-09-25,RealEstate,0,0,0,False,,37,5,0.750136986301
2020-09-25,Tech,7,4,0.8,True,0.653333333333,212,4,0.784226138545
2020-09-25,Utilities,0,0,0,False,,60,5,0.514285714286
2020-09-28,Comm,16,4,0.8,True,0.544680851064,152,5,0.543495648083
2020-09-28,Consumer,34,5,1,True,0.831654676259,500,5,0.706394281032
2020-09-28,Energy,13,3,0.6,True,0.489855072464,183,5,0.686742540757
2020-09-28,Financials,17,5,1,True,0.83768115942,212,5,0.84180558157
2020-09-28,Healthcare,14,4,0.8,True,0.725925925926,243,5,0.897742303307
2020-09-28,Industrials,28,4,0.8,True,0.463905325444,269,5,0.640221190002
2020-09-28,Materials,6,4,0.8,True,0.72,53,5,0.684287454324
2020-09-28,RealEstate,2,2,0.4,True,0.4,35,5,0.714285714286
2020-09-28,Tech,17,4,0.8,True,0.750649350649,216,4,0.783607658717
2020-09-28,Utilities,7,3,0.6,True,0.362962962963,65,5,0.473920358946
2020-09-29,Comm,3,1,0.2,True,0.2,148,5,0.551044025157
2020-09-29,Consumer,30,5,1,True,0.608108108108,507,5,0.690667024921
2020-09-29,Energy,8,5,1,True,0.8,184,5,0.694767083932
2020-09-29,Financials,12,4,0.8,True,0.6,212,5,0.83214219589
2020-09-29,Healthcare,11,4,0.8,True,0.44,240,5,0.903671164104
2020-09-29,Industrials,8,5,1,True,0.914285714286,269,5,0.651695411357
2020-09-29,Materials,0,0,0,False,,49,5,0.69493487699
2020-09-29,RealEstate,1,1,0.2,True,0.2,35,5,0.714285714286
2020-09-29,Tech,6,3,0.6,True,0.514285714286,218,4,0.785390844489
2020-09-29,Utilities,2,2,0.4,True,0.4,67,5,0.477807344332
2020-09-30,Comm,5,4,0.8,True,0.714285714286,148,5,0.559489144317
2020-09-30,Consumer,27,5,1,True,0.690995260664,507,5,0.711938624309
2020-09-30,Energy,12,3,0.6,True,0.533333333333,173,5,0.69772700781
2020-09-30,Financials,21,3,0.6,True,0.534545454545,225,5,0.803635209144
2020-09-30,Healthcare,8,4,0.8,True,0.581818181818,232,5,0.888331407823
2020-09-30,Industrials,19,5,1,True,0.568503937008,272,5,0.631586136247
2020-09-30,Materials,2,2,0.4,True,0.4,49,5,0.703074670571
2020-09-30,RealEstate,1,1,0.2,True,0.2,34,5,0.700606060606
2020-09-30,Tech,12,4,0.8,True,0.576,212,4,0.788214661522
2020-09-30,Utilities,21,3,0.6,True,0.438805970149,76,5,0.48497061293
2020-10-01,Comm,12,3,0.6,True,0.514285714286,156,5,0.545283441631
2020-10-01,Consumer,16,3,0.6,True,0.406349206349,494,5,0.727488448353
2020-10-01,Energy,21,5,1,True,0.717073170732,181,5,0.695784220028
2020-10-01,Financials,17,4,0.8,True,0.485714285714,233,5,0.777612260975
2020-10-01,Healthcare,13,4,0.8,True,0.662745098039,224,5,0.872626086957
2020-10-01,Industrials,21,4,0.8,True,0.332830188679,289,5,0.598438003798
2020-10-01,Materials,0,0,0,False,,49,5,0.703074670571
2020-10-01,RealEstate,0,0,0,False,,30,5,0.708661417323
2020-10-01,Tech,1,1,0.2,True,0.2,198,4,0.788971624069
2020-10-01,Utilities,2,2,0.4,True,0.4,77,5,0.491014492754
2020-10-02,Comm,4,4,0.8,True,0.8,153,5,0.552424778761
2020-10-02,Consumer,18,4,0.8,True,0.635294117647,495,5,0.719149435745
2020-10-02,Energy,16,4,0.8,True,0.65641025641,190,5,0.69920588805
2020-10-02,Financials,18,3,0.6,True,0.514285714286,241,5,0.757298389726
2020-10-02,Healthcare,6,4,0.8,True,0.72,222,5,0.871820272422
2020-10-02,Industrials,3,2,0.4,True,0.36,284,5,0.596259333185
2020-10-02,Materials,0,0,0,False,,46,5,0.707692307692
2020-10-02,RealEstate,0,0,0,False,,29,5,0.715744680851
2020-10-02,Tech,8,2,0.4,True,0.376470588235,195,4,0.789965721409
2020-10-02,Utilities,3,3,0.6,True,0.6,77,5,0.493466500208
2020-10-05,Comm,12,3,0.6,True,0.4,155,5,0.552362340499
2020-10-05,Consumer,24,5,1,True,0.929032258065,499,5,0.731914580914
2020-10-05,Energy,31,4,0.8,True,0.714498141264,214,5,0.723589824617
2020-10-05,Financials,14,5,1,True,0.753846153846,243,5,0.759423831265
2020-10-05,Healthcare,20,5,1,True,0.634920634921,232,5,0.859670979077
2020-10-05,Industrials,17,4,0.8,True,0.664367816092,291,5,0.59360695384
2020-10-05,Materials,5,2,0.4,True,0.294117647059,46,5,0.698349834983
2020-10-05,RealEstate,2,2,0.4,True,0.4,30,5,0.697674418605
2020-10-05,Tech,7,3,0.6,True,0.362962962963,192,4,0.778871751532
2020-10-05,Utilities,5,2,0.4,True,0.294117647059,80,5,0.45944005743
2020-10-06,Comm,7,4,0.8,True,0.753846153846,155,5,0.581789562901
2020-10-06,Consumer,18,5,1,True,0.611320754717,501,5,0.725090635968
2020-10-06,Energy,6,3,0.6,True,0.514285714286,213,5,0.725265766126
2020-10-06,Financials,8,4,0.8,True,0.711111111111,235,5,0.76909685955
2020-10-06,Healthcare,8,4,0.8,True,0.64,229,5,0.83511426069
2020-10-06,Industrials,19,3,0.6,True,0.398895027624,305,5,0.573184632922
2020-10-06,Materials,0,0,0,False,,41,5,0.690349075975
2020-10-06,RealEstate,1,1,0.2,True,0.2,26,5,0.58275862069
2020-10-06,Tech,7,3,0.6,True,0.576470588235,194,4,0.776
2020-10-06,Utilities,5,3,0.6,True,0.555555555556,84,5,0.475151515152
2020-10-07,Comm,3,2,0.4,True,0.36,152,5,0.59241025641
2020-10-07,Consumer,17,4,0.8,True,0.635164835165,477,5,0.712374958907
2020-10-07,Energy,6,2,0.4,True,0.276923076923,198,5,0.704474393531
2020-10-07,Financials,12,3,0.6,True,0.576,231,5,0.747091354568
2020-10-07,Healthcare,15,4,0.8,True,0.6,229,5,0.822797520985
2020-10-07,Industrials,12,2,0.4,True,0.32,301,5,0.564685717847
2020-10-07,Materials,1,1,0.2,True,0.2,40,5,0.68669527897
2020-10-07,RealEstate,0,0,0,False,,24,5,0.514285714286
2020-10-07,Tech,8,4,0.8,True,0.711111111111,189,4,0.773265504925
2020-10-07,Utilities,4,3,0.6,True,0.533333333333,77,5,0.478338039532
2020-10-08,Comm,8,3,0.6,True,0.426666666667,155,5,0.580664652568
2020-10-08,Consumer,21,5,1,True,0.694488188976,476,5,0.718240030432
2020-10-08,Energy,16,3,0.6,True,0.544680851064,212,5,0.716124920331
2020-10-08,Financials,22,4,0.8,True,0.358518518519,247,5,0.753151040059
2020-10-08,Healthcare,18,4,0.8,True,0.589090909091,238,5,0.822477130826
2020-10-08,Industrials,9,3,0.6,True,0.490909090909,300,5,0.564829923434
2020-10-08,Materials,1,1,0.2,True,0.2,41,5,0.690349075975
2020-10-08,RealEstate,0,0,0,False,,23,5,0.516097560976
2020-10-08,Tech,14,3,0.6,True,0.455813953488,189,4,0.761398273473
2020-10-08,Utilities,5,3,0.6,True,0.555555555556,81,5,0.497988614801
2020-10-09,Comm,14,4,0.8,True,0.56,166,5,0.581105018979
2020-10-09,Consumer,15,5,1,True,0.671641791045,476,5,0.723399636027
2020-10-09,Energy,0,0,0,False,,210,5,0.708206198812
2020-10-09,Financials,13,5,1,True,0.866666666667,252,5,0.769558894813
2020-10-09,Healthcare,7,3,0.6,True,0.362962962963,244,5,0.811670074983
2020-10-09,Industrials,12,3,0.6,True,0.282352941176,304,5,0.581928090171
2020-10-09,Materials,2,1,0.2,True,0.2,41,5,0.684725050916
2020-10-09,RealEstate,0,0,0,False,,23,5,0.516097560976
2020-10-09,Tech,21,4,0.8,True,0.369037656904,199,4,0.758857909361
2020-10-09,Utilities,2,2,0.4,True,0.4,81,5,0.477337213532
2020-10-12,Comm,21,3,0.6,True,0.509826589595,183,5,0.570074048855
2020-10-12,Consumer,33,5,1,True,0.709446254072,495,5,0.723224959046
2020-10-12,Energy,13,4,0.8,True,0.450666666667,216,5,0.690790642582
2020-10-12,Financials,32,4,0.8,True,0.664935064935,278,5,0.75222892739
2020-10-12,Healthcare,17,4,0.8,True,0.550476190476,247,5,0.784833086769
2020-10-12,Industrials,17,5,1,True,0.770666666667,313,5,0.594345861013
2020-10-12,Materials,4,2,0.4,True,0.4,44,5,0.750387596899
2020-10-12,RealEstate,2,2,0.4,True,0.4,23,4,0.474439461883
2020-10-12,Tech,8,4,0.8,True,0.711111111111,200,4,0.758869284766
2020-10-12,Utilities,2,2,0.4,True,0.4,82,5,0.471859649123
2020-10-13,Comm,12,3,0.6,True,0.436363636364,183,5,0.573000256652
2020-10-13,Consumer,31,5,1,True,0.46313253012,493,5,0.729471614869
2020-10-13,Energy,5,3,0.6,True,0.555555555556,210,5,0.703125
2020-10-13,Financials,32,5,1,True,0.696598639456,300,5,0.746083063914
2020-10-13,Healthcare,8,4,0.8,True,0.581818181818,216,5,0.815379238029
2020-10-13,Industrials,16,4,0.8,True,0.457142857143,319,5,0.592064
2020-10-13,Materials,1,1,0.2,True,0.2,39,5,0.77800511509
2020-10-13,RealEstate,0,0,0,False,,21,4,0.471657754011
2020-10-13,Tech,8,3,0.6,True,0.492307692308,187,4,0.755188424576
2020-10-13,Utilities,2,2,0.4,True,0.4,79,5,0.490837593394
2020-10-14,Comm,13,5,1,True,0.786046511628,185,5,0.59187202767
2020-10-14,Consumer,18,4,0.8,True,0.549152542373,493,5,0.724427355777
2020-10-14,Energy,9,3,0.6,True,0.490909090909,215,5,0.720970131794
2020-10-14,Financials,52,4,0.8,True,0.501669758813,347,5,0.73332927312
2020-10-14,Healthcare,11,4,0.8,True,0.562790697674,213,5,0.803488886921
2020-10-14,Industrials,8,4,0.8,True,0.581818181818,315,5,0.590010405827
2020-10-14,Materials,1,1,0.2,True,0.2,40,5,0.796019900498
2020-10-14,RealEstate,2,1,0.2,True,0.2,19,3,0.437575757576
2020-10-14,Tech,7,3,0.6,True,0.576470588235,178,4,0.741493096185
2020-10-14,Utilities,3,3,0.6,True,0.6,75,5,0.522526706921
2020-10-15,Comm,5,2,0.4,True,0.384615384615,182,5,0.597798231366
2020-10-15,Consumer,20,4,0.8,True,0.519480519481,502,5,0.729368180371
2020-10-15,Energy,8,4,0.8,True,0.8,216,5,0.727635683094
2020-10-15,Financials,25,5,1,True,0.490196078431,362,5,0.737362142696
2020-10-15,Healthcare,10,5,1,True,0.909090909091,220,5,0.80505655356
2020-10-15,Industrials,11,5,1,True,0.78064516129,302,5,0.594821626557
2020-10-15,Materials,2,2,0.4,True,0.4,40,5,0.855614973262
2020-10-15,RealEstate,0,0,0,False,,18,3,0.432
2020-10-15,Tech,9,4,0.8,True,0.6,180,4,0.719520319787
2020-10-15,Utilities,1,1,0.2,True,0.2,71,5,0.536562001064
2020-10-16,Comm,6,3,0.6,True,0.4,183,5,0.594884092726
2020-10-16,Consumer,14,4,0.8,True,0.426086956522,492,5,0.726548008524
2020-10-16,Energy,19,3,0.6,True,0.27662835249,228,5,0.829090909091
2020-10-16,Financials,7,5,1,True,0.890909090909,359,5,0.737073575248
2020-10-16,Healthcare,16,3,0.6,True,0.294252873563,223,5,0.750116901727
2020-10-16,Industrials,20,3,0.6,True,0.388349514563,295,5,0.559664297887
2020-10-16,Materials,2,1,0.2,True,0.2,35,5,0.871886120996
2020-10-16,RealEstate,0,0,0,False,,16,3,0.433898305085
2020-10-16,Tech,7,3,0.6,True,0.515789473684,176,4,0.689121245829
2020-10-16,Utilities,0,0,0,False,,71,5,0.536562001064
2020-10-19,Comm,13,5,1,True,0.662745098039,189,5,0.588629809673
2020-10-19,Consumer,23,5,1,True,0.833070866142,489,5,0.728838563177
2020-10-19,Energy,22,5,1,True,0.605,242,5,0.887064525901
2020-10-19,Financials,13,5,1,True,0.786046511628,364,5,0.743482408395
2020-10-19,Healthcare,20,5,1,True,0.816326530612,230,5,0.761479775443
2020-10-19,Industrials,19,4,0.8,True,0.559689922481,308,5,0.553691706064
2020-10-19,Materials,2,2,0.4,True,0.4,37,5,0.858307210031
2020-10-19,RealEstate,1,1,0.2,True,0.2,15,4,0.494505494505
2020-10-19,Tech,13,4,0.8,True,0.46301369863,184,4,0.669885239414
2020-10-19,Utilities,4,1,0.2,True,0.2,74,5,0.519052132701
2020-10-20,Comm,3,1,0.2,True,0.2,175,5,0.587079459408
2020-10-20,Consumer,11,4,0.8,True,0.691428571429,465,5,0.748533051772
2020-10-20,Energy,8,3,0.6,True,0.581818181818,240,5,0.886972590083
2020-10-20,Financials,14,4,0.8,True,0.632258064516,363,5,0.751441361809
2020-10-20,Healthcare,9,4,0.8,True,0.771428571429,230,5,0.74349964863
2020-10-20,Industrials,6,3,0.6,True,0.514285714286,298,5,0.558726563483
2020-10-20,Materials,0,0,0,False,,32,5,0.832520325203
2020-10-20,RealEstate,4,2,0.4,True,0.32,18,4,0.611320754717
2020-10-20,Tech,6,2,0.4,True,0.36,184,4,0.666587911006
2020-10-20,Utilities,3,2,0.4,True,0.36,76,5,0.517099373321
2020-10-21,Comm,6,2,0.4,True,0.4,176,5,0.581381381381
2020-10-21,Consumer,19,4,0.8,True,0.729292929293,454,5,0.750686528026
2020-10-21,Energy,12,5,1,True,0.757894736842,248,5,0.880389350129
2020-10-21,Financials,14,4,0.8,True,0.593939393939,371,5,0.749290944228
2020-10-21,Healthcare,9,3,0.6,True,0.462857142857,234,5,0.733601286174
2020-10-21,Industrials,6,4,0.8,True,0.72,292,5,0.549027688345
2020-10-21,Materials,4,2,0.4,True,0.32,36,5,0.776047904192
2020-10-21,RealEstate,2,1,0.2,True,0.2,19,5,0.76
2020-10-21,Tech,8,4,0.8,True,0.581818181818,186,4,0.661491395793
2020-10-21,Utilities,8,3,0.6,True,0.336842105263,83,5,0.506730415594
2020-10-22,Comm,16,4,0.8,True,0.341333333333,189,5,0.564090011844
2020-10-22,Consumer,42,5,1,True,0.663157894737,464,5,0.762379603399
2020-10-22,Energy,8,3,0.6,True,0.492307692308,247,5,0.877259328492
2020-10-22,Financials,14,4,0.8,True,0.593939393939,376,5,0.743810175199
2020-10-22,Healthcare,7,2,0.4,True,0.337931034483,236,5,0.728623757195
2020-10-22,Industrials,10,3,0.6,True,0.37037037037,294,5,0.530379824508
2020-10-22,Materials,15,2,0.4,True,0.294117647059,50,5,0.614250614251
2020-10-22,RealEstate,2,2,0.4,True,0.4,21,5,0.766956521739
2020-10-22,Tech,10,2,0.4,True,0.294117647059,194,4,0.642801024765
2020-10-22,Utilities,4,3,0.6,True,0.533333333333,84,5,0.517302052786
2020-10-23,Comm,9,2,0.4,True,0.249230769231,191,5,0.552365811189
2020-10-23,Consumer,15,5,1,True,0.737704918033,460,5,0.76580652166
2020-10-23,Energy,6,3,0.6,True,0.4,246,5,0.87463506287
2020-10-23,Financials,3,2,0.4,True,0.36,365,5,0.750838335165
2020-10-23,Healthcare,23,3,0.6,True,0.261234567901,255,5,0.690103475723
2020-10-23,Industrials,7,4,0.8,True,0.515789473684,290,5,0.531437598736
2020-10-23,Materials,2,1,0.2,True,0.2,51,5,0.622994011976
2020-10-23,RealEstate,1,1,0.2,True,0.2,21,5,0.780530973451
2020-10-23,Tech,24,2,0.4,True,0.23606557377,208,4,0.586789637868
2020-10-23,Utilities,5,2,0.4,True,0.384615384615,88,5,0.507138179437
2020-10-26,Comm,17,5,1,True,0.696385542169,205,5,0.56733040837
2020-10-26,Consumer,27,5,1,True,0.814525139665,473,5,0.773012006565
2020-10-26,Energy,17,5,1,True,0.91746031746,256,5,0.86906245856
2020-10-26,Financials,17,4,0.8,True,0.73164556962,377,5,0.75800111997
2020-10-26,Healthcare,16,4,0.8,True,0.522448979592,266,5,0.689293716512
2020-10-26,Industrials,21,5,1,True,0.741176470588,289,5,0.566724342663
2020-10-26,Materials,2,2,0.4,True,0.4,52,5,0.64380952381
2020-10-26,RealEstate,3,3,0.6,True,0.6,24,5,0.859701492537
2020-10-26,Tech,18,4,0.8,True,0.549152542373,219,4,0.578365993368
2020-10-26,Utilities,8,2,0.4,True,0.4,96,5,0.526327812678
2020-10-27,Comm,2,2,0.4,True,0.4,191,5,0.566167455575
2020-10-27,Consumer,15,5,1,True,0.849056603774,454,5,0.770844085418
2020-10-27,Energy,6,3,0.6,True,0.514285714286,249,5,0.877393334748
2020-10-27,Financials,7,4,0.8,True,0.515789473684,367,5,0.754665919597
2020-10-27,Healthcare,12,5,1,True,0.514285714286,264,5,0.683964671246
2020-10-27,Industrials,42,5,1,True,0.828169014085,303,5,0.654446305735
2020-10-27,Materials,5,2,0.4,True,0.294117647059,51,5,0.674708171206
2020-10-27,RealEstate,0,0,0,False,,22,5,0.88
2020-10-27,Tech,41,4,0.8,True,0.408505467801,243,4,0.53977786919
2020-10-27,Utilities,2,2,0.4,True,0.4,91,5,0.542838413635
2020-10-28,Comm,17,3,0.6,True,0.448062015504,205,5,0.550389627398
2020-10-28,Consumer,14,4,0.8,True,0.593939393939,438,5,0.77387656313
2020-10-28,Energy,29,5,1,True,0.828571428571,270,5,0.882780334221
2020-10-28,Financials,29,5,1,True,0.961142857143,384,5,0.781886632377
2020-10-28,Healthcare,23,5,1,True,0.649079754601,276,5,0.689188455623
2020-10-28,Industrials,43,5,1,True,0.621512605042,338,5,0.67099729825
2020-10-28,Materials,0,0,0,False,,51,5,0.674708171206
2020-10-28,RealEstate,2,2,0.4,True,0.4,23,5,0.889075630252
2020-10-28,Tech,20,4,0.8,True,0.634920634921,257,4,0.546378789759
2020-10-28,Utilities,2,2,0.4,True,0.4,91,5,0.550415420405
2020-10-29,Comm,17,5,1,True,0.502608695652,217,5,0.570395493913
2020-10-29,Consumer,21,4,0.8,True,0.741176470588,432,5,0.780886229549
2020-10-29,Energy,16,4,0.8,True,0.624390243902,274,5,0.881484090642
2020-10-29,Financials,9,4,0.8,True,0.648,372,5,0.795356054946
2020-10-29,Healthcare,19,5,1,True,0.849411764706,287,5,0.69896049896
2020-10-29,Industrials,14,5,1,True,0.753846153846,333,5,0.683424239623
2020-10-29,Materials,10,3,0.6,True,0.47619047619,59,5,0.827824019025
2020-10-29,RealEstate,2,2,0.4,True,0.4,24,5,0.859701492537
2020-10-29,Tech,11,4,0.8,True,0.562790697674,256,4,0.54238185881
2020-10-29,Utilities,5,2,0.4,True,0.384615384615,75,5,0.558867362146
2020-10-30,Comm,6,4,0.8,True,0.6,211,5,0.574724068934
2020-10-30,Consumer,23,5,1,True,0.783703703704,439,5,0.797768808859
2020-10-30,Energy,23,3,0.6,True,0.559788359788,276,5,0.862597667308
2020-10-30,Financials,16,5,1,True,0.914285714286,371,5,0.812928565101
2020-10-30,Healthcare,15,4,0.8,True,0.354330708661,289,5,0.722781359526
2020-10-30,Industrials,20,4,0.8,True,0.519480519481,332,5,0.697179000633
2020-10-30,Materials,0,0,0,False,,59,5,0.827824019025
2020-10-30,RealEstate,1,1,0.2,True,0.2,25,5,0.862068965517
2020-10-30,Tech,5,3,0.6,True,0.555555555556,260,4,0.544151976173
2020-10-30,Utilities,4,3,0.6,True,0.533333333333,77,5,0.562256993836
2020-11-02,Comm,19,5,1,True,0.700970873786,226,5,0.577586791813
2020-11-02,Consumer,24,5,1,True,0.768,445,5,0.800634766612
2020-11-02,Energy,18,5,1,True,0.611320754717,278,5,0.859666295884
2020-11-02,Financials,13,4,0.8,True,0.614545454545,366,5,0.822623434046
2020-11-02,Healthcare,22,4,0.8,True,0.645333333333,305,5,0.734881700043
2020-11-02,Industrials,19,4,0.8,True,0.662385321101,348,5,0.699780422975
2020-11-02,Materials,2,2,0.4,True,0.4,61,5,0.840903954802
2020-11-02,RealEstate,2,1,0.2,True,0.2,27,5,0.805524861878
2020-11-02,Tech,19,4,0.8,True,0.627826086957,271,4,0.558253202083
2020-11-02,Utilities,10,3,0.6,True,0.30303030303,84,5,0.51654465593
2020-11-03,Comm,15,5,1,True,0.671641791045,229,5,0.596768136558
2020-11-03,Consumer,23,5,1,True,0.860162601626,444,5,0.796573460482
2020-11-03,Energy,6,3,0.6,True,0.4,253,5,0.863178477513
2020-11-03,Financials,19,4,0.8,True,0.586991869919,371,5,0.817661211275
2020-11-03,Healthcare,10,4,0.8,True,0.555555555556,295,5,0.738783479774
2020-11-03,Industrials,16,4,0.8,True,0.691891891892,347,5,0.705900630221
2020-11-03,Materials,1,1,0.2,True,0.2,57,5,0.888919288646
2020-11-03,RealEstate,1,1,0.2,True,0.2,26,5,0.795294117647
2020-11-03,Tech,3,2,0.4,True,0.36,267,4,0.558800705467
2020-11-03,Utilities,2,1,0.2,True,0.2,81,5,0.521749502982
2020-11-04,Comm,12,3,0.6,True,0.464516129032,234,5,0.582139060174
2020-11-04,Consumer,13,3,0.6,True,0.450666666667,439,5,0.78962981173
2020-11-04,Energy,17,4,0.8,True,0.583838383838,264,5,0.850262291082
2020-11-04,Financials,24,5,1,True,0.757894736842,387,5,0.813276859168
2020-11-04,Healthcare,13,3,0.6,True,0.379775280899,300,5,0.758277866712
2020-11-04,Industrials,10,4,0.8,True,0.666666666667,338,5,0.736298014952
2020-11-04,Materials,2,1,0.2,True,0.2,59,5,0.862701363073
2020-11-04,RealEstate,2,2,0.4,True,0.4,27,5,0.833142857143
2020-11-04,Tech,16,4,0.8,True,0.752941176471,276,4,0.574826441292
2020-11-04,Utilities,7,3,0.6,True,0.466666666667,83,5,0.510107367642
2020-11-05,Comm,19,5,1,True,0.849411764706,250,5,0.638210967017
2020-11-05,Consumer,16,5,1,True,0.691891891892,438,5,0.792612791274
2020-11-05,Energy,9,5,1,True,0.771428571429,267,5,0.850957923008
2020-11-05,Financials,10,5,1,True,0.625,385,5,0.830415417799
2020-11-05,Healthcare,11,4,0.8,True,0.537777777778,296,5,0.762474980419
2020-11-05,Industrials,12,5,1,True,0.6,338,5,0.750518985679
2020-11-05,Materials,0,0,0,False,,58,5,0.876041666667
2020-11-05,RealEstate,3,1,0.2,True,0.2,30,5,0.841121495327
2020-11-05,Tech,20,4,0.8,True,0.430107526882,288,4,0.608763302752
2020-11-05,Utilities,6,4,0.8,True,0.72,85,5,0.541401273885
2020-11-06,Comm,46,5,1,True,0.68038585209,288,5,0.734082662182
2020-11-06,Consumer,22,5,1,True,0.722388059701,439,5,0.792911069511
2020-11-06,Energy,4,1,0.2,True,0.2,255,5,0.838978130443
2020-11-06,Financials,9,4,0.8,True,0.648,372,5,0.835904560556
2020-11-06,Healthcare,3,2,0.4,True,0.36,281,5,0.774317234616
2020-11-06,Industrials,11,3,0.6,True,0.410169491525,340,5,0.743934616127
2020-11-06,Materials,3,3,0.6,True,0.6,60,5,0.871670702179
2020-11-06,RealEstate,4,4,0.8,True,0.8,34,5,0.896124031008
2020-11-06,Tech,6,3,0.6,True,0.6,280,4,0.616885671571
2020-11-06,Utilities,7,5,1,True,0.890909090909,87,5,0.575808292126
2020-11-09,Comm,18,5,1,True,0.736363636364,292,5,0.746358543417
2020-11-09,Consumer,22,5,1,True,0.444036697248,446,5,0.781257609678
2020-11-09,Energy,31,5,1,True,0.709225092251,286,5,0.831344648846
2020-11-09,Financials,24,4,0.8,True,0.748051948052,383,5,0.824767366675
2020-11-09,Healthcare,11,5,1,True,0.78064516129,285,5,0.788477406203
2020-11-09,Industrials,31,5,1,True,0.443879907621,359,5,0.717460405823
2020-11-09,Materials,0,0,0,False,,58,5,0.864781491003
2020-11-09,RealEstate,3,3,0.6,True,0.6,37,5,0.891856677524
2020-11-09,Tech,16,4,0.8,True,0.64,275,4,0.62322304174
2020-11-09,Utilities,8,2,0.4,True,0.256,93,5,0.535707649427
2020-11-10,Comm,14,5,1,True,0.852173913043,285,5,0.778576563623
2020-11-10,Consumer,17,4,0.8,True,0.520720720721,430,5,0.774190847046
2020-11-10,Energy,15,5,1,True,0.818181818182,288,5,0.843784333672
2020-11-10,Financials,9,4,0.8,True,0.704347826087,360,5,0.83856357166
2020-11-10,Healthcare,10,5,1,True,0.625,278,5,0.802533748702
2020-11-10,Industrials,29,4,0.8,True,0.455826558266,371,5,0.693004053067
2020-11-10,Materials,2,2,0.4,True,0.4,56,5,0.845283018868
2020-11-10,RealEstate,0,0,0,False,,35,5,0.884476534296
2020-11-10,Tech,24,4,0.8,True,0.685714285714,291,4,0.623502558628
2020-11-10,Utilities,1,1,0.2,True,0.2,92,5,0.527680798005
2020-11-11,Comm,9,4,0.8,True,0.648,282,5,0.786743173724
2020-11-11,Consumer,14,4,0.8,True,0.725925925926,413,5,0.795508709745
2020-11-11,Energy,7,3,0.6,True,0.362962962963,290,5,0.839740389416
2020-11-11,Financials,16,4,0.8,True,0.609523809524,344,5,0.836237721716
2020-11-11,Healthcare,4,3,0.6,True,0.533333333333,274,5,0.816132188281
2020-11-11,Industrials,11,5,1,True,0.691428571429,366,5,0.704660704892
2020-11-11,Materials,5,2,0.4,True,0.384615384615,60,5,0.873786407767
2020-11-11,RealEstate,2,1,0.2,True,0.2,37,5,0.852959501558
2020-11-11,Tech,16,3,0.6,True,0.544680851064,299,4,0.624679453586
2020-11-11,Utilities,3,2,0.4,True,0.36,93,5,0.533066255778
2020-11-12,Comm,7,4,0.8,True,0.515789473684,276,5,0.778577269011
2020-11-12,Consumer,43,4,0.8,True,0.593579454254,438,5,0.793957703927
2020-11-12,Energy,11,5,1,True,0.896296296296,292,5,0.840619146209
2020-11-12,Financials,26,4,0.8,True,0.577777777778,318,5,0.828409928729
2020-11-12,Healthcare,3,2,0.4,True,0.36,266,5,0.827168576105
2020-11-12,Industrials,14,5,1,True,0.725925925926,372,5,0.708100086988
2020-11-12,Materials,5,4,0.8,True,0.714285714286,64,5,0.871489361702
2020-11-12,RealEstate,0,0,0,False,,35,5,0.884476534296
2020-11-12,Tech,11,4,0.8,True,0.514893617021,303,4,0.621906858594
2020-11-12,Utilities,4,3,0.6,True,0.533333333333,94,5,0.528785158588
2020-11-13,Comm,13,3,0.6,True,0.417283950617,284,5,0.78011413096
2020-11-13,Consumer,31,3,0.6,True,0.33195164076,449,5,0.770896506893
2020-11-13,Energy,6,2,0.4,True,0.4,290,5,0.82791888167
2020-11-13,Financials,11,4,0.8,True,0.537777777778,304,5,0.833026861367
2020-11-13,Healthcare,4,3,0.6,True,0.533333333333,260,5,0.819195346583
2020-11-13,Industrials,11,5,1,True,0.834482758621,372,5,0.717871038025
2020-11-13,Materials,5,4,0.8,True,0.714285714286,67,5,0.860786193672
2020-11-13,RealEstate,2,2,0.4,True,0.4,37,5,0.891856677524
2020-11-13,Tech,9,3,0.6,True,0.462857142857,303,4,0.619682089703
2020-11-13,Utilities,0,0,0,False,,93,5,0.534714064915
2020-11-16,Comm,12,5,1,True,0.757894736842,290,5,0.802480916031
2020-11-16,Consumer,44,5,1,True,0.551566951567,479,5,0.766451203421
2020-11-16,Energy,18,4,0.8,True,0.648,289,5,0.772162899274
2020-11-16,Financials,19,4,0.8,True,0.76,316,5,0.828199386249
2020-11-16,Healthcare,21,5,1,True,0.616783216783,265,5,0.888642834546
2020-11-16,Industrials,25,4,0.8,True,0.490196078431,377,5,0.723726353846
2020-11-16,Materials,4,3,0.6,True,0.533333333333,69,5,0.882483781279
2020-11-16,RealEstate,3,3,0.6,True,0.6,40,5,0.909090909091
2020-11-16,Tech,7,4,0.8,True,0.653333333333,303,4,0.622286237164
2020-11-16,Utilities,8,3,0.6,True,0.336842105263,101,5,0.51585335019
2020-11-17,Comm,12,4,0.8,True,0.626086956522,289,5,0.805759490618
2020-11-17,Consumer,30,5,1,True,0.443349753695,486,5,0.754354699626
2020-11-17,Energy,3,2,0.4,True,0.36,270,5,0.735843343091
2020-11-17,Financials,11,4,0.8,True,0.620512820513,314,5,0.821222721972
2020-11-17,Healthcare,10,4,0.8,True,0.588235294118,255,5,0.890814439345
2020-11-17,Industrials,9,4,0.8,True,0.648,367,5,0.73091303758
2020-11-17,Materials,2,2,0.4,True,0.4,69,5,0.882483781279
2020-11-17,RealEstate,0,0,0,False,,39,5,0.897345132743
2020-11-17,Tech,8,3,0.6,True,0.581818181818,298,4,0.625821000705
2020-11-17,Utilities,0,0,0,False,,97,5,0.537810803087
2020-11-18,Comm,11,5,1,True,0.691428571429,297,5,0.802520129191
2020-11-18,Consumer,19,3,0.6,True,0.52700729927,494,5,0.745079840015
2020-11-18,Energy,8,3,0.6,True,0.492307692308,270,5,0.729145829166
2020-11-18,Financials,11,4,0.8,True,0.733333333333,311,5,0.822142887501
2020-11-18,Healthcare,9,4,0.8,True,0.704347826087,255,5,0.89289392379
2020-11-18,Industrials,26,5,1,True,0.395321637427,387,5,0.710428574817
2020-11-18,Materials,0,0,0,False,,69,5,0.882483781279
2020-11-18,RealEstate,1,1,0.2,True,0.2,36,5,0.825477707006
2020-11-18,Tech,9,4,0.8,True,0.648,301,4,0.631343855615
2020-11-18,Utilities,5,3,0.6,True,0.555555555556,99,5,0.554512022631
2020-11-19,Comm,10,3,0.6,True,0.37037037037,301,5,0.792833078101
2020-11-19,Consumer,16,5,1,True,0.624390243902,491,5,0.742827651019
2020-11-19,Energy,4,2,0.4,True,0.4,262,5,0.721050420168
2020-11-19,Financials,13,5,1,True,0.751111111111,310,5,0.839154732798
2020-11-19,Healthcare,8,4,0.8,True,0.711111111111,254,5,0.884993141289
2020-11-19,Industrials,10,3,0.6,True,0.37037037037,391,5,0.699124271179
2020-11-19,Materials,3,3,0.6,True,0.6,68,5,0.915643564356
2020-11-19,RealEstate,1,1,0.2,True,0.2,35,5,0.813953488372
2020-11-19,Tech,5,4,0.8,True,0.714285714286,298,4,0.635904045829
2020-11-19,Utilities,5,4,0.8,True,0.714285714286,96,5,0.605121470781
2020-11-20,Comm,15,5,1,True,0.584415584416,300,5,0.813081579185
2020-11-20,Consumer,26,4,0.8,True,0.72688172043,475,5,0.715236721561
2020-11-20,Energy,2,2,0.4,True,0.4,256,5,0.725999778442
2020-11-20,Financials,15,5,1,True,0.849056603774,311,5,0.847649095132
2020-11-20,Healthcare,13,4,0.8,True,0.46301369863,260,5,0.874854406626
2020-11-20,Industrials,9,3,0.6,True,0.462857142857,390,5,0.704297092054
2020-11-20,Materials,0,0,0,False,,53,5,0.937896494157
2020-11-20,RealEstate,0,0,0,False,,33,5,0.8036900369
2020-11-20,Tech,6,3,0.6,True,0.514285714286,294,4,0.655662595767
2020-11-20,Utilities,4,2,0.4,True,0.32,96,5,0.57492202121
2020-11-23,Comm,9,3,0.6,True,0.462857142857,300,5,0.821992876062
2020-11-23,Consumer,37,5,1,True,0.847678018576,497,5,0.730633735118
2020-11-23,Energy,17,4,0.8,True,0.635164835165,267,5,0.745349992159
2020-11-23,Financials,23,4,0.8,True,0.641212121212,331,5,0.83624775789
2020-11-23,Healthcare,20,5,1,True,0.8,257,5,0.922794271743
2020-11-23,Industrials,22,5,1,True,0.612658227848,405,5,0.703985064057
2020-11-23,Materials,9,5,1,True,0.558620689655,60,5,0.871670702179
2020-11-23,RealEstate,1,1,0.2,True,0.2,33,5,0.753633217993
2020-11-23,Tech,11,4,0.8,True,0.654054054054,281,4,0.687185065924
2020-11-23,Utilities,4,2,0.4,True,0.32,95,5,0.55215662282
2020-11-24,Comm,10,4,0.8,True,0.47619047619,293,5,0.810852420307
2020-11-24,Consumer,15,4,0.8,True,0.529411764706,485,5,0.715937970812
2020-11-24,Energy,11,5,1,True,0.562790697674,261,5,0.724113739038
2020-11-24,Financials,16,5,1,True,0.88275862069,330,5,0.839824169044
2020-11-24,Healthcare,3,2,0.4,True,0.36,244,5,0.925909797823
2020-11-24,Industrials,28,5,1,True,0.712727272727,412,5,0.702699122371
2020-11-24,Materials,1,1,0.2,True,0.2,59,5,0.869163545568
2020-11-24,RealEstate,4,3,0.6,True,0.533333333333,34,5,0.696385542169
2020-11-24,Tech,1,1,0.2,True,0.2,264,4,0.692183930877
2020-11-24,Utilities,1,1,0.2,True,0.2,88,5,0.549609652236
2020-11-25,Comm,6,2,0.4,True,0.276923076923,297,5,0.801499250375
2020-11-25,Consumer,15,4,0.8,True,0.692307692308,485,5,0.710102489019
2020-11-25,Energy,13,4,0.8,True,0.46301369863,268,5,0.715663611
2020-11-25,Financials,13,4,0.8,True,0.71914893617,336,5,0.827683284457
2020-11-25,Healthcare,6,4,0.8,True,0.72,238,5,0.932258064516
2020-11-25,Industrials,12,5,1,True,0.847058823529,382,5,0.658680148055
2020-11-25,Materials,4,2,0.4,True,0.32,58,5,0.838902743142
2020-11-25,RealEstate,0,0,0,False,,34,5,0.696385542169
2020-11-25,Tech,6,3,0.6,True,0.514285714286,229,4,0.708805839021
2020-11-25,Utilities,4,2,0.4,True,0.32,90,5,0.537491705375
2020-11-27,Comm,3,3,0.6,True,0.6,283,5,0.82536198279
2020-11-27,Consumer,32,5,1,True,0.806299212598,503,5,0.720484672447
2020-11-27,Energy,10,2,0.4,True,0.294117647059,249,5,0.681741712024
2020-11-27,Financials,7,3,0.6,True,0.515789473684,314,5,0.802833645469
2020-11-27,Healthcare,7,3,0.6,True,0.576470588235,222,5,0.932879045997
2020-11-27,Industrials,9,3,0.6,True,0.317647058824,348,5,0.620536995286
2020-11-27,Materials,1,1,0.2,True,0.2,59,5,0.856334563346
2020-11-27,RealEstate,2,2,0.4,True,0.4,34,5,0.71801242236
2020-11-27,Tech,5,3,0.6,True,0.555555555556,214,4,0.706837474919
2020-11-27,Utilities,1,1,0.2,True,0.2,89,5,0.541977420458
2020-11-30,Comm,6,3,0.6,True,0.514285714286,272,5,0.821770520937
2020-11-30,Consumer,16,4,0.8,True,0.433898305085,498,5,0.70323824647
2020-11-30,Energy,27,5,1,True,0.665753424658,260,5,0.680628272251
2020-11-30,Financials,12,4,0.8,True,0.626086956522,317,5,0.801379640337
2020-11-30,Healthcare,11,5,1,True,0.78064516129,214,5,0.932139222471
2020-11-30,Industrials,16,5,1,True,0.64,350,5,0.614774666265
2020-11-30,Materials,2,2,0.4,True,0.4,51,5,0.880203045685
2020-11-30,RealEstate,3,3,0.6,True,0.6,35,5,0.777777777778
2020-11-30,Tech,10,4,0.8,True,0.666666666667,213,4,0.70750877193
2020-11-30,Utilities,7,4,0.8,True,0.653333333333,91,5,0.552988313856
2020-12-01,Comm,6,4,0.8,True,0.72,272,5,0.829696086128
2020-12-01,Consumer,8,3,0.6,True,0.492307692308,483,5,0.693188132345
2020-12-01,Energy,12,5,1,True,0.6,249,5,0.676903761122
2020-12-01,Financials,4,3,0.6,True,0.533333333333,305,5,0.796140185716
2020-12-01,Healthcare,5,3,0.6,True,0.555555555556,204,5,0.924389160373
2020-12-01,Industrials,10,4,0.8,True,0.47619047619,340,5,0.615384615385
2020-12-01,Materials,2,2,0.4,True,0.4,53,5,0.862980030722
2020-12-01,RealEstate,1,1,0.2,True,0.2,35,5,0.777777777778
2020-12-01,Tech,11,4,0.8,True,0.514893617021,219,4,0.712909698997
2020-12-01,Utilities,1,1,0.2,True,0.2,88,5,0.555125448029
2020-12-02,Comm,2,2,0.4,True,0.4,255,5,0.835635802866
2020-12-02,Consumer,26,5,1,True,0.804761904762,485,5,0.698256029685
2020-12-02,Energy,13,4,0.8,True,0.662745098039,244,5,0.681814017407
2020-12-02,Financials,9,4,0.8,True,0.704347826087,301,5,0.79750891246
2020-12-02,Healthcare,12,4,0.8,True,0.72,194,5,0.896095238095
2020-12-02,Industrials,11,3,0.6,True,0.456603773585,332,5,0.604961580681
2020-12-02,Materials,4,3,0.6,True,0.533333333333,55,5,0.875542691751
2020-12-02,RealEstate,2,1,0.2,True,0.2,35,5,0.777777777778
2020-12-02,Tech,8,4,0.8,True,0.581818181818,208,4,0.716884838442
2020-12-02,Utilities,7,4,0.8,True,0.515789473684,85,5,0.589555283558
2020-12-03,Comm,8,2,0.4,True,0.256,248,5,0.810649795703
2020-12-03,Consumer,26,4,0.8,True,0.536507936508,488,5,0.679654099717
2020-12-03,Energy,8,3,0.6,True,0.533333333333,246,5,0.691295407814
2020-12-03,Financials,11,4,0.8,True,0.514893617021,293,5,0.808028613111
2020-12-03,Healthcare,3,2,0.4,True,0.36,187,5,0.87499061679
2020-12-03,Industrials,30,5,1,True,0.511363636364,346,5,0.586526872765
2020-12-03,Materials,1,1,0.2,True,0.2,55,5,0.901639344262
2020-12-03,RealEstate,3,3,0.6,True,0.6,37,5,0.807669616519
2020-12-03,Tech,8,3,0.6,True,0.336842105263,213,4,0.711057127184
2020-12-03,Utilities,0,0,0,False,,83,5,0.604563405002
2020-12-04,Comm,10,3,0.6,True,0.37037037037,246,5,0.799735694463
2020-12-04,Consumer,10,4,0.8,True,0.47619047619,485,5,0.684838780115
2020-12-04,Energy,30,5,1,True,0.703125,259,5,0.720332885906
2020-12-04,Financials,10,4,0.8,True,0.769230769231,279,5,0.802939811233
2020-12-04,Healthcare,8,3,0.6,True,0.492307692308,182,5,0.899375509096
2020-12-04,Industrials,14,5,1,True,0.52972972973,350,5,0.573743618566
2020-12-04,Materials,0,0,0,False,,53,5,0.907592891761
2020-12-04,RealEstate,1,1,0.2,True,0.2,36,5,0.79509202454
2020-12-04,Tech,9,4,0.8,True,0.771428571429,206,4,0.71261125105
2020-12-04,Utilities,2,2,0.4,True,0.4,78,5,0.620816326531
2020-12-07,Comm,12,3,0.6,True,0.33488372093,239,5,0.739765589588
2020-12-07,Consumer,39,5,1,True,0.651391862955,508,5,0.682998094432
2020-12-07,Energy,33,4,0.8,True,0.662006079027,283,5,0.721685064204
2020-12-07,Financials,24,4,0.8,True,0.59381443299,293,5,0.783830175759
2020-12-07,Healthcare,7,3,0.6,True,0.515789473684,178,5,0.917313259988
2020-12-07,Industrials,20,4,0.8,True,0.470588235294,358,5,0.567725359911
2020-12-07,Materials,2,1,0.2,True,0.2,55,5,0.880640465793
2020-12-07,RealEstate,1,1,0.2,True,0.2,34,5,0.808391608392
2020-12-07,Tech,25,4,0.8,True,0.36443148688,211,4,0.657185032106
2020-12-07,Utilities,1,1,0.2,True,0.2,73,5,0.5770438549
2020-12-08,Comm,13,3,0.6,True,0.274796747967,206,5,0.61323699422
2020-12-08,Consumer,22,5,1,True,0.628571428571,508,5,0.677867086945
2020-12-08,Energy,7,3,0.6,True,0.466666666667,286,5,0.725914093007
2020-12-08,Financials,17,5,1,True,0.770666666667,301,5,0.78807463141
2020-12-08,Healthcare,6,3,0.6,True,0.514285714286,181,5,0.912689789664
2020-12-08,Industrials,19,4,0.8,True,0.568503937008,366,5,0.575461809434
2020-12-08,Materials,3,1,0.2,True,0.2,55,5,0.832187070151
2020-12-08,RealEstate,1,1,0.2,True,0.2,31,5,0.765737051793
2020-12-08,Tech,8,4,0.8,True,0.711111111111,213,4,0.663726135616
2020-12-08,Utilities,3,3,0.6,True,0.6,69,5,0.534043746495
2020-12-09,Comm,11,4,0.8,True,0.361194029851,199,5,0.581043210329
2020-12-09,Consumer,21,4,0.8,True,0.554716981132,507,5,0.680771217077
2020-12-09,Energy,12,3,0.6,True,0.533333333333,267,5,0.719255410382
2020-12-09,Financials,11,5,1,True,0.78064516129,288,5,0.792584806498
2020-12-09,Healthcare,3,2,0.4,True,0.36,173,5,0.908729315318
2020-12-09,Industrials,23,5,1,True,0.665408805031,358,5,0.595391619437
2020-12-09,Materials,4,2,0.4,True,0.32,59,5,0.801150747986
2020-12-09,RealEstate,3,2,0.4,True,0.36,31,5,0.719850187266
2020-12-09,Tech,13,4,0.8,True,0.71914893617,210,4,0.67992599445
2020-12-09,Utilities,2,2,0.4,True,0.4,63,5,0.587564766839
2020-12-10,Comm,12,4,0.8,True,0.411428571429,197,5,0.543353167658
2020-12-10,Consumer,23,5,1,True,0.673885350318,513,5,0.685916465759
2020-12-10,Energy,14,4,0.8,True,0.653333333333,266,5,0.714057927137
2020-12-10,Financials,15,5,1,True,0.849056603774,294,5,0.799075529259
2020-12-10,Healthcare,12,4,0.8,True,0.685714285714,175,5,0.877130173278
2020-12-10,Industrials,13,5,1,True,0.751111111111,342,5,0.622977363515
2020-12-10,Materials,1,1,0.2,True,0.2,58,5,0.785981308411
2020-12-10,RealEstate,1,1,0.2,True,0.2,32,5,0.747445255474
2020-12-10,Tech,10,4,0.8,True,0.666666666667,196,4,0.692304919805
2020-12-10,Utilities,4,2,0.4,True,0.32,66,5,0.576953642384
2020-12-11,Comm,10,4,0.8,True,0.384615384615,198,5,0.528213419563
2020-12-11,Consumer,29,5,1,True,0.423677581864,528,5,0.674107747364
2020-12-11,Energy,14,5,1,True,0.7,273,5,0.718109553404
2020-12-11,Financials,16,5,1,True,0.775757575758,294,5,0.808493125058
2020-12-11,Healthcare,13,5,1,True,0.71914893617,184,5,0.885818942962
2020-12-11,Industrials,18,5,1,True,0.54,349,5,0.614334350491
2020-12-11,Materials,1,1,0.2,True,0.2,54,5,0.803305785124
2020-12-11,RealEstate,5,4,0.8,True,0.714285714286,35,5,0.878136200717
2020-12-11,Tech,24,4,0.8,True,0.453543307087,204,4,0.724386422977
2020-12-11,Utilities,3,1,0.2,True,0.2,66,5,0.538442521632
2020-12-14,Comm,31,4,0.8,True,0.614057507987,222,5,0.596947674419
2020-12-14,Consumer,35,5,1,True,0.763239875389,520,5,0.684210526316
2020-12-14,Energy,13,4,0.8,True,0.614545454545,275,5,0.704438545014
2020-12-14,Financials,7,4,0.8,True,0.653333333333,275,5,0.83549687897
2020-12-14,Healthcare,12,5,1,True,0.9,193,5,0.883200948429
2020-12-14,Industrials,24,4,0.8,True,0.729113924051,359,5,0.62987073284
2020-12-14,Materials,0,0,0,False,,49,5,0.804355108878
2020-12-14,RealEstate,6,2,0.4,True,0.276923076923,41,5,0.968876080692
2020-12-14,Tech,13,4,0.8,True,0.662745098039,206,4,0.737889062772
2020-12-14,Utilities,4,3,0.6,True,0.533333333333,66,5,0.540446650124
2020-12-15,Comm,9,2,0.4,True,0.305660377358,218,5,0.561152438304
2020-12-15,Consumer,20,5,1,True,0.78431372549,509,5,0.702945206409
2020-12-15,Energy,6,3,0.6,True,0.514285714286,275,5,0.708928989923
2020-12-15,Financials,12,4,0.8,True,0.685714285714,276,5,0.828540352404
2020-12-15,Healthcare,7,3,0.6,True,0.515789473684,196,5,0.897360429806
2020-12-15,Industrials,7,4,0.8,True,0.515789473684,355,5,0.612173026012
2020-12-15,Materials,3,2,0.4,True,0.36,47,5,0.71837398374
2020-12-15,RealEstate,5,4,0.8,True,0.714285714286,44,5,0.982741116751
2020-12-15,Tech,10,3,0.6,True,0.47619047619,207,4,0.739604729438
2020-12-15,Utilities,0,0,0,False,,66,5,0.540446650124
2020-12-16,Comm,6,1,0.2,True,0.2,212,5,0.515294657189
2020-12-16,Consumer,17,5,1,True,0.502608695652,482,5,0.709321283547
2020-12-16,Energy,5,2,0.4,True,0.384615384615,262,5,0.687540064103
2020-12-16,Financials,9,5,1,True,0.852631578947,266,5,0.833109619687
2020-12-16,Healthcare,9,2,0.4,True,0.39512195122,184,5,0.883507306889
2020-12-16,Industrials,14,4,0.8,True,0.435555555556,344,5,0.613489553632
2020-12-16,Materials,2,2,0.4,True,0.4,45,5,0.658536585366
2020-12-16,RealEstate,4,3,0.6,True,0.533333333333,45,5,0.966587112172
2020-12-16,Tech,5,3,0.6,True,0.454545454545,205,4,0.736699097204
2020-12-16,Utilities,1,1,0.2,True,0.2,59,5,0.579683597002
2020-12-17,Comm,8,1,0.2,True,0.2,208,5,0.482103855583
2020-12-17,Consumer,16,5,1,True,0.752941176471,468,5,0.724597214411
2020-12-17,Energy,8,5,1,True,0.64,267,5,0.691354313146
2020-12-17,Financials,20,4,0.8,True,0.78431372549,275,5,0.835312310156
2020-12-17,Healthcare,13,5,1,True,0.786046511628,187,5,0.909112179904
2020-12-17,Industrials,14,3,0.6,True,0.478048780488,349,5,0.605538293271
2020-12-17,Materials,3,3,0.6,True,0.6,46,5,0.643161094225
2020-12-17,RealEstate,2,2,0.4,True,0.4,47,5,0.954211663067
2020-12-17,Tech,11,4,0.8,True,0.44,208,4,0.724204887847
2020-12-17,Utilities,6,3,0.6,True,0.514285714286,65,5,0.59298245614
2020-12-18,Comm,8,4,0.8,True,0.457142857143,205,5,0.471581664142
2020-12-18,Consumer,26,5,1,True,0.777011494253,475,5,0.750544716664
2020-12-18,Energy,5,3,0.6,True,0.454545454545,264,5,0.690743310208
2020-12-18,Financials,3,3,0.6,True,0.6,267,5,0.835205904751
2020-12-18,Healthcare,4,3,0.6,True,0.533333333333,182,5,0.919344990286
2020-12-18,Industrials,18,4,0.8,True,0.611320754717,341,5,0.624478397465
2020-12-18,Materials,7,4,0.8,True,0.653333333333,53,5,0.74214002642
2020-12-18,RealEstate,2,1,0.2,True,0.2,48,5,0.940408163265
2020-12-18,Tech,11,4,0.8,True,0.691428571429,210,4,0.727362691737
2020-12-18,Utilities,2,1,0.2,True,0.2,62,5,0.560349854227
2020-12-21,Comm,18,4,0.8,True,0.531147540984,213,5,0.48339459805
2020-12-21,Consumer,60,5,1,True,0.761099365751,519,5,0.771885432637
2020-12-21,Energy,14,5,1,True,0.816666666667,274,5,0.703683569219
2020-12-21,Financials,50,5,1,True,0.602409638554,304,5,0.803407806659
2020-12-21,Healthcare,6,5,1,True,0.9,180,5,0.922551252847
2020-12-21,Industrials,38,5,1,True,0.570750988142,369,5,0.625668006893
2020-12-21,Materials,5,4,0.8,True,0.714285714286,55,5,0.749690210657
2020-12-21,RealEstate,5,4,0.8,True,0.714285714286,52,5,0.962277580071
2020-12-21,Tech,13,3,0.6,True,0.450666666667,218,4,0.712503748126
2020-12-21,Utilities,5,4,0.8,True,0.714285714286,62,5,0.533888888889
2020-12-22,Comm,7,3,0.6,True,0.466666666667,205,5,0.478345000285
2020-12-22,Consumer,16,5,1,True,0.731428571429,509,5,0.767954589243
2020-12-22,Energy,21,5,1,True,0.741176470588,293,5,0.716632580659
2020-12-22,Financials,5,3,0.6,True,0.555555555556,294,5,0.801000834028
2020-12-22,Healthcare,18,4,0.8,True,0.498461538462,185,5,0.953475414403
2020-12-22,Industrials,11,4,0.8,True,0.537777777778,371,5,0.626766239384
2020-12-22,Materials,2,2,0.4,True,0.4,57,5,0.744329896907
2020-12-22,RealEstate,0,0,0,False,,52,5,0.962277580071
2020-12-22,Tech,7,4,0.8,True,0.653333333333,219,4,0.711007338225
2020-12-22,Utilities,2,1,0.2,True,0.2,60,5,0.532544378698
2020-12-23,Comm,5,2,0.4,True,0.294117647059,201,5,0.46877066775
2020-12-23,Consumer,22,5,1,True,0.834482758621,494,5,0.760876749914
2020-12-23,Energy,4,3,0.6,True,0.533333333333,280,5,0.706115464289
2020-12-23,Financials,10,4,0.8,True,0.666666666667,281,5,0.824787172925
2020-12-23,Healthcare,15,3,0.6,True,0.445544554455,180,5,0.943231441048
2020-12-23,Industrials,10,4,0.8,True,0.47619047619,359,5,0.621158156011
2020-12-23,Materials,0,0,0,False,,48,5,0.773154362416
2020-12-23,RealEstate,2,2,0.4,True,0.4,53,5,0.970293609672
2020-12-23,Tech,6,3,0.6,True,0.6,214,4,0.71433473717
2020-12-23,Utilities,2,2,0.4,True,0.4,58,5,0.550572831424
2020-12-24,Comm,4,1,0.2,True,0.2,195,5,0.458381049967
2020-12-24,Consumer,21,4,0.8,True,0.766956521739,500,5,0.771795505063
2020-12-24,Energy,9,3,0.6,True,0.39512195122,278,5,0.698076054557
2020-12-24,Financials,6,4,0.8,True,0.6,271,5,0.816691687517
2020-12-24,Healthcare,3,3,0.6,True,0.6,180,5,0.949033391916
2020-12-24,Industrials,4,2,0.4,True,0.4,335,5,0.6117303971
2020-12-24,Materials,0,0,0,False,,47,5,0.763039723661
2020-12-24,RealEstate,2,2,0.4,True,0.4,51,5,0.965120593692
2020-12-24,Tech,6,3,0.6,True,0.514285714286,219,4,0.714822266935
2020-12-24,Utilities,0,0,0,False,,57,5,0.540149625935
2020-12-28,Comm,10,3,0.6,True,0.30303030303,199,5,0.455314745617
2020-12-28,Consumer,26,5,1,True,0.742857142857,511,5,0.777342482473
2020-12-28,Energy,13,4,0.8,True,0.536507936508,278,5,0.69921288338
2020-12-28,Financials,21,5,1,True,0.694488188976,279,5,0.816242856394
2020-12-28,Healthcare,10,4,0.8,True,0.47619047619,184,5,0.930877096508
2020-12-28,Industrials,12,4,0.8,True,0.496551724138,335,5,0.600985353576
2020-12-28,Materials,2,2,0.4,True,0.4,45,5,0.737704918033
2020-12-28,RealEstate,1,1,0.2,True,0.2,52,5,0.958865248227
2020-12-28,Tech,16,3,0.6,True,0.492307692308,229,4,0.713337414133
2020-12-28,Utilities,4,3,0.6,True,0.533333333333,57,5,0.561624891962
2020-12-29,Comm,7,3,0.6,True,0.466666666667,203,5,0.453868605099
2020-12-29,Consumer,22,5,1,True,0.733333333333,501,5,0.774945584217
2020-12-29,Energy,6,2,0.4,True,0.36,274,5,0.701972884525
2020-12-29,Financials,5,4,0.8,True,0.714285714286,277,5,0.830625169147
2020-12-29,Healthcare,7,3,0.6,True,0.576470588235,184,5,0.940444444444
2020-12-29,Industrials,20,5,1,True,0.307692307692,346,5,0.588516370072
2020-12-29,Materials,3,2,0.4,True,0.36,47,5,0.72784184514
2020-12-29,RealEstate,1,1,0.2,True,0.2,51,5,0.944101633394
2020-12-29,Tech,13,2,0.4,True,0.379775280899,237,4,0.695289967197
2020-12-29,Utilities,0,0,0,False,,56,5,0.550175438596
2020-12-30,Comm,4,2,0.4,True,0.4,201,5,0.448028832825
2020-12-30,Consumer,10,4,0.8,True,0.666666666667,495,5,0.780172894146
2020-12-30,Energy,6,3,0.6,True,0.4,253,5,0.696393406952
2020-12-30,Financials,4,4,0.8,True,0.8,269,5,0.835336219336
2020-12-30,Healthcare,2,2,0.4,True,0.4,175,5,0.923691750867
2020-12-30,Industrials,11,5,1,True,0.691428571429,341,5,0.587619071683
2020-12-30,Materials,1,1,0.2,True,0.2,46,5,0.745070422535
2020-12-30,RealEstate,5,5,1,True,1,53,5,0.941038525963
2020-12-30,Tech,17,4,0.8,True,0.621505376344,244,4,0.691234180889
2020-12-30,Utilities,1,1,0.2,True,0.2,50,5,0.539956803456
2020-12-31,Comm,11,3,0.6,True,0.410169491525,206,5,0.439569090532
2020-12-31,Consumer,21,5,1,True,0.7056,508,5,0.783079957518
2020-12-31,Energy,12,4,0.8,True,0.576,253,5,0.696241910045
2020-12-31,Financials,12,4,0.8,True,0.654545454545,277,5,0.829278573359
2020-12-31,Healthcare,8,3,0.6,True,0.581818181818,178,5,0.915457960127
2020-12-31,Industrials,10,4,0.8,True,0.555555555556,341,5,0.591414693691
2020-12-31,Materials,1,1,0.2,True,0.2,45,5,0.759849906191
2020-12-31,RealEstate,3,1,0.2,True,0.2,55,5,0.904334828102
2020-12-31,Tech,5,3,0.6,True,0.555555555556,238,4,0.678371257485
2020-12-31,Utilities,1,1,0.2,True,0.2,50,5,0.51652892562
2021-01-04,Comm,10,3,0.6,True,0.434782608696,214,5,0.441067128961
2021-01-04,Consumer,27,5,1,True,0.796721311475,509,5,0.779343330275
2021-01-04,Energy,14,4,0.8,True,0.784,254,5,0.699512089342
2021-01-04,Financials,13,4,0.8,True,0.751111111111,281,5,0.828943362553
2021-01-04,Healthcare,12,4,0.8,True,0.72,178,5,0.939899139721
2021-01-04,Industrials,13,2,0.4,True,0.348453608247,343,5,0.583909472169
2021-01-04,Materials,6,3,0.6,True,0.514285714286,47,5,0.725451559934
2021-01-04,RealEstate,2,1,0.2,True,0.2,55,5,0.904334828102
2021-01-04,Tech,14,3,0.6,True,0.362962962963,244,4,0.664093697713
2021-01-04,Utilities,4,1,0.2,True,0.2,47,5,0.473526259378
2021-01-05,Comm,17,5,1,True,0.664367816092,223,5,0.465736361508
2021-01-05,Consumer,18,5,1,True,0.875675675676,501,5,0.797246176569
2021-01-05,Energy,15,5,1,True,0.714285714286,261,5,0.698641095328
2021-01-05,Financials,13,3,0.6,True,0.59298245614,283,5,0.814616284392
2021-01-05,Healthcare,6,3,0.6,True,0.514285714286,181,5,0.939383512545
2021-01-05,Industrials,14,3,0.6,True,0.417021276596,327,5,0.577760367419
2021-01-05,Materials,3,3,0.6,True,0.6,49,5,0.726475037821
2021-01-05,RealEstate,5,4,0.8,True,0.714285714286,57,5,0.934964028777
2021-01-05,Tech,14,4,0.8,True,0.502564102564,250,4,0.69098949696
2021-01-05,Utilities,3,3,0.6,True,0.6,50,5,0.49115913556
2021-01-06,Comm,13,3,0.6,True,0.450666666667,226,5,0.47547942655
2021-01-06,Consumer,16,5,1,True,0.8,507,5,0.806845896699
2021-01-06,Energy,16,5,1,True,0.711111111111,247,5,0.690498556958
2021-01-06,Financials,18,4,0.8,True,0.6,291,5,0.814906413896
2021-01-06,Healthcare,6,4,0.8,True,0.72,179,5,0.952042787104
2021-01-06,Industrials,20,5,1,True,0.888888888889,333,5,0.614735149818
2021-01-06,Materials,1,1,0.2,True,0.2,50,5,0.735294117647
2021-01-06,RealEstate,2,1,0.2,True,0.2,58,5,0.91912568306
2021-01-06,Tech,12,3,0.6,True,0.576,253,4,0.683601217493
2021-01-06,Utilities,0,0,0,False,,48,5,0.484033613445
2021-01-07,Comm,10,5,1,True,0.909090909091,224,5,0.500608600219
2021-01-07,Consumer,19,5,1,True,0.962666666667,487,5,0.827887250196
2021-01-07,Energy,6,3,0.6,True,0.514285714286,220,5,0.683133380381
2021-01-07,Financials,17,4,0.8,True,0.635164835165,284,5,0.836854119112
2021-01-07,Healthcare,12,5,1,True,0.96,184,5,0.946226942426
2021-01-07,Industrials,14,5,1,True,0.725925925926,327,5,0.64811346486
2021-01-07,Materials,2,2,0.4,True,0.4,50,5,0.764525993884
2021-01-07,RealEstate,3,3,0.6,True,0.6,60,5,0.935064935065
2021-01-07,Tech,9,3,0.6,True,0.490909090909,237,4,0.706306193021
2021-01-07,Utilities,5,2,0.4,True,0.294117647059,52,5,0.470260869565
2021-01-08,Comm,4,3,0.6,True,0.533333333333,215,5,0.522227870982
2021-01-08,Consumer,15,5,1,True,0.849056603774,480,5,0.835387962292
2021-01-08,Energy,14,4,0.8,True,0.56,227,5,0.691154181477
2021-01-08,Financials,10,3,0.6,True,0.555555555556,277,5,0.826420378049
2021-01-08,Healthcare,2,2,0.4,True,0.4,180,5,0.94958968347
2021-01-08,Industrials,15,5,1,True,0.483870967742,323,5,0.644026050187
2021-01-08,Materials,6,2,0.4,True,0.276923076923,53,5,0.744105960265
2021-01-08,RealEstate,1,1,0.2,True,0.2,60,5,0.923076923077
2021-01-08,Tech,9,4,0.8,True,0.771428571429,238,4,0.708492808005
2021-01-08,Utilities,7,3,0.6,True,0.576470588235,56,5,0.477321156773
2021-01-11,Comm,13,4,0.8,True,0.637735849057,217,5,0.540910918385
2021-01-11,Consumer,15,5,1,True,0.671641791045,474,5,0.845823137447
2021-01-11,Energy,10,5,1,True,0.909090909091,225,5,0.715294948781
2021-01-11,Financials,30,3,0.6,True,0.318021201413,296,5,0.808862629247
2021-01-11,Healthcare,15,5,1,True,0.633802816901,192,5,0.958253184299
2021-01-11,Industrials,20,4,0.8,True,0.30534351145,320,5,0.60649135276
2021-01-11,Materials,6,4,0.8,True,0.6,55,5,0.839112343967
2021-01-11,RealEstate,3,3,0.6,True,0.6,60,5,0.920716112532
2021-01-11,Tech,23,4,0.8,True,0.618713450292,248,4,0.68673514962
2021-01-11,Utilities,3,2,0.4,True,0.36,57,5,0.468493150685
2021-01-12,Comm,6,3,0.6,True,0.4,211,5,0.544966032193
2021-01-12,Consumer,20,5,1,True,0.701754385965,471,5,0.845833571633
2021-01-12,Energy,18,4,0.8,True,0.753488372093,229,5,0.72971543867
2021-01-12,Financials,25,4,0.8,True,0.698324022346,306,5,0.794468012897
2021-01-12,Healthcare,12,4,0.8,True,0.757894736842,192,5,0.958751625488
2021-01-12,Industrials,15,4,0.8,True,0.473684210526,322,5,0.587344927208
2021-01-12,Materials,2,2,0.4,True,0.4,56,5,0.840750670241
2021-01-12,RealEstate,7,2,0.4,True,0.264864864865,66,5,0.852446183953
2021-01-12,Tech,7,2,0.4,True,0.264864864865,245,4,0.661614769909
2021-01-12,Utilities,4,3,0.6,True,0.533333333333,57,5,0.512865035517
2021-01-13,Comm,10,4,0.8,True,0.666666666667,211,5,0.571258099698
2021-01-13,Consumer,15,4,0.8,True,0.652173913043,457,5,0.858665844383
2021-01-13,Energy,9,2,0.4,True,0.249230769231,224,5,0.706604703563
2021-01-13,Financials,15,4,0.8,True,0.542168674699,305,5,0.807543730197
2021-01-13,Healthcare,10,4,0.8,True,0.666666666667,189,5,0.963479433581
2021-01-13,Industrials,15,4,0.8,True,0.354330708661,319,5,0.576827367287
2021-01-13,Materials,2,2,0.4,True,0.4,57,5,0.827770700637
2021-01-13,RealEstate,4,2,0.4,True,0.32,65,5,0.847542627884
2021-01-13,Tech,36,4,0.8,True,0.433444816054,257,4,0.600254464489
2021-01-13,Utilities,5,3,0.6,True,0.454545454545,59,5,0.571123872026
2021-01-14,Comm,12,4,0.8,True,0.685714285714,192,5,0.50658238285
2021-01-14,Consumer,17,5,1,True,0.696385542169,439,5,0.863774286803
2021-01-14,Energy,8,3,0.6,True,0.492307692308,219,5,0.719864915572
2021-01-14,Financials,20,4,0.8,True,0.384615384615,318,5,0.783117788275
2021-01-14,Healthcare,7,4,0.8,True,0.515789473684,184,5,0.976521488318
2021-01-14,Industrials,8,3,0.6,True,0.492307692308,303,5,0.553116245444
2021-01-14,Materials,1,1,0.2,True,0.2,58,5,0.814527845036
2021-01-14,RealEstate,1,1,0.2,True,0.2,60,5,0.825688073394
2021-01-14,Tech,16,3,0.6,True,0.406349206349,260,4,0.578321498845
2021-01-14,Utilities,1,1,0.2,True,0.2,56,5,0.581818181818
2021-01-15,Comm,6,1,0.2,True,0.2,189,5,0.501523341523
2021-01-15,Consumer,21,5,1,True,0.753846153846,440,5,0.862552907106
2021-01-15,Energy,18,4,0.8,True,0.36404494382,231,5,0.696573330723
2021-01-15,Financials,35,4,0.8,True,0.443037974684,341,5,0.757604977685
2021-01-15,Healthcare,5,3,0.6,True,0.555555555556,182,5,0.97052446528
2021-01-15,Industrials,11,5,1,True,0.78064516129,307,5,0.563033543415
2021-01-15,Materials,6,3,0.6,True,0.514285714286,61,5,0.824141749723
2021-01-15,RealEstate,5,4,0.8,True,0.714285714286,60,5,0.805369127517
2021-01-15,Tech,15,4,0.8,True,0.671641791045,265,4,0.588518751309
2021-01-15,Utilities,1,1,0.2,True,0.2,57,5,0.593424657534
2021-01-19,Comm,14,4,0.8,True,0.369811320755,197,5,0.506017341417
2021-01-19,Consumer,58,5,1,True,0.692181069959,481,5,0.852865173717
2021-01-19,Energy,12,4,0.8,True,0.757894736842,238,5,0.71865008881
2021-01-19,Financials,31,4,0.8,True,0.448018648019,363,5,0.73496946203
2021-01-19,Healthcare,12,5,1,True,0.757894736842,185,5,0.981362007168
2021-01-19,Industrials,25,5,1,True,0.404530744337,318,5,0.554590325765
2021-01-19,Materials,2,2,0.4,True,0.4,61,5,0.833370660694
2021-01-19,RealEstate,2,2,0.4,True,0.4,58,5,0.789671361502
2021-01-19,Tech,21,4,0.8,True,0.443216080402,281,4,0.578617227861
2021-01-19,Utilities,4,3,0.6,True,0.533333333333,60,5,0.583468395462
2021-01-20,Comm,6,4,0.8,True,0.72,195,5,0.536054134066
2021-01-20,Consumer,17,4,0.8,True,0.477685950413,482,5,0.844169906617
2021-01-20,Energy,4,1,0.2,True,0.2,234,5,0.710286677909
2021-01-20,Financials,35,5,1,True,0.626598465473,378,5,0.774145310722
2021-01-20,Healthcare,4,3,0.6,True,0.533333333333,176,5,0.970122142186
2021-01-20,Industrials,12,5,1,True,0.757894736842,316,5,0.564285714286
2021-01-20,Materials,1,1,0.2,True,0.2,59,5,0.845929526124
2021-01-20,RealEstate,5,4,0.8,True,0.714285714286,61,5,0.809793253536
2021-01-20,Tech,14,4,0.8,True,0.52972972973,284,4,0.583069471554
2021-01-20,Utilities,3,2,0.4,True,0.36,57,5,0.591264786169
2021-01-21,Comm,10,4,0.8,True,0.555555555556,197,5,0.541457970003
2021-01-21,Consumer,17,4,0.8,True,0.59587628866,473,5,0.828211820016
2021-01-21,Energy,8,5,1,True,0.64,237,5,0.715483090249
2021-01-21,Financials,14,5,1,True,0.933333333333,389,5,0.787863483716
2021-01-21,Healthcare,4,3,0.6,True,0.533333333333,176,5,0.962884675163
2021-01-21,Industrials,4,2,0.4,True,0.4,302,5,0.557515740571
2021-01-21,Materials,4,4,0.8,True,0.8,56,5,0.818798955614
2021-01-21,RealEstate,0,0,0,False,,59,5,0.83377245509
2021-01-21,Tech,19,4,0.8,True,0.442944785276,292,4,0.569603847952
2021-01-21,Utilities,1,1,0.2,True,0.2,56,5,0.601919385797
2021-01-22,Comm,12,3,0.6,True,0.4,191,5,0.531599271403
2021-01-22,Consumer,19,4,0.8,True,0.542857142857,432,5,0.793368192833
2021-01-22,Energy,18,5,1,True,0.661224489796,241,5,0.7453448829
2021-01-22,Financials,10,4,0.8,True,0.588235294118,349,5,0.782807930846
2021-01-22,Healthcare,2,2,0.4,True,0.4,172,5,0.959584819981
2021-01-22,Industrials,3,2,0.4,True,0.36,267,5,0.551964693585
2021-01-22,Materials,1,1,0.2,True,0.2,52,5,0.816918429003
2021-01-22,RealEstate,0,0,0,False,,54,5,0.7776
2021-01-22,Tech,19,4,0.8,True,0.312554112554,298,4,0.556241778891
2021-01-22,Utilities,3,3,0.6,True,0.6,54,5,0.606237006237
2021-01-25,Comm,26,5,1,True,0.549593495935,210,5,0.53525913339
2021-01-25,Consumer,25,5,1,True,0.796178343949,441,5,0.796384185418
2021-01-25,Energy,5,3,0.6,True,0.454545454545,225,5,0.73942890528
2021-01-25,Financials,17,4,0.8,True,0.649438202247,361,5,0.799539863186
2021-01-25,Healthcare,25,5,1,True,0.435540069686,179,5,0.884499654934
2021-01-25,Industrials,26,5,1,True,0.786046511628,282,5,0.581911312747
2021-01-25,Materials,3,3,0.6,True,0.6,53,5,0.834769687964
2021-01-25,RealEstate,7,3,0.6,True,0.576470588235,61,5,0.766426364573
2021-01-25,Tech,24,4,0.8,True,0.457142857143,315,4,0.555648887022
2021-01-25,Utilities,9,3,0.6,True,0.39512195122,61,5,0.592988047809
2021-01-26,Comm,10,3,0.6,True,0.37037037037,215,5,0.53467121624
2021-01-26,Consumer,26,5,1,True,0.777011494253,445,5,0.809140498907
2021-01-26,Energy,8,5,1,True,0.914285714286,229,5,0.751034729681
2021-01-26,Financials,16,4,0.8,True,0.501960784314,367,5,0.792684577583
2021-01-26,Healthcare,16,4,0.8,True,0.691891891892,180,5,0.907817315775
2021-01-26,Industrials,38,4,0.8,True,0.542857142857,310,5,0.63739470717
2021-01-26,Materials,3,1,0.2,True,0.2,56,5,0.845283018868
2021-01-26,RealEstate,5,2,0.4,True,0.384615384615,64,5,0.81593625498
2021-01-26,Tech,22,3,0.6,True,0.498969072165,331,4,0.561088776791
2021-01-26,Utilities,8,1,0.2,True,0.2,67,5,0.524109748978
2021-01-27,Comm,11,2,0.4,True,0.239603960396,222,5,0.52262990456
2021-01-27,Consumer,22,5,1,True,0.722388059701,446,5,0.806928725001
2021-01-27,Energy,9,3,0.6,True,0.39512195122,229,5,0.749853435333
2021-01-27,Financials,9,5,1,True,0.852631578947,370,5,0.796254289536
2021-01-27,Healthcare,12,4,0.8,True,0.48,189,5,0.904672660504
2021-01-27,Industrials,32,4,0.8,True,0.359298245614,338,5,0.603922397843
2021-01-27,Materials,3,2,0.4,True,0.36,59,5,0.862701363073
2021-01-27,RealEstate,4,2,0.4,True,0.32,66,5,0.85078125
2021-01-27,Tech,8,3,0.6,True,0.492307692308,333,4,0.559466209228
2021-01-27,Utilities,4,3,0.6,True,0.533333333333,71,5,0.529795060431
2021-01-28,Comm,24,4,0.8,True,0.533333333333,236,5,0.555128077345
2021-01-28,Consumer,23,5,1,True,0.649079754601,443,5,0.795125904017
2021-01-28,Energy,13,4,0.8,True,0.59298245614,229,5,0.754166966276
2021-01-28,Financials,16,4,0.8,True,0.501960784314,365,5,0.800847584984
2021-01-28,Healthcare,8,4,0.8,True,0.457142857143,187,5,0.911719462912
2021-01-28,Industrials,20,5,1,True,0.727272727273,346,5,0.617060976238
2021-01-28,Materials,14,4,0.8,True,0.632258064516,71,5,0.927506899724
2021-01-28,RealEstate,4,2,0.4,True,0.4,69,5,0.85399103139
2021-01-28,Tech,14,4,0.8,True,0.435555555556,331,4,0.555259356866
2021-01-28,Utilities,5,3,0.6,True,0.454545454545,72,5,0.525760649087
2021-01-29,Comm,17,5,1,True,0.862686567164,246,5,0.588047808765
2021-01-29,Consumer,17,4,0.8,True,0.540186915888,438,5,0.793465133593
2021-01-29,Energy,19,3,0.6,True,0.427218934911,242,5,0.759979236958
2021-01-29,Financials,16,4,0.8,True,0.731428571429,376,5,0.793400303047
2021-01-29,Healthcare,6,4,0.8,True,0.6,186,5,0.899531981279
2021-01-29,Industrials,19,4,0.8,True,0.744329896907,345,5,0.656418033917
2021-01-29,Materials,2,2,0.4,True,0.4,70,5,0.922787193974
2021-01-29,RealEstate,3,2,0.4,True,0.36,71,5,0.843682008368
2021-01-29,Tech,7,4,0.8,True,0.515789473684,325,4,0.568962266692
2021-01-29,Utilities,3,3,0.6,True,0.6,75,5,0.537505972289
2021-02-01,Comm,11,5,1,True,0.562790697674,253,5,0.586834746734
2021-02-01,Consumer,20,5,1,True,0.78431372549,448,5,0.800574391703
2021-02-01,Energy,30,5,1,True,0.63829787234,266,5,0.755536572344
2021-02-01,Financials,18,4,0.8,True,0.753488372093,390,5,0.791527893422
2021-02-01,Healthcare,11,5,1,True,0.834482758621,195,5,0.92349726776
2021-02-01,Industrials,19,5,1,True,0.714851485149,353,5,0.665735274476
2021-02-01,Materials,10,4,0.8,True,0.555555555556,79,5,0.959415833974
2021-02-01,RealEstate,3,3,0.6,True,0.6,69,5,0.827280625543
2021-02-01,Tech,15,4,0.8,True,0.569620253165,323,4,0.564688371086
2021-02-01,Utilities,2,1,0.2,True,0.2,76,5,0.51617515639
2021-02-02,Comm,18,5,1,True,0.72,260,5,0.622869252741
2021-02-02,Consumer,14,5,1,True,0.725925925926,441,5,0.805187653963
2021-02-02,Energy,23,3,0.6,True,0.285175202156,277,5,0.713857747593
2021-02-02,Financials,16,4,0.8,True,0.65641025641,394,5,0.803498964803
2021-02-02,Healthcare,16,3,0.6,True,0.533333333333,203,5,0.963164660512
2021-02-02,Industrials,20,4,0.8,True,0.421052631579,363,5,0.700247110403
2021-02-02,Materials,1,1,0.2,True,0.2,79,5,0.955011476664
2021-02-02,RealEstate,6,3,0.6,True,0.514285714286,72,5,0.865442404007
2021-02-02,Tech,6,4,0.8,True,0.72,324,4,0.563720330792
2021-02-02,Utilities,1,1,0.2,True,0.2,76,5,0.530394857668
2021-02-03,Comm,10,3,0.6,True,0.588235294118,260,5,0.640333428057
2021-02-03,Consumer,19,4,0.8,True,0.568503937008,433,5,0.794394424083
2021-02-03,Energy,11,3,0.6,True,0.537777777778,274,5,0.700793428545
2021-02-03,Financials,13,4,0.8,True,0.536507936508,394,5,0.807301471735
2021-02-03,Healthcare,24,4,0.8,True,0.59381443299,215,5,0.965736968557
2021-02-03,Industrials,9,4,0.8,True,0.704347826087,359,5,0.7141210694
2021-02-03,Materials,3,3,0.6,True,0.6,76,5,0.964273789649
2021-02-03,RealEstate,4,2,0.4,True,0.32,74,5,0.89477124183
2021-02-03,Tech,14,3,0.6,True,0.466666666667,324,4,0.582100476877
2021-02-03,Utilities,6,3,0.6,True,0.514285714286,78,5,0.575047258979
2021-02-04,Comm,9,4,0.8,True,0.6,252,5,0.642038216561
2021-02-04,Consumer,16,5,1,True,0.731428571429,431,5,0.787773796145
2021-02-04,Energy,8,4,0.8,True,0.581818181818,267,5,0.691891104964
2021-02-04,Financials,11,4,0.8,True,0.562790697674,392,5,0.814329623741
2021-02-04,Healthcare,19,5,1,True,0.504895104895,228,5,0.956115504874
2021-02-04,Industrials,5,3,0.6,True,0.555555555556,350,5,0.726356359324
2021-02-04,Materials,0,0,0,False,,73,5,0.969790718835
2021-02-04,RealEstate,2,2,0.4,True,0.4,71,5,0.871391529818
2021-02-04,Tech,21,3,0.6,True,0.492737430168,331,4,0.57802105041
2021-02-04,Utilities,3,1,0.2,True,0.2,78,5,0.544673231871
2021-02-05,Comm,12,5,1,True,0.654545454545,251,5,0.665585547515
2021-02-05,Consumer,14,5,1,True,0.933333333333,429,5,0.788978200759
2021-02-05,Energy,11,4,0.8,True,0.620512820513,262,5,0.697672527696
2021-02-05,Financials,9,4,0.8,True,0.704347826087,383,5,0.8165947616
2021-02-05,Healthcare,10,4,0.8,True,0.555555555556,232,5,0.955851536139
2021-02-05,Industrials,5,4,0.8,True,0.714285714286,335,5,0.709902900338
2021-02-05,Materials,3,2,0.4,True,0.36,75,5,0.952582557155
2021-02-05,RealEstate,2,1,0.2,True,0.2,71,5,0.823020408163
2021-02-05,Tech,8,4,0.8,True,0.711111111111,327,4,0.583912627986
2021-02-05,Utilities,3,3,0.6,True,0.6,81,5,0.572263410379
2021-02-08,Comm,21,5,1,True,0.873267326733,262,5,0.684114012358
2021-02-08,Consumer,38,5,1,True,0.56186770428,448,5,0.766192021378
2021-02-08,Energy,25,5,1,True,0.838926174497,281,5,0.718251694183
2021-02-08,Financials,16,4,0.8,True,0.609523809524,382,5,0.81970565105
2021-02-08,Healthcare,4,4,0.8,True,0.8,224,5,0.95591541246
2021-02-08,Industrials,19,4,0.8,True,0.700970873786,340,5,0.698531633331
2021-02-08,Materials,3,2,0.4,True,0.36,76,5,0.961064891847
2021-02-08,RealEstate,4,3,0.6,True,0.533333333333,72,5,0.803720930233
2021-02-08,Tech,5,2,0.4,True,0.294117647059,323,4,0.599781540142
2021-02-08,Utilities,3,2,0.4,True,0.36,79,5,0.593533048027
2021-02-09,Comm,26,4,0.8,True,0.524031007752,284,5,0.74344179187
2021-02-09,Consumer,19,5,1,True,0.793406593407,452,5,0.766647904237
2021-02-09,Energy,4,1,0.2,True,0.2,271,5,0.708377140101
2021-02-09,Financials,7,4,0.8,True,0.753846153846,379,5,0.826211498087
2021-02-09,Healthcare,7,4,0.8,True,0.653333333333,229,5,0.959666941166
2021-02-09,Industrials,12,4,0.8,True,0.685714285714,337,5,0.713978562223
2021-02-09,Materials,8,2,0.4,True,0.32,78,5,0.902670623145
2021-02-09,RealEstate,1,1,0.2,True,0.2,72,5,0.808736349454
2021-02-09,Tech,6,3,0.6,True,0.514285714286,320,4,0.59338239555
2021-02-09,Utilities,1,1,0.2,True,0.2,73,5,0.591125901276
2021-02-10,Comm,10,3,0.6,True,0.526315789474,281,5,0.742428658737
2021-02-10,Consumer,23,4,0.8,True,0.772262773723,460,5,0.768923289364
2021-02-10,Energy,3,3,0.6,True,0.6,264,5,0.696542074755
2021-02-10,Financials,11,4,0.8,True,0.691428571429,360,5,0.847169564649
2021-02-10,Healthcare,14,5,1,True,0.784,228,5,0.960177318064
2021-02-10,Industrials,15,4,0.8,True,0.633802816901,332,5,0.74135055152
2021-02-10,Materials,3,2,0.4,True,0.36,75,5,0.922887612797
2021-02-10,RealEstate,0,0,0,False,,69,5,0.799496221662
2021-02-10,Tech,4,2,0.4,True,0.4,301,4,0.590330672748
2021-02-10,Utilities,4,2,0.4,True,0.4,74,5,0.597164667394
2021-02-11,Comm,11,5,1,True,0.834482758621,286,5,0.756319926029
2021-02-11,Consumer,30,5,1,True,0.491803278689,470,5,0.755471956224
2021-02-11,Energy,9,4,0.8,True,0.648,255,5,0.675970684547
2021-02-11,Financials,6,3,0.6,True,0.4,341,5,0.859780398536
2021-02-11,Healthcare,8,4,0.8,True,0.711111111111,224,5,0.966037735849
2021-02-11,Industrials,9,4,0.8,True,0.704347826087,326,5,0.754747532136
2021-02-11,Materials,0,0,0,False,,73,5,0.914849785408
2021-02-11,RealEstate,5,5,1,True,1,67,5,0.825942962282
2021-02-11,Tech,18,3,0.6,True,0.490909090909,312,4,0.593380067053
2021-02-11,Utilities,6,4,0.8,True,0.72,76,5,0.587589013225
2021-02-12,Comm,2,2,0.4,True,0.4,278,5,0.747644384251
2021-02-12,Consumer,26,5,1,True,0.524031007752,481,5,0.745400067658
2021-02-12,Energy,14,5,1,True,0.852173913043,260,5,0.709860338129
2021-02-12,Financials,5,3,0.6,True,0.555555555556,331,5,0.853844055644
2021-02-12,Healthcare,7,4,0.8,True,0.653333333333,221,5,0.952902155887
2021-02-12,Industrials,11,4,0.8,True,0.691428571429,322,5,0.777766109069
2021-02-12,Materials,0,0,0,False,,71,5,0.914052583862
2021-02-12,RealEstate,4,4,0.8,True,0.8,67,5,0.852611585945
2021-02-12,Tech,8,4,0.8,True,0.711111111111,284,4,0.617202326293
2021-02-12,Utilities,7,3,0.6,True,0.362962962963,78,5,0.619551934827
2021-02-16,Comm,26,5,1,True,0.734782608696,292,5,0.748323679129
2021-02-16,Consumer,39,5,1,True,0.794255874674,503,5,0.755645486448
2021-02-16,Energy,18,4,0.8,True,0.648,270,5,0.699750431945
2021-02-16,Financials,24,5,1,True,0.632967032967,335,5,0.847396836184
2021-02-16,Healthcare,5,3,0.6,True,0.555555555556,219,5,0.949065004452
2021-02-16,Industrials,12,4,0.8,True,0.496551724138,326,5,0.77173770968
2021-02-16,Materials,3,3,0.6,True,0.6,73,5,0.903986429177
2021-02-16,RealEstate,2,1,0.2,True,0.2,68,5,0.84533820841
2021-02-16,Tech,7,4,0.8,True,0.753846153846,275,4,0.634038985538
2021-02-16,Utilities,9,4,0.8,True,0.522580645161,86,5,0.607723911257
2021-02-17,Comm,5,3,0.6,True,0.454545454545,291,5,0.76155402671
2021-02-17,Consumer,18,5,1,True,0.981818181818,500,5,0.763965285417
2021-02-17,Energy,16,2,0.4,True,0.350684931507,268,5,0.704156862745
2021-02-17,Financials,17,4,0.8,True,0.664367816092,317,5,0.842498428003
2021-02-17,Healthcare,14,3,0.6,True,0.417021276596,228,5,0.92284750577
2021-02-17,Industrials,9,2,0.4,True,0.305660377358,324,5,0.755494782296
2021-02-17,Materials,4,3,0.6,True,0.533333333333,71,5,0.917379435851
2021-02-17,RealEstate,2,2,0.4,True,0.4,65,5,0.835806132542
2021-02-17,Tech,9,3,0.6,True,0.462857142857,269,4,0.630679391642
2021-02-17,Utilities,7,5,1,True,0.890909090909,92,5,0.644140030441
2021-02-18,Comm,6,3,0.6,True,0.4,283,5,0.777449885939
2021-02-18,Consumer,31,5,1,True,0.402935010482,473,5,0.769185017104
2021-02-18,Energy,7,3,0.6,True,0.515789473684,263,5,0.687325483182
2021-02-18,Financials,11,4,0.8,True,0.733333333333,297,5,0.86128985012
2021-02-18,Healthcare,9,5,1,True,0.852631578947,225,5,0.921208261305
2021-02-18,Industrials,14,5,1,True,0.632258064516,313,5,0.781781909588
2021-02-18,Materials,10,2,0.4,True,0.384615384615,79,5,0.971361867704
2021-02-18,RealEstate,0,0,0,False,,63,5,0.83645943098
2021-02-18,Tech,9,4,0.8,True,0.704347826087,257,4,0.648524718936
2021-02-18,Utilities,6,4,0.8,True,0.6,94,5,0.680739599384
2021-02-19,Comm,6,4,0.8,True,0.72,283,5,0.7831516159
2021-02-19,Consumer,10,3,0.6,True,0.434782608696,466,5,0.77713917618
2021-02-19,Energy,9,4,0.8,True,0.648,268,5,0.694354215004
2021-02-19,Financials,7,4,0.8,True,0.753846153846,269,5,0.843319153895
2021-02-19,Healthcare,4,2,0.4,True,0.32,225,5,0.929325378614
2021-02-19,Industrials,13,4,0.8,True,0.71914893617,314,5,0.796735353535
2021-02-19,Materials,4,3,0.6,True,0.533333333333,82,5,0.964705882353
2021-02-19,RealEstate,6,4,0.8,True,0.72,64,5,0.827474747475
2021-02-19,Tech,9,4,0.8,True,0.6,252,4,0.659644749143
2021-02-19,Utilities,2,2,0.4,True,0.4,93,5,0.682366863905
2021-02-22,Comm,8,4,0.8,True,0.457142857143,281,5,0.781211971308
2021-02-22,Consumer,20,4,0.8,True,0.459770114943,469,5,0.775425237516
2021-02-22,Energy,18,4,0.8,True,0.589090909091,278,5,0.693316587423
2021-02-22,Financials,12,4,0.8,True,0.496551724138,267,5,0.81880204445
2021-02-22,Healthcare,10,5,1,True,0.625,231,5,0.936240021054
2021-02-22,Industrials,22,5,1,True,0.569411764706,332,5,0.787764436821
2021-02-22,Materials,8,4,0.8,True,0.64,86,5,0.956791720569
2021-02-22,RealEstate,3,3,0.6,True,0.6,67,5,0.838281979458
2021-02-22,Tech,9,4,0.8,True,0.522580645161,242,4,0.672608246239
2021-02-22,Utilities,5,3,0.6,True,0.454545454545,97,5,0.683545223393
2021-02-23,Comm,7,3,0.6,True,0.515789473684,276,5,0.800504413619
2021-02-23,Consumer,14,4,0.8,True,0.593939393939,464,5,0.783920769007
2021-02-23,Energy,12,4,0.8,True,0.533333333333,272,5,0.671056689342
2021-02-23,Financials,16,4,0.8,True,0.522448979592,273,5,0.825120398561
2021-02-23,Healthcare,9,4,0.8,True,0.704347826087,238,5,0.945169364258
2021-02-23,Industrials,9,3,0.6,True,0.558620689655,338,5,0.79308573412
2021-02-23,Materials,5,4,0.8,True,0.714285714286,90,5,0.966587112172
2021-02-23,RealEstate,3,3,0.6,True,0.6,70,5,0.849220103986
2021-02-23,Tech,13,4,0.8,True,0.751111111111,236,4,0.693512638526
2021-02-23,Utilities,5,3,0.6,True,0.454545454545,99,5,0.667870528109
2021-02-24,Comm,13,4,0.8,True,0.536507936508,263,5,0.811414159188
2021-02-24,Consumer,11,4,0.8,True,0.361194029851,450,5,0.77198734322
2021-02-24,Energy,17,5,1,True,0.73164556962,284,5,0.676928241712
2021-02-24,Financials,14,4,0.8,True,0.725925925926,270,5,0.822427797834
2021-02-24,Healthcare,5,3,0.6,True,0.555555555556,218,5,0.970075525617
2021-02-24,Industrials,21,5,1,True,0.504,333,5,0.766787677627
2021-02-24,Materials,3,2,0.4,True,0.36,90,5,0.963139120095
2021-02-24,RealEstate,6,4,0.8,True,0.6,69,5,0.833070866142
2021-02-24,Tech,7,3,0.6,True,0.576470588235,219,4,0.710691264725
2021-02-24,Utilities,4,3,0.6,True,0.533333333333,94,5,0.69465408805
2021-02-25,Comm,16,4,0.8,True,0.512,269,5,0.812269181119
2021-02-25,Consumer,25,5,1,True,0.827814569536,449,5,0.767813684231
2021-02-25,Energy,6,4,0.8,True,0.72,282,5,0.670466233876
2021-02-25,Financials,16,4,0.8,True,0.775757575758,270,5,0.83048530417
2021-02-25,Healthcare,9,2,0.4,True,0.249230769231,211,5,0.961680527055
2021-02-25,Industrials,14,4,0.8,True,0.435555555556,309,5,0.720203658307
2021-02-25,Materials,4,3,0.6,True,0.533333333333,91,5,0.984076054664
2021-02-25,RealEstate,7,3,0.6,True,0.362962962963,71,5,0.813720742534
2021-02-25,Tech,6,4,0.8,True,0.72,203,4,0.72328214129
2021-02-25,Utilities,5,3,0.6,True,0.454545454545,91,5,0.79206121473
2021-02-26,Comm,9,3,0.6,True,0.490909090909,267,5,0.844306271096
2021-02-26,Consumer,18,5,1,True,0.648,445,5,0.759021828705
2021-02-26,Energy,8,3,0.6,True,0.492307692308,281,5,0.674505616538
2021-02-26,Financials,8,4,0.8,True,0.711111111111,269,5,0.830351712663
2021-02-26,Healthcare,6,3,0.6,True,0.4,205,5,0.943004600022
2021-02-26,Industrials,12,3,0.6,True,0.389189189189,289,5,0.754242109541
2021-02-26,Materials,4,3,0.6,True,0.533333333333,92,5,0.993427230047
2021-02-26,RealEstate,2,2,0.4,True,0.4,69,5,0.818744625967
2021-02-26,Tech,8,3,0.6,True,0.492307692308,203,4,0.720752076957
2021-02-26,Utilities,3,3,0.6,True,0.6,90,5,0.802775024777
2021-03-01,Comm,13,4,0.8,True,0.59298245614,256,5,0.834003563248
2021-03-01,Consumer,17,4,0.8,True,0.550476190476,439,5,0.756228295631
2021-03-01,Energy,28,5,1,True,0.607751937984,296,5,0.671129835312
2021-03-01,Financials,17,5,1,True,0.696385542169,270,5,0.829351535836
2021-03-01,Healthcare,7,4,0.8,True,0.753846153846,204,5,0.928514056225
2021-03-01,Industrials,25,5,1,True,0.435540069686,294,5,0.719460629266
2021-03-01,Materials,5,4,0.8,True,0.714285714286,83,5,0.956141568355
2021-03-01,RealEstate,5,4,0.8,True,0.714285714286,70,5,0.849220103986
2021-03-01,Tech,9,4,0.8,True,0.704347826087,198,4,0.734983127109
2021-03-01,Utilities,3,3,0.6,True,0.6,88,5,0.840825190011
2021-03-02,Comm,7,3,0.6,True,0.576470588235,246,5,0.816790390066
2021-03-02,Consumer,10,4,0.8,True,0.588235294118,432,5,0.762197263631
2021-03-02,Energy,8,2,0.4,True,0.376470588235,285,5,0.667063606127
2021-03-02,Financials,12,4,0.8,True,0.576,266,5,0.828330601733
2021-03-02,Healthcare,8,3,0.6,True,0.581818181818,206,5,0.917336792045
2021-03-02,Industrials,9,3,0.6,True,0.490909090909,284,5,0.697052977271
2021-03-02,Materials,4,2,0.4,True,0.32,85,5,0.95632031767
2021-03-02,RealEstate,1,1,0.2,True,0.2,68,5,0.856296296296
2021-03-02,Tech,7,4,0.8,True,0.653333333333,198,4,0.730055865922
2021-03-02,Utilities,6,4,0.8,True,0.72,91,5,0.873062730627
2021-03-03,Comm,9,4,0.8,True,0.522580645161,244,5,0.817353102691
2021-03-03,Consumer,25,5,1,True,0.592417061611,437,5,0.750207224372
2021-03-03,Energy,15,2,0.4,True,0.328467153285,270,5,0.647827246068
2021-03-03,Financials,19,5,1,True,0.700970873786,267,5,0.822486299394
2021-03-03,Healthcare,6,3,0.6,True,0.4,201,5,0.891952754167
2021-03-03,Industrials,16,4,0.8,True,0.624390243902,281,5,0.701345649953
2021-03-03,Materials,0,0,0,False,,75,5,0.960717335611
2021-03-03,RealEstate,5,3,0.6,True,0.454545454545,70,5,0.83904109589
2021-03-03,Tech,2,2,0.4,True,0.4,185,4,0.734363265744
2021-03-03,Utilities,1,1,0.2,True,0.2,90,5,0.891089108911
2021-03-04,Comm,5,4,0.8,True,0.714285714286,231,5,0.803327060595
2021-03-04,Consumer,22,4,0.8,True,0.509473684211,445,5,0.735755819354
2021-03-04,Energy,12,5,1,True,0.757894736842,259,5,0.682445699171
2021-03-04,Financials,13,4,0.8,True,0.614545454545,264,5,0.817836188688
2021-03-04,Healthcare,12,4,0.8,True,0.411428571429,197,5,0.894319622076
2021-03-04,Industrials,9,4,0.8,True,0.6,270,5,0.662305805397
2021-03-04,Materials,1,1,0.2,True,0.2,75,5,0.960717335611
2021-03-04,RealEstate,1,1,0.2,True,0.2,65,5,0.852674066599
2021-03-04,Tech,6,3,0.6,True,0.4,185,4,0.73420572777
2021-03-04,Utilities,1,1,0.2,True,0.2,90,5,0.897009966777
2021-03-05,Comm,12,5,1,True,0.72,233,5,0.795851352342
2021-03-05,Consumer,17,3,0.6,True,0.448062015504,443,5,0.731903705223
2021-03-05,Energy,17,5,1,True,0.635164835165,265,5,0.690070259913
2021-03-05,Financials,12,4,0.8,True,0.654545454545,263,5,0.819780740741
2021-03-05,Healthcare,6,4,0.8,True,0.72,179,5,0.884743890653
2021-03-05,Industrials,10,4,0.8,True,0.384615384615,271,5,0.645096403004
2021-03-05,Materials,2,2,0.4,True,0.4,74,5,0.942512908778
2021-03-05,RealEstate,3,3,0.6,True,0.6,64,5,0.827474747475
2021-03-05,Tech,12,3,0.6,True,0.514285714286,183,4,0.733844636792
2021-03-05,Utilities,3,1,0.2,True,0.2,87,5,0.912477396022
2021-03-08,Comm,10,5,1,True,0.625,234,5,0.793450224605
2021-03-08,Consumer,23,4,0.8,True,0.466079295154,450,5,0.715219157278
2021-03-08,Energy,14,4,0.8,True,0.593939393939,271,5,0.686460718792
2021-03-08,Financials,10,4,0.8,True,0.666666666667,262,5,0.839681957187
2021-03-08,Healthcare,9,4,0.8,True,0.522580645161,169,5,0.904258350483
2021-03-08,Industrials,23,5,1,True,0.559788359788,289,5,0.662786176249
2021-03-08,Materials,7,3,0.6,True,0.515789473684,81,5,0.923434201267
2021-03-08,RealEstate,3,3,0.6,True,0.6,65,5,0.83746283449
2021-03-08,Tech,9,4,0.8,True,0.522580645161,171,4,0.751213872832
2021-03-08,Utilities,3,2,0.4,True,0.36,87,5,0.922486288848
2021-03-09,Comm,5,4,0.8,True,0.714285714286,227,5,0.803571150097
2021-03-09,Consumer,23,4,0.8,True,0.657142857143,459,5,0.705527183832
2021-03-09,Energy,11,3,0.6,True,0.410169491525,271,5,0.673554363278
2021-03-09,Financials,11,4,0.8,True,0.620512820513,264,5,0.835583263398
2021-03-09,Healthcare,6,3,0.6,True,0.514285714286,165,5,0.904034534285
2021-03-09,Industrials,15,3,0.6,True,0.445544554455,299,5,0.640936301394
2021-03-09,Materials,1,1,0.2,True,0.2,79,5,0.91846946284
2021-03-09,RealEstate,0,0,0,False,,63,5,0.83645943098
2021-03-09,Tech,8,4,0.8,True,0.581818181818,171,4,0.739810246679
2021-03-09,Utilities,2,2,0.4,True,0.4,86,5,0.90637254902
2021-03-10,Comm,13,4,0.8,True,0.450666666667,219,5,0.766333786051
2021-03-10,Consumer,25,5,1,True,0.634517766497,446,5,0.712705123612
2021-03-10,Energy,10,4,0.8,True,0.714285714286,256,5,0.668734693878
2021-03-10,Financials,6,3,0.6,True,0.514285714286,254,5,0.836024361799
2021-03-10,Healthcare,5,3,0.6,True,0.555555555556,166,5,0.894965898019
2021-03-10,Industrials,27,4,0.8,True,0.462857142857,307,5,0.621101189496
2021-03-10,Materials,2,1,0.2,True,0.2,78,5,0.896023564065
2021-03-10,RealEstate,1,1,0.2,True,0.2,60,5,0.859188544153
2021-03-10,Tech,3,3,0.6,True,0.6,169,4,0.724622605607
2021-03-10,Utilities,2,2,0.4,True,0.4,85,5,0.908233815211
2021-03-11,Comm,9,3,0.6,True,0.490909090909,202,5,0.677694735094
2021-03-11,Consumer,23,5,1,True,0.531658291457,450,5,0.697866767757
2021-03-11,Energy,7,3,0.6,True,0.576470588235,259,5,0.676049382716
2021-03-11,Financials,11,4,0.8,True,0.691428571429,258,5,0.829871587084
2021-03-11,Healthcare,18,5,1,True,0.790243902439,177,5,0.894220065649
2021-03-11,Industrials,21,5,1,True,0.6,316,5,0.618916573695
2021-03-11,Materials,3,2,0.4,True,0.36,73,5,0.885951787199
2021-03-11,RealEstate,2,2,0.4,True,0.4,61,5,0.874500587544
2021-03-11,Tech,14,4,0.8,True,0.515789473684,177,4,0.718143266476
2021-03-11,Utilities,0,0,0,False,,84,5,0.905776636714
2021-03-12,Comm,10,4,0.8,True,0.384615384615,202,5,0.665210303228
2021-03-12,Consumer,18,5,1,True,0.689361702128,445,5,0.686835579141
2021-03-12,Energy,1,1,0.2,True,0.2,257,5,0.673728770337
2021-03-12,Financials,9,5,1,True,0.852631578947,256,5,0.823213164175
2021-03-12,Healthcare,3,1,0.2,True,0.2,166,5,0.854979832454
2021-03-12,Industrials,11,3,0.6,True,0.49387755102,312,5,0.615205713202
2021-03-12,Materials,2,2,0.4,True,0.4,72,5,0.912676056338
2021-03-12,RealEstate,3,3,0.6,True,0.6,64,5,0.888503253796
2021-03-12,Tech,4,3,0.6,True,0.533333333333,177,4,0.721450777202
2021-03-12,Utilities,2,2,0.4,True,0.4,82,5,0.927448275862
2021-03-15,Comm,14,4,0.8,True,0.502564102564,205,5,0.643124952177
2021-03-15,Consumer,35,5,1,True,0.714285714286,450,5,0.700522364825
2021-03-15,Energy,13,4,0.8,True,0.614545454545,261,5,0.671572928476
2021-03-15,Financials,12,4,0.8,True,0.757894736842,262,5,0.815443098123
2021-03-15,Healthcare,19,5,1,True,0.714851485149,177,5,0.848679398618
2021-03-15,Industrials,14,4,0.8,True,0.593939393939,317,5,0.611451519669
2021-03-15,Materials,3,2,0.4,True,0.36,75,5,0.918367346939
2021-03-15,RealEstate,6,4,0.8,True,0.6,65,5,0.850956696878
2021-03-15,Tech,10,3,0.6,True,0.526315789474,169,4,0.739060680554
2021-03-15,Utilities,5,3,0.6,True,0.555555555556,81,5,0.931298793471
2021-03-16,Comm,10,3,0.6,True,0.526315789474,213,5,0.644125789735
2021-03-16,Consumer,22,5,1,True,0.793442622951,446,5,0.719380854219
2021-03-16,Energy,5,2,0.4,True,0.384615384615,252,5,0.652997429306
2021-03-16,Financials,12,5,1,True,0.757894736842,269,5,0.821024564588
2021-03-16,Healthcare,6,4,0.8,True,0.72,176,5,0.860205498473
2021-03-16,Industrials,8,3,0.6,True,0.492307692308,314,5,0.598349314237
2021-03-16,Materials,1,1,0.2,True,0.2,76,5,0.930112721417
2021-03-16,RealEstate,6,4,0.8,True,0.6,67,5,0.864100096246
2021-03-16,Tech,12,4,0.8,True,0.553846153846,173,4,0.732566393342
2021-03-16,Utilities,5,3,0.6,True,0.454545454545,79,5,0.903837798697
2021-03-17,Comm,8,5,1,True,0.8,195,5,0.63998990154
2021-03-17,Consumer,17,5,1,True,0.649438202247,424,5,0.699980531869
2021-03-17,Energy,6,2,0.4,True,0.4,240,5,0.63921873266
2021-03-17,Financials,10,5,1,True,0.769230769231,255,5,0.837249726389
2021-03-17,Healthcare,9,3,0.6,True,0.490909090909,180,5,0.834406386814
2021-03-17,Industrials,7,4,0.8,True,0.515789473684,309,5,0.606825765039
2021-03-17,Materials,2,1,0.2,True,0.2,75,5,0.938281901585
2021-03-17,RealEstate,7,4,0.8,True,0.753846153846,72,5,0.872727272727
2021-03-17,Tech,7,3,0.6,True,0.515789473684,173,4,0.725991510006
2021-03-17,Utilities,0,0,0,False,,70,5,0.933333333333
2021-03-18,Comm,9,4,0.8,True,0.704347826087,199,5,0.653535770278
2021-03-18,Consumer,20,5,1,True,0.78431372549,426,5,0.694405754955
2021-03-18,Energy,9,4,0.8,True,0.771428571429,233,5,0.675446345257
2021-03-18,Financials,13,3,0.6,True,0.417283950617,251,5,0.81317844466
2021-03-18,Healthcare,7,4,0.8,True,0.653333333333,173,5,0.883252176479
2021-03-18,Industrials,14,5,1,True,0.52972972973,314,5,0.611751566669
2021-03-18,Materials,0,0,0,False,,71,5,0.937860465116
2021-03-18,RealEstate,4,4,0.8,True,0.8,74,5,0.865086887836
2021-03-18,Tech,5,3,0.6,True,0.454545454545,169,4,0.722240485523
2021-03-18,Utilities,2,2,0.4,True,0.4,65,5,0.92349726776
2021-03-19,Comm,10,5,1,True,0.5,203,5,0.653851646172
2021-03-19,Consumer,25,5,1,True,0.550660792952,420,5,0.726434130873
2021-03-19,Energy,6,3,0.6,True,0.514285714286,232,5,0.679681778002
2021-03-19,Financials,18,4,0.8,True,0.635294117647,258,5,0.81834275879
2021-03-19,Healthcare,6,3,0.6,True,0.6,170,5,0.880024360536
2021-03-19,Industrials,3,2,0.4,True,0.36,303,5,0.61208040268
2021-03-19,Materials,2,2,0.4,True,0.4,63,5,0.948387096774
2021-03-19,RealEstate,0,0,0,False,,74,5,0.865086887836
2021-03-19,Tech,2,2,0.4,True,0.4,162,4,0.719802523313
2021-03-19,Utilities,0,0,0,False,,59,5,0.889144316731
2021-03-22,Comm,6,3,0.6,True,0.4,203,5,0.631313672922
2021-03-22,Consumer,17,5,1,True,0.770666666667,427,5,0.732318505874
2021-03-22,Energy,13,4,0.8,True,0.59298245614,236,5,0.682131047152
2021-03-22,Financials,12,5,1,True,0.757894736842,263,5,0.809420162659
2021-03-22,Healthcare,9,3,0.6,True,0.490909090909,175,5,0.86085734364
2021-03-22,Industrials,8,4,0.8,True,0.581818181818,298,5,0.59404642451
2021-03-22,Materials,3,2,0.4,True,0.36,62,5,0.973164556962
2021-03-22,RealEstate,0,0,0,False,,68,5,0.869172932331
2021-03-22,Tech,13,4,0.8,True,0.662745098039,166,4,0.721928215876
2021-03-22,Utilities,0,0,0,False,,57,5,0.865246338216
2021-03-23,Comm,6,2,0.4,True,0.276923076923,201,5,0.621506037997
2021-03-23,Consumer,10,3,0.6,True,0.47619047619,417,5,0.727523377194
2021-03-23,Energy,27,5,1,True,0.814525139665,245,5,0.694050991501
2021-03-23,Financials,14,4,0.8,True,0.632258064516,265,5,0.814627921814
2021-03-23,Healthcare,4,3,0.6,True,0.533333333333,169,5,0.842631656587
2021-03-23,Industrials,6,4,0.8,True,0.72,282,5,0.598599924727
2021-03-23,Materials,3,2,0.4,True,0.36,57,5,0.980090497738
2021-03-23,RealEstate,2,2,0.4,True,0.4,67,5,0.855862726406
2021-03-23,Tech,13,4,0.8,True,0.59298245614,170,4,0.710073710074
2021-03-23,Utilities,3,2,0.4,True,0.36,55,5,0.888399412628
2021-03-24,Comm,7,4,0.8,True,0.653333333333,201,5,0.619504715173
2021-03-24,Consumer,24,4,0.8,True,0.59381443299,427,5,0.717929635973
2021-03-24,Energy,11,4,0.8,True,0.620512820513,244,5,0.678163799977
2021-03-24,Financials,11,3,0.6,True,0.49387755102,260,5,0.796887893434
2021-03-24,Healthcare,6,4,0.8,True,0.6,166,5,0.810709032068
2021-03-24,Industrials,8,4,0.8,True,0.64,281,5,0.597668697725
2021-03-24,Materials,2,2,0.4,True,0.4,54,5,0.981818181818
2021-03-24,RealEstate,0,0,0,False,,64,5,0.84979253112
2021-03-24,Tech,24,4,0.8,True,0.371612903226,181,4,0.664455937532
2021-03-24,Utilities,0,0,0,False,,50,5,0.909090909091
2021-03-25,Comm,9,4,0.8,True,0.522580645161,197,5,0.63439313445
2021-03-25,Consumer,32,5,1,True,0.628220858896,448,5,0.738642720448
2021-03-25,Energy,9,4,0.8,True,0.6,236,5,0.668780019212
2021-03-25,Financials,19,4,0.8,True,0.700970873786,265,5,0.802158889714
2021-03-25,Healthcare,4,4,0.8,True,0.8,165,5,0.820648078372
2021-03-25,Industrials,5,3,0.6,True,0.454545454545,265,5,0.605622870941
2021-03-25,Materials,4,2,0.4,True,0.4,55,5,0.977382875606
2021-03-25,RealEstate,3,2,0.4,True,0.36,61,5,0.846643913538
2021-03-25,Tech,13,4,0.8,True,0.71914893617,187,4,0.667793373436
2021-03-25,Utilities,4,2,0.4,True,0.32,50,5,0.886524822695
2021-03-26,Comm,6,2,0.4,True,0.36,187,5,0.634358276644
2021-03-26,Consumer,26,4,0.8,True,0.682828282828,449,5,0.736428558382
2021-03-26,Energy,12,3,0.6,True,0.576,242,5,0.673924050633
2021-03-26,Financials,14,5,1,True,0.816666666667,263,5,0.79922583627
2021-03-26,Healthcare,8,3,0.6,True,0.492307692308,164,5,0.889712206417
2021-03-26,Industrials,11,2,0.4,True,0.372307692308,262,5,0.598674341531
2021-03-26,Materials,5,3,0.6,True,0.454545454545,56,5,0.970897832817
2021-03-26,RealEstate,0,0,0,False,,54,5,0.878313253012
2021-03-26,Tech,12,4,0.8,True,0.685714285714,193,4,0.669283981673
2021-03-26,Utilities,1,1,0.2,True,0.2,46,5,0.874380165289
2021-03-29,Comm,17,4,0.8,True,0.550476190476,195,5,0.62484594528
2021-03-29,Consumer,31,5,1,True,0.846696035242,462,5,0.746125074283
2021-03-29,Energy,8,4,0.8,True,0.457142857143,242,5,0.677588800185
2021-03-29,Financials,30,5,1,True,0.75,285,5,0.80020688636
2021-03-29,Healthcare,12,5,1,True,0.96,170,5,0.921262352566
2021-03-29,Industrials,22,5,1,True,0.543820224719,272,5,0.606177795985
2021-03-29,Materials,0,0,0,False,,52,5,0.983272727273
2021-03-29,RealEstate,5,4,0.8,True,0.714285714286,57,5,0.906276150628
2021-03-29,Tech,12,4,0.8,True,0.72,197,4,0.679607740128
2021-03-29,Utilities,5,2,0.4,True,0.294117647059,48,5,0.811267605634
2021-03-30,Comm,7,4,0.8,True,0.653333333333,189,5,0.640333422963
2021-03-30,Consumer,15,5,1,True,0.762711864407,460,5,0.75428652907
2021-03-30,Energy,7,4,0.8,True,0.653333333333,221,5,0.693025895708
2021-03-30,Financials,30,5,1,True,0.697674418605,298,5,0.813819648094
2021-03-30,Healthcare,7,4,0.8,True,0.515789473684,170,5,0.90794847628
2021-03-30,Industrials,10,4,0.8,True,0.47619047619,257,5,0.620324019723
2021-03-30,Materials,0,0,0,False,,47,5,0.979600886918
2021-03-30,RealEstate,3,3,0.6,True,0.6,55,5,0.873015873016
2021-03-30,Tech,5,3,0.6,True,0.454545454545,193,4,0.670126832779
2021-03-30,Utilities,1,1,0.2,True,0.2,46,5,0.792509363296
2021-03-31,Comm,5,3,0.6,True,0.454545454545,187,5,0.629901828335
2021-03-31,Consumer,13,5,1,True,0.866666666667,463,5,0.759756162393
2021-03-31,Energy,12,4,0.8,True,0.533333333333,225,5,0.71267684944
2021-03-31,Financials,14,5,1,True,0.576470588235,300,5,0.812567713976
2021-03-31,Healthcare,9,5,1,True,0.952941176471,171,5,0.917364705882
2021-03-31,Industrials,11,3,0.6,True,0.456603773585,259,5,0.614041832578
2021-03-31,Materials,2,2,0.4,True,0.4,45,5,0.966587112172
2021-03-31,RealEstate,1,1,0.2,True,0.2,55,5,0.870503597122
2021-03-31,Tech,9,3,0.6,True,0.462857142857,195,4,0.6612468481
2021-03-31,Utilities,2,2,0.4,True,0.4,42,5,0.694488188976
2021-04-01,Comm,9,4,0.8,True,0.522580645161,187,5,0.629901828335
2021-04-01,Consumer,15,5,1,True,0.737704918033,453,5,0.769105934824
2021-04-01,Energy,9,5,1,True,0.952941176471,219,5,0.756065263656
2021-04-01,Financials,12,5,1,True,0.72,293,5,0.811005620897
2021-04-01,Healthcare,7,5,1,True,0.890909090909,172,5,0.94096692112
2021-04-01,Industrials,8,4,0.8,True,0.711111111111,251,5,0.608970083611
2021-04-01,Materials,5,3,0.6,True,0.555555555556,50,5,0.965250965251
2021-04-01,RealEstate,1,1,0.2,True,0.2,51,5,0.87135678392
2021-04-01,Tech,9,4,0.8,True,0.522580645161,202,4,0.67400066072
2021-04-01,Utilities,5,3,0.6,True,0.454545454545,46,5,0.66125
2021-04-05,Comm,21,5,1,True,0.6,203,5,0.617687176797
2021-04-05,Consumer,27,5,1,True,0.697607655502,458,5,0.779241427988
2021-04-05,Energy,12,4,0.8,True,0.654545454545,219,5,0.762556642022
2021-04-05,Financials,23,4,0.8,True,0.578142076503,303,5,0.801160609102
2021-04-05,Healthcare,13,4,0.8,True,0.662745098039,173,5,0.888760207869
2021-04-05,Industrials,14,4,0.8,True,0.675862068966,256,5,0.618205829639
2021-04-05,Materials,3,2,0.4,True,0.36,52,5,0.972661870504
2021-04-05,RealEstate,3,1,0.2,True,0.2,53,5,0.847360482655
2021-04-05,Tech,19,3,0.6,True,0.382010582011,215,4,0.639836666897
2021-04-05,Utilities,6,3,0.6,True,0.514285714286,51,5,0.641430332922
2021-04-06,Comm,9,3,0.6,True,0.317647058824,200,5,0.596302921884
2021-04-06,Consumer,23,4,0.8,True,0.700662251656,464,5,0.791558513181
2021-04-06,Energy,13,4,0.8,True,0.689795918367,215,5,0.776564468711
2021-04-06,Financials,21,4,0.8,True,0.608275862069,312,5,0.794255874674
2021-04-06,Healthcare,6,3,0.6,True,0.6,173,5,0.904336002417
2021-04-06,Industrials,13,5,1,True,0.71914893617,259,5,0.628364011053
2021-04-06,Materials,1,1,0.2,True,0.2,51,5,0.972336448598
2021-04-06,RealEstate,1,1,0.2,True,0.2,51,5,0.857001647446
2021-04-06,Tech,9,3,0.6,True,0.462857142857,212,4,0.638499786902
2021-04-06,Utilities,3,2,0.4,True,0.36,51,5,0.593158494869
2021-04-07,Comm,7,2,0.4,True,0.337931034483,197,5,0.580147993124
2021-04-07,Consumer,12,5,1,True,0.72,453,5,0.806338042005
2021-04-07,Energy,5,3,0.6,True,0.555555555556,206,5,0.782230414747
2021-04-07,Financials,9,4,0.8,True,0.6,311,5,0.781678587304
2021-04-07,Healthcare,4,3,0.6,True,0.533333333333,168,5,0.917257068573
2021-04-07,Industrials,9,4,0.8,True,0.704347826087,245,5,0.633542667159
2021-04-07,Materials,2,2,0.4,True,0.4,46,5,0.928070175439
2021-04-07,RealEstate,1,1,0.2,True,0.2,49,5,0.838045375218
2021-04-07,Tech,4,3,0.6,True,0.533333333333,207,4,0.625213394616
2021-04-07,Utilities,2,2,0.4,True,0.4,50,5,0.637755102041
2021-04-08,Comm,11,5,1,True,0.562790697674,203,5,0.56446818711
2021-04-08,Consumer,22,5,1,True,0.896296296296,452,5,0.817706623974
2021-04-08,Energy,6,5,1,True,0.9,201,5,0.802642296613
2021-04-08,Financials,15,4,0.8,True,0.692307692308,315,5,0.790165239896
2021-04-08,Healthcare,10,4,0.8,True,0.588235294118,172,5,0.895670602483
2021-04-08,Industrials,6,4,0.8,True,0.6,236,5,0.647627906977
2021-04-08,Materials,5,4,0.8,True,0.714285714286,50,5,0.936329588015
2021-04-08,RealEstate,1,1,0.2,True,0.2,50,5,0.836120401338
2021-04-08,Tech,12,4,0.8,True,0.685714285714,211,4,0.646496769041
2021-04-08,Utilities,3,3,0.6,True,0.6,51,5,0.65269761606
2021-04-09,Comm,12,4,0.8,True,0.626086956522,202,5,0.583831735584
2021-04-09,Consumer,14,4,0.8,True,0.593939393939,441,5,0.810557025861
2021-04-09,Energy,5,4,0.8,True,0.714285714286,196,5,0.787051833641
2021-04-09,Financials,21,4,0.8,True,0.7056,330,5,0.791712104689
2021-04-09,Healthcare,4,3,0.6,True,0.533333333333,171,5,0.902639296188
2021-04-09,Industrials,16,5,1,True,0.731428571429,225,5,0.675495363266
2021-04-09,Materials,0,0,0,False,,48,5,0.925301204819
2021-04-09,RealEstate,1,1,0.2,True,0.2,50,5,0.827814569536
2021-04-09,Tech,9,3,0.6,True,0.558620689655,217,4,0.646072580092
2021-04-09,Utilities,1,1,0.2,True,0.2,50,5,0.668449197861
2021-04-12,Comm,8,3,0.6,True,0.426666666667,201,5,0.58185353208
2021-04-12,Consumer,22,5,1,True,0.806666666667,440,5,0.822674542132
2021-04-12,Energy,3,2,0.4,True,0.36,192,5,0.782675159236
2021-04-12,Financials,40,5,1,True,0.581818181818,359,5,0.786843310235
2021-04-12,Healthcare,12,5,1,True,0.8,165,5,0.904034534285
2021-04-12,Industrials,6,3,0.6,True,0.6,210,5,0.67143727162
2021-04-12,Materials,4,3,0.6,True,0.533333333333,49,5,0.925240847784
2021-04-12,RealEstate,2,2,0.4,True,0.4,50,5,0.806451612903
2021-04-12,Tech,16,4,0.8,True,0.341333333333,219,4,0.623639555295
2021-04-12,Utilities,3,3,0.6,True,0.6,53,5,0.679322853688
2021-04-13,Comm,7,3,0.6,True,0.362962962963,198,5,0.584088200238
2021-04-13,Consumer,16,5,1,True,0.609523809524,438,5,0.821848091505
2021-04-13,Energy,8,3,0.6,True,0.336842105263,199,5,0.77052242436
2021-04-13,Financials,31,5,1,True,0.587767584098,381,5,0.777613499397
2021-04-13,Healthcare,12,4,0.8,True,0.685714285714,174,5,0.902952579779
2021-04-13,Industrials,7,3,0.6,True,0.466666666667,206,5,0.673266698398
2021-04-13,Materials,0,0,0,False,,47,5,0.896146044625
2021-04-13,RealEstate,1,1,0.2,True,0.2,48,5,0.814134275618
2021-04-13,Tech,8,3,0.6,True,0.581818181818,223,4,0.623443866357
2021-04-13,Utilities,6,3,0.6,True,0.514285714286,57,5,0.65045045045
2021-04-14,Comm,14,5,1,True,0.675862068966,198,5,0.593011647255
2021-04-14,Consumer,21,5,1,True,0.741176470588,424,5,0.827812312935
2021-04-14,Energy,10,4,0.8,True,0.666666666667,196,5,0.780971742224
2021-04-14,Financials,60,5,1,True,0.489130434783,429,5,0.737861080485
2021-04-14,Healthcare,12,5,1,True,0.9,167,5,0.909770021204
2021-04-14,Industrials,13,4,0.8,True,0.59298245614,205,5,0.668283374414
2021-04-14,Materials,4,4,0.8,True,0.8,48,5,0.869433962264
2021-04-14,RealEstate,2,2,0.4,True,0.4,44,5,0.810041841004
2021-04-14,Tech,8,4,0.8,True,0.711111111111,221,4,0.634175160683
2021-04-14,Utilities,5,4,0.8,True,0.714285714286,57,5,0.678996865204
2021-04-15,Comm,7,2,0.4,True,0.264864864865,195,5,0.57810718358
2021-04-15,Consumer,17,4,0.8,True,0.664367816092,419,5,0.818523439868
2021-04-15,Energy,6,5,1,True,0.9,197,5,0.799938163455
2021-04-15,Financials,29,4,0.8,True,0.527272727273,446,5,0.721913333817
2021-04-15,Healthcare,9,5,1,True,0.704347826087,170,5,0.898352502331
2021-04-15,Industrials,6,3,0.6,True,0.514285714286,203,5,0.678058412176
2021-04-15,Materials,0,0,0,False,,47,5,0.878330019881
2021-04-15,RealEstate,5,4,0.8,True,0.714285714286,43,5,0.778526315789
2021-04-15,Tech,10,4,0.8,True,0.588235294118,219,4,0.633608560671
2021-04-15,Utilities,2,1,0.2,True,0.2,54,5,0.72
2021-04-16,Comm,4,2,0.4,True,0.4,191,5,0.568638453745
2021-04-16,Consumer,20,4,0.8,True,0.701754385965,422,5,0.818664092309
2021-04-16,Energy,10,4,0.8,True,0.714285714286,201,5,0.810532651219
2021-04-16,Financials,36,5,1,True,0.62009569378,472,5,0.724100497286
2021-04-16,Healthcare,2,2,0.4,True,0.4,163,5,0.917596270074
2021-04-16,Industrials,8,3,0.6,True,0.336842105263,204,5,0.651369541399
2021-04-16,Materials,2,2,0.4,True,0.4,47,5,0.885370741483
2021-04-16,RealEstate,1,1,0.2,True,0.2,37,5,0.780056980057
2021-04-16,Tech,8,3,0.6,True,0.426666666667,220,4,0.62580811999
2021-04-16,Utilities,0,0,0,False,,54,5,0.72
2021-04-19,Comm,8,4,0.8,True,0.581818181818,190,5,0.55873703761
2021-04-19,Consumer,40,5,1,True,0.730593607306,442,5,0.849187168565
2021-04-19,Energy,11,3,0.6,True,0.456603773585,203,5,0.819834875162
2021-04-19,Financials,22,5,1,True,0.722388059701,481,5,0.733326994089
2021-04-19,Healthcare,15,5,1,True,0.671641791045,171,5,0.925787557385
2021-04-19,Industrials,13,4,0.8,True,0.689795918367,203,5,0.670446595624
2021-04-19,Materials,3,3,0.6,True,0.6,50,5,0.886524822695
2021-04-19,RealEstate,5,2,0.4,True,0.294117647059,38,5,0.849411764706
2021-04-19,Tech,25,4,0.8,True,0.523012552301,240,4,0.619288248575
2021-04-19,Utilities,7,2,0.4,True,0.337931034483,59,5,0.641658986175
2021-04-20,Comm,12,4,0.8,True,0.48,192,5,0.555934248228
2021-04-20,Consumer,26,5,1,True,0.824390243902,443,5,0.852978376616
2021-04-20,Energy,6,3,0.6,True,0.514285714286,203,5,0.81272063899
2021-04-20,Financials,16,5,1,True,0.752941176471,479,5,0.72519556869
2021-04-20,Healthcare,13,4,0.8,True,0.388505747126,178,5,0.939899139721
2021-04-20,Industrials,16,4,0.8,True,0.387878787879,216,5,0.646294500623
2021-04-20,Materials,1,1,0.2,True,0.2,49,5,0.884346224678
2021-04-20,RealEstate,0,0,0,False,,38,5,0.849411764706
2021-04-20,Tech,12,3,0.6,True,0.389189189189,250,4,0.608154130583
2021-04-20,Utilities,4,3,0.6,True,0.533333333333,63,5,0.668744734625
2021-04-21,Comm,18,3,0.6,True,0.514285714286,204,5,0.563826039832
2021-04-21,Consumer,11,5,1,True,0.968,437,5,0.860472660914
2021-04-21,Energy,11,4,0.8,True,0.654054054054,201,5,0.809558160505
2021-04-21,Financials,13,4,0.8,True,0.637735849057,480,5,0.723845428841
2021-04-21,Healthcare,8,5,1,True,0.8,177,5,0.95704903009
2021-04-21,Industrials,8,5,1,True,0.8,216,5,0.653536909931
2021-04-21,Materials,5,4,0.8,True,0.714285714286,51,5,0.87135678392
2021-04-21,RealEstate,3,2,0.4,True,0.36,41,5,0.864267352185
2021-04-21,Tech,12,4,0.8,True,0.576,249,4,0.594306254493
2021-04-21,Utilities,8,2,0.4,True,0.256,71,5,0.604074295986
2021-04-22,Comm,26,3,0.6,True,0.273684210526,224,5,0.532597388812
2021-04-22,Consumer,15,4,0.8,True,0.692307692308,442,5,0.86932763761
2021-04-22,Energy,10,3,0.6,True,0.526315789474,184,5,0.804753981459
2021-04-22,Financials,17,4,0.8,True,0.68,483,5,0.729495458028
2021-04-22,Healthcare,9,5,1,True,0.704347826087,182,5,0.962067963985
2021-04-22,Industrials,10,5,1,True,0.625,220,5,0.640889830508
2021-04-22,Materials,11,2,0.4,True,0.372307692308,59,5,0.814269005848
2021-04-22,RealEstate,4,3,0.6,True,0.533333333333,43,5,0.862004662005
2021-04-22,Tech,28,4,0.8,True,0.364651162791,264,4,0.562745256358
2021-04-22,Utilities,7,3,0.6,True,0.466666666667,75,5,0.646180356117
2021-04-23,Comm,10,3,0.6,True,0.47619047619,227,5,0.54056123787
2021-04-23,Consumer,22,5,1,True,0.91320754717,440,5,0.886041189931
2021-04-23,Energy,16,5,1,True,0.595348837209,189,5,0.840197577326
2021-04-23,Financials,10,4,0.8,True,0.714285714286,482,5,0.737279045413
2021-04-23,Healthcare,2,2,0.4,True,0.4,178,5,0.96070345664
2021-04-23,Industrials,10,3,0.6,True,0.37037037037,222,5,0.622351306983
2021-04-23,Materials,3,2,0.4,True,0.36,60,5,0.808988764045
2021-04-23,RealEstate,1,1,0.2,True,0.2,44,5,0.864285714286
2021-04-23,Tech,22,4,0.8,True,0.460952380952,262,4,0.571795085381
2021-04-23,Utilities,3,3,0.6,True,0.6,78,5,0.656310679612
2021-04-26,Comm,9,4,0.8,True,0.415384615385,227,5,0.52131114371
2021-04-26,Consumer,31,5,1,True,0.547578347578,439,5,0.865636580053
2021-04-26,Energy,13,5,1,True,0.786046511628,193,5,0.848013659647
2021-04-26,Financials,21,5,1,True,0.741176470588,484,5,0.737907137907
2021-04-26,Healthcare,15,5,1,True,0.762711864407,189,5,0.96037101761
2021-04-26,Industrials,14,3,0.6,True,0.52972972973,231,5,0.633778727953
2021-04-26,Materials,1,1,0.2,True,0.2,57,5,0.821491782554
2021-04-26,RealEstate,7,4,0.8,True,0.753846153846,48,5,0.879389312977
2021-04-26,Tech,15,3,0.6,True,0.454545454545,264,4,0.557255936675
2021-04-26,Utilities,5,3,0.6,True,0.555555555556,79,5,0.68319649699
2021-04-27,Comm,11,3,0.6,True,0.29156626506,232,5,0.510615691111
2021-04-27,Consumer,22,4,0.8,True,0.428318584071,435,5,0.881941693272
2021-04-27,Energy,5,3,0.6,True,0.454545454545,186,5,0.848565121413
2021-04-27,Financials,16,4,0.8,True,0.624390243902,486,5,0.748830131254
2021-04-27,Healthcare,14,5,1,True,0.675862068966,195,5,0.976376941841
2021-04-27,Industrials,52,4,0.8,True,0.682828282828,272,5,0.748144402872
2021-04-27,Materials,5,2,0.4,True,0.384615384615,57,5,0.879296346414
2021-04-27,RealEstate,0,0,0,False,,48,5,0.879389312977
2021-04-27,Tech,8,4,0.8,True,0.457142857143,260,4,0.544414915036
2021-04-27,Utilities,4,3,0.6,True,0.533333333333,82,5,0.68893442623
2021-04-28,Comm,10,4,0.8,True,0.47619047619,225,5,0.505617977528
2021-04-28,Consumer,18,5,1,True,0.648,422,5,0.876311386675
2021-04-28,Energy,8,3,0.6,True,0.426666666667,186,5,0.845247984364
2021-04-28,Financials,15,4,0.8,True,0.633802816901,471,5,0.738718969048
2021-04-28,Healthcare,32,5,1,True,0.426666666667,215,5,0.996550609033
2021-04-28,Industrials,31,5,1,True,0.465375302663,281,5,0.746782049463
2021-04-28,Materials,1,1,0.2,True,0.2,58,5,0.878328981723
2021-04-28,RealEstate,7,3,0.6,True,0.515789473684,50,5,0.902527075812
2021-04-28,Tech,26,4,0.8,True,0.614545454545,274,4,0.560645209469
2021-04-28,Utilities,4,3,0.6,True,0.533333333333,81,5,0.711219512195
2021-04-29,Comm,12,4,0.8,True,0.626086956522,230,5,0.504434061219
2021-04-29,Consumer,13,4,0.8,True,0.662745098039,420,5,0.876739562624
2021-04-29,Energy,8,3,0.6,True,0.581818181818,187,5,0.8515524169
2021-04-29,Financials,11,3,0.6,True,0.537777777778,452,5,0.729526870202
2021-04-29,Healthcare,35,5,1,True,0.563218390805,243,5,0.985217318762
2021-04-29,Industrials,21,5,1,True,0.461780104712,292,5,0.793522568637
2021-04-29,Materials,4,2,0.4,True,0.32,62,5,0.877625570776
2021-04-29,RealEstate,14,4,0.8,True,0.593939393939,61,5,0.862340672074
2021-04-29,Tech,12,4,0.8,True,0.48,281,4,0.575370714468
2021-04-29,Utilities,2,1,0.2,True,0.2,82,5,0.716080937167
2021-04-30,Comm,10,3,0.6,True,0.434782608696,235,5,0.502616609784
2021-04-30,Consumer,23,4,0.8,True,0.691503267974,430,5,0.875888204642
2021-04-30,Energy,33,5,1,True,0.478681318681,208,5,0.793107241063
2021-04-30,Financials,12,3,0.6,True,0.576,450,5,0.732713391468
2021-04-30,Healthcare,23,5,1,True,0.516097560976,257,5,0.980610199688
2021-04-30,Industrials,10,4,0.8,True,0.588235294118,291,5,0.800274063224
2021-04-30,Materials,1,1,0.2,True,0.2,61,5,0.882799525504
2021-04-30,RealEstate,5,3,0.6,True,0.454545454545,65,5,0.842472582253
2021-04-30,Tech,8,2,0.4,True,0.32,280,4,0.567416950134
2021-04-30,Utilities,10,5,1,True,0.769230769231,90,5,0.748613678373
2021-05-03,Comm,19,5,1,True,0.811235955056,245,5,0.528645030605
2021-05-03,Consumer,19,5,1,True,0.776344086022,434,5,0.866044415835
2021-05-03,Energy,12,4,0.8,True,0.626086956522,211,5,0.775154522504
2021-05-03,Financials,14,5,1,True,0.852173913043,452,5,0.741683002977
2021-05-03,Healthcare,17,5,1,True,0.91746031746,267,5,0.978908341916
2021-05-03,Industrials,15,5,1,True,0.652173913043,298,5,0.795520917316
2021-05-03,Materials,5,3,0.6,True,0.555555555556,61,5,0.910893512852
2021-05-03,RealEstate,4,3,0.6,True,0.533333333333,68,5,0.843795620438
2021-05-03,Tech,17,3,0.6,True,0.530275229358,288,4,0.559072526287
2021-05-03,Utilities,3,2,0.4,True,0.36,88,5,0.759960745829
2021-05-04,Comm,10,4,0.8,True,0.588235294118,234,5,0.540106529888
2021-05-04,Consumer,18,4,0.8,True,0.635294117647,425,5,0.867242827992
2021-05-04,Energy,16,3,0.6,True,0.568888888889,215,5,0.778133153775
2021-05-04,Financials,20,5,1,True,0.754716981132,449,5,0.747930772227
2021-05-04,Healthcare,11,5,1,True,0.834482758621,265,5,0.985406581071
2021-05-04,Industrials,16,4,0.8,True,0.544680851064,300,5,0.782744825187
2021-05-04,Materials,11,4,0.8,True,0.361194029851,69,5,0.988785046729
2021-05-04,RealEstate,0,0,0,False,,65,5,0.879292403746
2021-05-04,Tech,8,3,0.6,True,0.492307692308,277,4,0.567375309646
2021-05-04,Utilities,4,3,0.6,True,0.533333333333,86,5,0.785138004246
2021-05-05,Comm,17,4,0.8,True,0.485714285714,242,5,0.579554675903
2021-05-05,Consumer,18,3,0.6,True,0.558620689655,420,5,0.872446708541
2021-05-05,Energy,12,4,0.8,True,0.685714285714,214,5,0.758337473092
2021-05-05,Financials,10,4,0.8,True,0.588235294118,438,5,0.747230661369
2021-05-05,Healthcare,8,5,1,True,0.8,267,5,0.982280399587
2021-05-05,Industrials,25,5,1,True,0.776397515528,312,5,0.786681752061
2021-05-05,Materials,1,1,0.2,True,0.2,69,5,0.978622816033
2021-05-05,RealEstate,5,4,0.8,True,0.714285714286,69,5,0.882483781279
2021-05-05,Tech,8,3,0.6,True,0.336842105263,276,4,0.563890739507
2021-05-05,Utilities,5,3,0.6,True,0.454545454545,88,5,0.788594704684
2021-05-06,Comm,5,2,0.4,True,0.384615384615,240,5,0.584593524815
2021-05-06,Consumer,20,5,1,True,0.888888888889,428,5,0.879128473389
2021-05-06,Energy,10,4,0.8,True,0.47619047619,219,5,0.752152434721
2021-05-06,Financials,11,4,0.8,True,0.562790697674,440,5,0.73659780086
2021-05-06,Healthcare,5,2,0.4,True,0.294117647059,268,5,0.983216974675
2021-05-06,Industrials,8,4,0.8,True,0.711111111111,311,5,0.784213726842
2021-05-06,Materials,5,4,0.8,True,0.714285714286,72,5,0.993103448276
2021-05-06,RealEstate,2,1,0.2,True,0.2,70,5,0.871886120996
2021-05-06,Tech,6,3,0.6,True,0.6,278,4,0.564075614919
2021-05-06,Utilities,1,1,0.2,True,0.2,87,5,0.782325581395
2021-05-07,Comm,8,4,0.8,True,0.711111111111,237,5,0.592156449317
2021-05-07,Consumer,9,3,0.6,True,0.490909090909,415,5,0.881374580998
2021-05-07,Energy,6,2,0.4,True,0.36,219,5,0.734978162593
2021-05-07,Financials,10,4,0.8,True,0.666666666667,435,5,0.735554216633
2021-05-07,Healthcare,2,2,0.4,True,0.4,260,5,0.986573263281
2021-05-07,Industrials,9,3,0.6,True,0.317647058824,314,5,0.772090837901
2021-05-07,Materials,0,0,0,False,,67,5,0.996448390677
2021-05-07,RealEstate,0,0,0,False,,69,5,0.872777268561
2021-05-07,Tech,8,3,0.6,True,0.492307692308,274,4,0.548080011681
2021-05-07,Utilities,4,3,0.6,True,0.533333333333,88,5,0.788594704684
2021-05-10,Comm,14,5,1,True,0.753846153846,239,5,0.602065876153
2021-05-10,Consumer,16,5,1,True,0.8,417,5,0.886126328127
2021-05-10,Energy,28,5,1,True,0.791919191919,242,5,0.746323435708
2021-05-10,Financials,9,3,0.6,True,0.490909090909,423,5,0.731651366768
2021-05-10,Healthcare,13,5,1,True,0.751111111111,269,5,0.986853051483
2021-05-10,Industrials,7,4,0.8,True,0.653333333333,305,5,0.77614617663
2021-05-10,Materials,5,4,0.8,True,0.714285714286,72,5,0.996923076923
2021-05-10,RealEstate,0,0,0,False,,68,5,0.872452830189
2021-05-10,Tech,7,3,0.6,True,0.515789473684,272,4,0.547745613386
2021-05-10,Utilities,10,4,0.8,True,0.384615384615,97,5,0.807986260198
2021-05-11,Comm,15,5,1,True,0.882352941176,246,5,0.630178069353
2021-05-11,Consumer,17,5,1,True,0.91746031746,412,5,0.889783508937
2021-05-11,Energy,17,4,0.8,True,0.73164556962,256,5,0.756504675055
2021-05-11,Financials,5,3,0.6,True,0.555555555556,388,5,0.73901133965
2021-05-11,Healthcare,3,3,0.6,True,0.6,260,5,0.984991986012
2021-05-11,Industrials,13,3,0.6,True,0.438961038961,312,5,0.759906323185
2021-05-11,Materials,2,1,0.2,True,0.2,70,5,0.993914807302
2021-05-11,RealEstate,1,1,0.2,True,0.2,67,5,0.88803165183
2021-05-11,Tech,13,4,0.8,True,0.71914893617,269,4,0.570872943868
2021-05-11,Utilities,0,0,0,False,,94,5,0.801087941976
2021-05-12,Comm,13,5,1,True,0.689795918367,252,5,0.667269097405
2021-05-12,Consumer,11,4,0.8,True,0.733333333333,407,5,0.902891559698
2021-05-12,Energy,13,4,0.8,True,0.637735849057,261,5,0.771253891877
2021-05-12,Financials,15,4,0.8,True,0.789473684211,372,5,0.746971823383
2021-05-12,Healthcare,5,4,0.8,True,0.714285714286,253,5,0.989090628139
2021-05-12,Industrials,13,5,1,True,0.572881355932,318,5,0.759303198678
2021-05-12,Materials,1,1,0.2,True,0.2,71,5,0.989401373896
2021-05-12,RealEstate,2,2,0.4,True,0.4,68,5,0.894390715667
2021-05-12,Tech,4,3,0.6,True,0.533333333333,265,4,0.566993661943
2021-05-12,Utilities,4,3,0.6,True,0.533333333333,92,5,0.820950533463
2021-05-13,Comm,1,1,0.2,True,0.2,239,5,0.66500960475
2021-05-13,Consumer,16,3,0.6,True,0.406349206349,402,5,0.890331111234
2021-05-13,Energy,6,3,0.6,True,0.514285714286,257,5,0.767075082748
2021-05-13,Financials,9,4,0.8,True,0.704347826087,321,5,0.774831747941
2021-05-13,Healthcare,9,3,0.6,True,0.558620689655,250,5,0.984251968504
2021-05-13,Industrials,13,3,0.6,True,0.321904761905,318,5,0.742412451362
2021-05-13,Materials,2,1,0.2,True,0.2,69,5,0.976615384615
2021-05-13,RealEstate,3,3,0.6,True,0.6,69,5,0.887418452936
2021-05-13,Tech,5,4,0.8,True,0.714285714286,262,4,0.564413747739
2021-05-13,Utilities,2,2,0.4,True,0.4,89,5,0.796480643539
2021-05-14,Comm,2,2,0.4,True,0.4,234,5,0.687285050835
2021-05-14,Consumer,36,4,0.8,True,0.427722772277,421,5,0.851158546834
2021-05-14,Energy,6,3,0.6,True,0.514285714286,257,5,0.751453438762
2021-05-14,Financials,15,4,0.8,True,0.692307692308,307,5,0.775616179073
2021-05-14,Healthcare,6,4,0.8,True,0.6,247,5,0.985844711966
2021-05-14,Industrials,7,2,0.4,True,0.392,319,5,0.738978250608
2021-05-14,Materials,2,2,0.4,True,0.4,71,5,0.970356111646
2021-05-14,RealEstate,0,0,0,False,,64,5,0.873347547974
2021-05-14,Tech,9,3,0.6,True,0.39512195122,261,4,0.554889422881
2021-05-14,Utilities,1,1,0.2,True,0.2,88,5,0.80498960499
2021-05-17,Comm,40,5,1,True,0.417754569191,270,5,0.644391408115
2021-05-17,Consumer,39,4,0.8,True,0.464427480916,440,5,0.829015544041
2021-05-17,Energy,14,4,0.8,True,0.593939393939,261,5,0.739200260431
2021-05-17,Financials,18,5,1,True,0.736363636364,289,5,0.796766038636
2021-05-17,Healthcare,13,5,1,True,0.71914893617,258,5,0.991273268801
2021-05-17,Industrials,11,4,0.8,True,0.44,322,5,0.74139435109
2021-05-17,Materials,6,2,0.4,True,0.276923076923,75,5,0.970664365833
2021-05-17,RealEstate,1,1,0.2,True,0.2,64,5,0.878969957082
2021-05-17,Tech,5,2,0.4,True,0.384615384615,258,4,0.559690574287
2021-05-17,Utilities,3,2,0.4,True,0.36,91,5,0.799710284887
2021-05-18,Comm,32,5,1,True,0.46334841629,294,5,0.627530129229
2021-05-18,Consumer,39,4,0.8,True,0.356623681125,439,5,0.785286147953
2021-05-18,Energy,8,2,0.4,True,0.4,258,5,0.706999468933
2021-05-18,Financials,8,3,0.6,True,0.492307692308,275,5,0.802855777908
2021-05-18,Healthcare,6,3,0.6,True,0.6,249,5,0.985159291332
2021-05-18,Industrials,11,5,1,True,0.691428571429,320,5,0.752387950037
2021-05-18,Materials,5,3,0.6,True,0.454545454545,77,5,0.941858617951
2021-05-18,RealEstate,1,1,0.2,True,0.2,60,5,0.837209302326
2021-05-18,Tech,3,2,0.4,True,0.36,236,4,0.560603925516
2021-05-18,Utilities,2,2,0.4,True,0.4,86,5,0.854041570439
2021-05-19,Comm,21,3,0.6,True,0.438805970149,303,5,0.643844454574
2021-05-19,Consumer,23,5,1,True,0.428340080972,436,5,0.7454160458
2021-05-19,Energy,6,2,0.4,True,0.36,258,5,0.701338109788
2021-05-19,Financials,10,3,0.6,True,0.588235294118,269,5,0.802361811831
2021-05-19,Healthcare,2,2,0.4,True,0.4,238,5,0.967777208269
2021-05-19,Industrials,6,2,0.4,True,0.36,310,5,0.786737617683
2021-05-19,Materials,2,2,0.4,True,0.4,78,5,0.949141965679
2021-05-19,RealEstate,1,1,0.2,True,0.2,61,5,0.824141749723
2021-05-19,Tech,15,3,0.6,True,0.454545454545,239,4,0.568849275507
2021-05-19,Utilities,1,1,0.2,True,0.2,83,5,0.836551305404
2021-05-20,Comm,17,5,1,True,0.814084507042,302,5,0.662771600901
2021-05-20,Consumer,22,5,1,True,0.793442622951,447,5,0.737588364495
2021-05-20,Energy,2,2,0.4,True,0.4,249,5,0.70252110362
2021-05-20,Financials,11,3,0.6,True,0.49387755102,267,5,0.808586173652
2021-05-20,Healthcare,6,2,0.4,True,0.4,236,5,0.962932226833
2021-05-20,Industrials,3,3,0.6,True,0.6,305,5,0.792005448895
2021-05-20,Materials,3,2,0.4,True,0.36,76,5,0.942251223491
2021-05-20,RealEstate,0,0,0,False,,58,5,0.795271867612
2021-05-20,Tech,14,4,0.8,True,0.725925925926,241,4,0.580606787624
2021-05-20,Utilities,7,5,1,True,0.890909090909,82,5,0.89533954727
2021-05-21,Comm,14,5,1,True,0.632258064516,290,5,0.713013988978
2021-05-21,Consumer,15,4,0.8,True,0.6,447,5,0.731914503929
2021-05-21,Energy,10,4,0.8,True,0.588235294118,249,5,0.707814372966
2021-05-21,Financials,11,4,0.8,True,0.733333333333,261,5,0.82907564048
2021-05-21,Healthcare,7,5,1,True,0.890909090909,234,5,0.95227826087
2021-05-21,Industrials,4,2,0.4,True,0.4,299,5,0.804943051366
2021-05-21,Materials,2,1,0.2,True,0.2,67,5,0.872497570457
2021-05-21,RealEstate,0,0,0,False,,54,5,0.771428571429
2021-05-21,Tech,5,4,0.8,True,0.714285714286,218,4,0.616954433338
2021-05-21,Utilities,3,3,0.6,True,0.6,78,5,0.86053748232
2021-05-24,Comm,15,5,1,True,0.420560747664,295,5,0.692570928336
2021-05-24,Consumer,32,5,1,True,0.758518518519,457,5,0.721774291096
2021-05-24,Energy,13,5,1,True,0.866666666667,246,5,0.686433756806
2021-05-24,Financials,16,4,0.8,True,0.501960784314,267,5,0.816925456941
2021-05-24,Healthcare,13,4,0.8,True,0.662745098039,245,5,0.962942167322
2021-05-24,Industrials,7,3,0.6,True,0.466666666667,296,5,0.828520094563
2021-05-24,Materials,5,4,0.8,True,0.714285714286,69,5,0.861719457014
2021-05-24,RealEstate,4,2,0.4,True,0.4,57,5,0.809215442092
2021-05-24,Tech,9,3,0.6,True,0.558620689655,205,4,0.63727348548
2021-05-24,Utilities,5,3,0.6,True,0.454545454545,80,5,0.849933598938
2021-05-25,Comm,13,4,0.8,True,0.328155339806,299,5,0.680657809585
2021-05-25,Consumer,15,4,0.8,True,0.454545454545,441,5,0.717073170732
2021-05-25,Energy,15,4,0.8,True,0.454545454545,248,5,0.663330457291
2021-05-25,Financials,14,3,0.6,True,0.576470588235,260,5,0.812402355486
2021-05-25,Healthcare,6,4,0.8,True,0.72,236,5,0.972516151563
2021-05-25,Industrials,2,2,0.4,True,0.4,284,5,0.833481450863
2021-05-25,Materials,3,3,0.6,True,0.6,71,5,0.863924592973
2021-05-25,RealEstate,3,2,0.4,True,0.36,53,5,0.820145985401
2021-05-25,Tech,12,3,0.6,True,0.464516129032,202,4,0.644307595137
2021-05-25,Utilities,1,1,0.2,True,0.2,76,5,0.855703703704
2021-05-26,Comm,9,3,0.6,True,0.317647058824,297,5,0.687173294901
2021-05-26,Consumer,21,4,0.8,True,0.528143712575,440,5,0.705256639102
2021-05-26,Energy,19,5,1,True,0.67476635514,262,5,0.666964632724
2021-05-26,Financials,10,4,0.8,True,0.666666666667,254,5,0.80104296002
2021-05-26,Healthcare,6,3,0.6,True,0.514285714286,228,5,0.976959218192
2021-05-26,Industrials,7,3,0.6,True,0.576470588235,239,5,0.749865441418
2021-05-26,Materials,2,2,0.4,True,0.4,68,5,0.851565377532
2021-05-26,RealEstate,3,3,0.6,True,0.6,56,5,0.818798955614
2021-05-26,Tech,6,4,0.8,True,0.72,200,4,0.660829340823
2021-05-26,Utilities,2,1,0.2,True,0.2,74,5,0.845061728395
2021-05-27,Comm,14,5,1,True,0.7,301,5,0.705368056367
2021-05-27,Consumer,20,5,1,True,0.78431372549,442,5,0.71170856102
2021-05-27,Energy,14,3,0.6,True,0.356363636364,268,5,0.658150829286
2021-05-27,Financials,14,4,0.8,True,0.502564102564,253,5,0.803678824785
2021-05-27,Healthcare,10,4,0.8,True,0.769230769231,206,5,0.95404676259
2021-05-27,Industrials,15,4,0.8,True,0.483870967742,223,5,0.813429295821
2021-05-27,Materials,3,3,0.6,True,0.6,70,5,0.868794326241
2021-05-27,RealEstate,2,1,0.2,True,0.2,51,5,0.794198473282
2021-05-27,Tech,11,4,0.8,True,0.562790697674,185,4,0.641097686616
2021-05-27,Utilities,2,2,0.4,True,0.4,72,5,0.858278145695
2021-05-28,Comm,15,5,1,True,0.818181818182,304,5,0.714630374265
2021-05-28,Consumer,11,5,1,True,0.78064516129,440,5,0.718447322522
2021-05-28,Energy,12,4,0.8,True,0.626086956522,272,5,0.655595923793
2021-05-28,Financials,11,5,1,True,0.968,253,5,0.8193152
2021-05-28,Healthcare,4,2,0.4,True,0.32,175,5,0.971759479613
2021-05-28,Industrials,4,4,0.8,True,0.8,206,5,0.790389271745
2021-05-28,Materials,5,3,0.6,True,0.555555555556,71,5,0.8729004329
2021-05-28,RealEstate,2,2,0.4,True,0.4,39,5,0.833424657534
2021-05-28,Tech,12,4,0.8,True,0.72,185,4,0.626429944175
2021-05-28,Utilities,2,1,0.2,True,0.2,72,5,0.825477707006
2021-06-01,Comm,11,2,0.4,True,0.239603960396,305,5,0.696946993819
2021-06-01,Consumer,27,5,1,True,0.636681222707,444,5,0.704963524532
2021-06-01,Energy,35,5,1,True,0.563218390805,274,5,0.666157941437
2021-06-01,Financials,18,4,0.8,True,0.558620689655,259,5,0.805922989127
2021-06-01,Healthcare,28,5,1,True,0.572262773723,180,5,0.970641102457
2021-06-01,Industrials,9,4,0.8,True,0.648,205,5,0.814201298072
2021-06-01,Materials,4,2,0.4,True,0.32,74,5,0.85696400626
2021-06-01,RealEstate,5,3,0.6,True,0.555555555556,39,5,0.871633237822
2021-06-01,Tech,9,3,0.6,True,0.490909090909,186,4,0.644365803688
2021-06-01,Utilities,4,3,0.6,True,0.533333333333,66,5,0.779248658318
2021-06-02,Comm,8,5,1,True,0.64,294,5,0.681027418847
2021-06-02,Consumer,15,5,1,True,0.671641791045,440,5,0.702136147681
2021-06-02,Energy,21,4,0.8,True,0.608275862069,283,5,0.674178206153
2021-06-02,Financials,17,5,1,True,0.770666666667,262,5,0.811490719943
2021-06-02,Healthcare,6,4,0.8,True,0.72,169,5,0.966367788868
2021-06-02,Industrials,2,2,0.4,True,0.4,192,5,0.825067144136
2021-06-02,Materials,2,1,0.2,True,0.2,71,5,0.8624465355
2021-06-02,RealEstate,1,1,0.2,True,0.2,36,5,0.847058823529
2021-06-02,Tech,9,4,0.8,True,0.704347826087,178,4,0.67141343505
2021-06-02,Utilities,3,3,0.6,True,0.6,66,5,0.786281588448
2021-06-03,Comm,4,2,0.4,True,0.32,288,5,0.670417070805
2021-06-03,Consumer,12,5,1,True,0.96,434,5,0.71346969697
2021-06-03,Energy,12,5,1,True,0.626086956522,279,5,0.667962414725
2021-06-03,Financials,12,5,1,True,0.847058823529,254,5,0.817382490815
2021-06-03,Healthcare,14,5,1,True,0.725925925926,172,5,0.958341431811
2021-06-03,Industrials,9,4,0.8,True,0.6,185,5,0.860898000252
2021-06-03,Materials,5,4,0.8,True,0.714285714286,65,5,0.830875122911
2021-06-03,RealEstate,3,3,0.6,True,0.6,39,5,0.847353760446
2021-06-03,Tech,8,3,0.6,True,0.581818181818,178,4,0.684467487578
2021-06-03,Utilities,5,4,0.8,True,0.714285714286,67,5,0.762786745964
2021-06-04,Comm,11,5,1,True,0.834482758621,282,5,0.648223019237
2021-06-04,Consumer,18,5,1,True,0.830769230769,434,5,0.717355371901
2021-06-04,Energy,6,3,0.6,True,0.514285714286,273,5,0.662215113954
2021-06-04,Financials,8,4,0.8,True,0.711111111111,252,5,0.81919504644
2021-06-04,Healthcare,2,2,0.4,True,0.4,166,5,0.949879351948
2021-06-04,Industrials,9,4,0.8,True,0.704347826087,169,5,0.876507595519
2021-06-04,Materials,2,1,0.2,True,0.2,66,5,0.829714285714
2021-06-04,RealEstate,1,1,0.2,True,0.2,35,5,0.841924398625
2021-06-04,Tech,8,3,0.6,True,0.426666666667,178,4,0.687139449143
2021-06-04,Utilities,2,1,0.2,True,0.2,64,5,0.765607476636
2021-06-07,Comm,16,5,1,True,0.533333333333,293,5,0.64638030343
2021-06-07,Consumer,24,5,1,True,0.711111111111,438,5,0.704868280854
2021-06-07,Energy,13,5,1,True,0.965714285714,276,5,0.690437777576
2021-06-07,Financials,16,5,1,True,0.711111111111,257,5,0.836751757775
2021-06-07,Healthcare,7,5,1,True,0.753846153846,168,5,0.962619372442
2021-06-07,Industrials,7,4,0.8,True,0.515789473684,168,5,0.900861793808
2021-06-07,Materials,9,4,0.8,True,0.6,70,5,0.799347471452
2021-06-07,RealEstate,2,1,0.2,True,0.2,35,5,0.865724381625
2021-06-07,Tech,19,4,0.8,True,0.662385321101,191,4,0.684125644632
2021-06-07,Utilities,0,0,0,False,,63,5,0.746754468485
2021-06-08,Comm,7,4,0.8,True,0.653333333333,292,5,0.64413386719
2021-06-08,Consumer,17,4,0.8,True,0.583838383838,446,5,0.69495161234
2021-06-08,Energy,4,3,0.6,True,0.533333333333,274,5,0.696567081091
2021-06-08,Financials,8,4,0.8,True,0.711111111111,255,5,0.842456435836
2021-06-08,Healthcare,4,4,0.8,True,0.8,170,5,0.959814015277
2021-06-08,Industrials,5,3,0.6,True,0.555555555556,164,5,0.908341776427
2021-06-08,Materials,5,3,0.6,True,0.454545454545,75,5,0.785066294487
2021-06-08,RealEstate,0,0,0,False,,35,5,0.865724381625
2021-06-08,Tech,2,2,0.4,True,0.4,185,4,0.692043271661
2021-06-08,Utilities,5,3,0.6,True,0.454545454545,64,5,0.789210019268
2021-06-09,Comm,2,1,0.2,True,0.2,280,5,0.622815379727
2021-06-09,Consumer,9,3,0.6,True,0.490909090909,439,5,0.685656853153
2021-06-09,Energy,11,2,0.4,True,0.239603960396,257,5,0.66032491877
2021-06-09,Financials,11,3,0.6,True,0.537777777778,257,5,0.839837243309
2021-06-09,Healthcare,16,4,0.8,True,0.393846153846,173,5,0.940128789069
2021-06-09,Industrials,10,4,0.8,True,0.47619047619,167,5,0.92301836836
2021-06-09,Materials,1,1,0.2,True,0.2,71,5,0.769031273837
2021-06-09,RealEstate,3,2,0.4,True,0.36,38,5,0.854437869822
2021-06-09,Tech,5,4,0.8,True,0.714285714286,183,4,0.688436632747
2021-06-09,Utilities,2,2,0.4,True,0.4,56,5,0.76862745098
2021-06-10,Comm,16,5,1,True,0.64,281,5,0.618549998042
2021-06-10,Consumer,20,5,1,True,0.754716981132,442,5,0.680402605092
2021-06-10,Energy,9,5,1,True,0.704347826087,249,5,0.648037627384
2021-06-10,Financials,13,4,0.8,True,0.637735849057,265,5,0.837557397579
2021-06-10,Healthcare,10,4,0.8,True,0.769230769231,180,5,0.944881889764
2021-06-10,Industrials,8,4,0.8,True,0.64,162,5,0.937285714286
2021-06-10,Materials,1,1,0.2,True,0.2,70,5,0.781499202552
2021-06-10,RealEstate,5,5,1,True,1,42,5,0.856310679612
2021-06-10,Tech,18,4,0.8,True,0.648,188,4,0.6841656988
2021-06-10,Utilities,1,1,0.2,True,0.2,57,5,0.778203592814
2021-06-11,Comm,8,2,0.4,True,0.32,276,5,0.582875506925
2021-06-11,Consumer,13,5,1,True,0.866666666667,444,5,0.678866352147
2021-06-11,Energy,7,3,0.6,True,0.466666666667,243,5,0.627680042519
2021-06-11,Financials,5,2,0.4,True,0.384615384615,255,5,0.836173085578
2021-06-11,Healthcare,9,4,0.8,True,0.6,184,5,0.957195363302
2021-06-11,Industrials,5,3,0.6,True,0.555555555556,154,5,0.911803152634
2021-06-11,Materials,2,2,0.4,True,0.4,71,5,0.776135488838
2021-06-11,RealEstate,2,1,0.2,True,0.2,42,5,0.868965517241
2021-06-11,Tech,7,4,0.8,True,0.515789473684,191,4,0.68955675267
2021-06-11,Utilities,2,2,0.4,True,0.4,55,5,0.751552795031
2021-06-14,Comm,10,4,0.8,True,0.555555555556,285,5,0.5907487545
2021-06-14,Consumer,21,5,1,True,0.625531914894,449,5,0.685566116335
2021-06-14,Energy,16,5,1,True,0.8,253,5,0.649738618484
2021-06-14,Financials,11,4,0.8,True,0.733333333333,257,5,0.83316304005
2021-06-14,Healthcare,14,5,1,True,0.890909090909,189,5,0.946377003577
2021-06-14,Industrials,5,3,0.6,True,0.555555555556,146,5,0.852299080368
2021-06-14,Materials,4,3,0.6,True,0.533333333333,73,5,0.783100661278
2021-06-14,RealEstate,2,2,0.4,True,0.4,41,5,0.873246753247
2021-06-14,Tech,11,4,0.8,True,0.562790697674,197,4,0.700966314459
2021-06-14,Utilities,7,3,0.6,True,0.466666666667,60,5,0.721442885772
2021-06-15,Comm,8,5,1,True,0.8,291,5,0.601278091384
2021-06-15,Consumer,12,4,0.8,True,0.685714285714,425,5,0.701878800832
2021-06-15,Energy,13,4,0.8,True,0.536507936508,260,5,0.647385558322
2021-06-15,Financials,10,5,1,True,0.769230769231,252,5,0.84077849861
2021-06-15,Healthcare,5,3,0.6,True,0.555555555556,188,5,0.939001062699
2021-06-15,Industrials,7,3,0.6,True,0.515789473684,146,5,0.837893081761
2021-06-15,Materials,1,1,0.2,True,0.2,72,5,0.770282317979
2021-06-15,RealEstate,2,2,0.4,True,0.4,43,5,0.870117647059
2021-06-15,Tech,5,3,0.6,True,0.555555555556,193,4,0.705406684973
2021-06-15,Utilities,1,1,0.2,True,0.2,60,5,0.701754385965
2021-06-16,Comm,12,4,0.8,True,0.8,263,5,0.651094272133
2021-06-16,Consumer,20,5,1,True,0.769230769231,406,5,0.733974530234
2021-06-16,Energy,14,5,1,True,0.753846153846,260,5,0.656501893755
2021-06-16,Financials,12,5,1,True,0.847058823529,246,5,0.831035429827
2021-06-16,Healthcare,3,2,0.4,True,0.36,178,5,0.947488038278
2021-06-16,Industrials,6,3,0.6,True,0.4,141,5,0.771927781013
2021-06-16,Materials,2,2,0.4,True,0.4,68,5,0.787734241908
2021-06-16,RealEstate,5,3,0.6,True,0.454545454545,47,5,0.819666048237
2021-06-16,Tech,13,4,0.8,True,0.614545454545,201,4,0.704156862745
2021-06-16,Utilities,2,2,0.4,True,0.4,59,5,0.689990089197
2021-06-17,Comm,4,3,0.6,True,0.533333333333,235,5,0.679650483047
2021-06-17,Consumer,10,3,0.6,True,0.555555555556,377,5,0.767663182911
2021-06-17,Energy,11,4,0.8,True,0.620512820513,263,5,0.670534632349
2021-06-17,Financials,19,5,1,True,0.829885057471,257,5,0.828876200038
2021-06-17,Healthcare,6,4,0.8,True,0.6,178,5,0.948338820712
2021-06-17,Industrials,6,3,0.6,True,0.514285714286,136,4,0.729625246548
2021-06-17,Materials,9,4,0.8,True,0.522580645161,72,5,0.77954887218
2021-06-17,RealEstate,3,2,0.4,True,0.36,49,5,0.765869218501
2021-06-17,Tech,20,3,0.6,True,0.56338028169,218,4,0.70657151353
2021-06-17,Utilities,1,1,0.2,True,0.2,58,5,0.683739837398
2021-06-18,Comm,4,3,0.6,True,0.533333333333,218,5,0.681836441894
2021-06-18,Consumer,15,5,1,True,0.882352941176,369,5,0.792071202117
2021-06-18,Energy,7,4,0.8,True,0.515789473684,264,5,0.685377126561
2021-06-18,Financials,14,4,0.8,True,0.502564102564,261,5,0.817141486235
2021-06-18,Healthcare,6,3,0.6,True,0.514285714286,182,5,0.955408133833
2021-06-18,Industrials,4,3,0.6,True,0.533333333333,134,4,0.720256718813
2021-06-18,Materials,4,3,0.6,True,0.533333333333,74,5,0.794775036284
2021-06-18,RealEstate,4,3,0.6,True,0.533333333333,52,5,0.80237388724
2021-06-18,Tech,18,4,0.8,True,0.611320754717,221,4,0.728589542776
2021-06-18,Utilities,1,1,0.2,True,0.2,58,5,0.683739837398
2021-06-21,Comm,8,3,0.6,True,0.492307692308,209,5,0.6632905626
2021-06-21,Consumer,35,5,1,True,0.917602996255,382,5,0.811365026411
2021-06-21,Energy,25,5,1,True,0.690607734807,287,5,0.690002094241
2021-06-21,Financials,12,5,1,True,0.6,262,5,0.80069987169
2021-06-21,Healthcare,12,4,0.8,True,0.654545454545,188,5,0.955243243243
2021-06-21,Industrials,14,3,0.6,True,0.515789473684,145,4,0.711867276113
2021-06-21,Materials,5,3,0.6,True,0.454545454545,76,5,0.831079136691
2021-06-21,RealEstate,0,0,0,False,,52,5,0.80237388724
2021-06-21,Tech,18,4,0.8,True,0.549152542373,225,4,0.71661122514
2021-06-21,Utilities,9,4,0.8,True,0.6,60,5,0.633802816901
2021-06-22,Comm,3,2,0.4,True,0.36,198,5,0.659888907591
2021-06-22,Consumer,13,5,1,True,0.71914893617,380,5,0.813750352212
2021-06-22,Energy,5,2,0.4,True,0.294117647059,282,5,0.678822023047
2021-06-22,Financials,12,4,0.8,True,0.72,263,5,0.788385478999
2021-06-22,Healthcare,2,2,0.4,True,0.4,183,5,0.947757181265
2021-06-22,Industrials,6,3,0.6,True,0.514285714286,147,4,0.724283559578
2021-06-22,Materials,3,2,0.4,True,0.36,77,5,0.836838390967
2021-06-22,RealEstate,1,1,0.2,True,0.2,53,5,0.801426533524
2021-06-22,Tech,8,3,0.6,True,0.426666666667,228,4,0.70716909264
2021-06-22,Utilities,0,0,0,False,,57,5,0.620630372493
2021-06-23,Comm,17,4,0.8,True,0.664367816092,200,5,0.701139351446
2021-06-23,Consumer,20,5,1,True,0.754716981132,368,5,0.82119944212
2021-06-23,Energy,12,4,0.8,True,0.626086956522,281,5,0.673527530174
2021-06-23,Financials,13,4,0.8,True,0.59298245614,260,5,0.795200564639
2021-06-23,Healthcare,3,3,0.6,True,0.6,173,5,0.960648371048
2021-06-23,Industrials,5,3,0.6,True,0.555555555556,145,4,0.725876057311
2021-06-23,Materials,0,0,0,False,,72,5,0.824165341812
2021-06-23,RealEstate,0,0,0,False,,49,5,0.799001663894
2021-06-23,Tech,9,3,0.6,True,0.490909090909,228,4,0.69302759632
2021-06-23,Utilities,3,2,0.4,True,0.36,55,5,0.671476137625
2021-06-24,Comm,13,4,0.8,True,0.637735849057,200,5,0.755429650614
2021-06-24,Consumer,24,5,1,True,0.757894736842,377,5,0.841772039444
2021-06-24,Energy,11,5,1,True,0.78064516129,277,5,0.694223026465
2021-06-24,Financials,30,5,1,True,0.927835051546,276,5,0.826203904555
2021-06-24,Healthcare,6,3,0.6,True,0.6,173,5,0.965607356025
2021-06-24,Industrials,7,3,0.6,True,0.515789473684,150,4,0.724404378622
2021-06-24,Materials,4,4,0.8,True,0.8,73,5,0.814209320092
2021-06-24,RealEstate,2,2,0.4,True,0.4,48,5,0.781016949153
2021-06-24,Tech,14,4,0.8,True,0.653333333333,230,4,0.710448562987
2021-06-24,Utilities,3,2,0.4,True,0.36,57,5,0.692012779553
2021-06-25,Comm,6,3,0.6,True,0.6,197,5,0.780629588655
2021-06-25,Consumer,33,5,1,True,0.35881383855,389,5,0.862596551233
2021-06-25,Energy,7,2,0.4,True,0.392,265,5,0.682757279666
2021-06-25,Financials,17,4,0.8,True,0.696385542169,283,5,0.841403582497
2021-06-25,Healthcare,10,5,1,True,0.625,177,5,0.961159687069
2021-06-25,Industrials,6,3,0.6,True,0.514285714286,149,4,0.730175957902
2021-06-25,Materials,4,2,0.4,True,0.32,75,5,0.765827093261
2021-06-25,RealEstate,2,1,0.2,True,0.2,47,5,0.763039723661
2021-06-25,Tech,4,3,0.6,True,0.533333333333,228,4,0.701443799757
2021-06-25,Utilities,1,1,0.2,True,0.2,56,5,0.706306306306
2021-06-28,Comm,11,4,0.8,True,0.562790697674,194,5,0.763098134631
2021-06-28,Consumer,27,5,1,True,0.771428571429,396,5,0.858936298406
2021-06-28,Energy,11,5,1,True,0.78064516129,262,5,0.720218235232
2021-06-28,Financials,17,5,1,True,0.73164556962,286,5,0.843083900227
2021-06-28,Healthcare,5,3,0.6,True,0.555555555556,172,5,0.944572158365
2021-06-28,Industrials,7,2,0.4,True,0.392,141,4,0.746423878356
2021-06-28,Materials,2,2,0.4,True,0.4,74,5,0.735033557047
2021-06-28,RealEstate,3,1,0.2,True,0.2,48,5,0.755409836066
2021-06-28,Tech,15,4,0.8,True,0.762711864407,232,4,0.720246219724
2021-06-28,Utilities,4,3,0.6,True,0.533333333333,58,5,0.699376299376
2021-06-29,Comm,2,2,0.4,True,0.4,181,5,0.739943534726
2021-06-29,Consumer,13,5,1,True,0.572881355932,398,5,0.854805461119
2021-06-29,Energy,9,5,1,True,0.558620689655,259,5,0.72010090709
2021-06-29,Financials,28,4,0.8,True,0.475151515152,303,5,0.816116271834
2021-06-29,Healthcare,8,4,0.8,True,0.64,176,5,0.921904761905
2021-06-29,Industrials,6,4,0.8,True,0.72,143,4,0.743464824577
2021-06-29,Materials,1,1,0.2,True,0.2,70,5,0.739064856712
2021-06-29,RealEstate,1,1,0.2,True,0.2,47,5,0.730247933884
2021-06-29,Tech,9,4,0.8,True,0.6,229,4,0.723074801792
2021-06-29,Utilities,3,3,0.6,True,0.6,59,5,0.744598930481
2021-06-30,Comm,14,3,0.6,True,0.311111111111,184,5,0.743597627938
2021-06-30,Consumer,20,5,1,True,0.8,391,5,0.870943116757
2021-06-30,Energy,13,4,0.8,True,0.614545454545,237,5,0.733324629545
2021-06-30,Financials,23,5,1,True,0.719727891156,308,5,0.827422590493
2021-06-30,Healthcare,7,3,0.6,True,0.466666666667,155,5,0.913671800723
2021-06-30,Industrials,5,3,0.6,True,0.454545454545,139,4,0.740410040238
2021-06-30,Materials,0,0,0,False,,66,5,0.743344709898
2021-06-30,RealEstate,2,1,0.2,True,0.2,44,5,0.709157509158
2021-06-30,Tech,13,3,0.6,True,0.52,233,4,0.716072017411
2021-06-30,Utilities,2,1,0.2,True,0.2,57,5,0.718011049724
2021-07-01,Comm,9,4,0.8,True,0.415384615385,185,5,0.729977604778
2021-07-01,Consumer,13,5,1,True,0.786046511628,389,5,0.869885890029
2021-07-01,Energy,18,5,1,True,0.81,234,5,0.74742014742
2021-07-01,Financials,22,3,0.6,True,0.436036036036,313,5,0.797111590253
2021-07-01,Healthcare,2,1,0.2,True,0.2,151,5,0.907863826399
2021-07-01,Industrials,7,3,0.6,True,0.466666666667,144,4,0.73323903819
2021-07-01,Materials,3,3,0.6,True,0.6,67,5,0.784104803493
2021-07-01,RealEstate,7,3,0.6,True,0.466666666667,50,5,0.720461095101
2021-07-01,Tech,9,4,0.8,True,0.704347826087,233,4,0.707671250733
2021-07-01,Utilities,2,1,0.2,True,0.2,56,5,0.737882352941
2021-07-02,Comm,5,5,1,True,1,186,5,0.742084942085
2021-07-02,Consumer,9,4,0.8,True,0.771428571429,386,5,0.862994497538
2021-07-02,Energy,10,5,1,True,0.714285714286,232,5,0.746311702718
2021-07-02,Financials,14,4,0.8,True,0.675862068966,315,5,0.790858008209
2021-07-02,Healthcare,5,4,0.8,True,0.714285714286,142,5,0.912811226799
2021-07-02,Industrials,3,3,0.6,True,0.6,138,4,0.740723453909
2021-07-02,Materials,1,1,0.2,True,0.2,63,5,0.778999018646
2021-07-02,RealEstate,2,2,0.4,True,0.4,49,5,0.753846153846
2021-07-02,Tech,8,3,0.6,True,0.581818181818,233,4,0.709613750735
2021-07-02,Utilities,1,1,0.2,True,0.2,52,5,0.71724137931
2021-07-06,Comm,7,4,0.8,True,0.515789473684,182,5,0.727680140598
2021-07-06,Consumer,19,5,1,True,0.793406593407,387,5,0.868503000957
2021-07-06,Energy,7,3,0.6,True,0.515789473684,233,5,0.752602758716
2021-07-06,Financials,19,4,0.8,True,0.662385321101,326,5,0.785368016553
2021-07-06,Healthcare,6,2,0.4,True,0.276923076923,146,5,0.897515789474
2021-07-06,Industrials,4,2,0.4,True,0.32,133,4,0.744016824395
2021-07-06,Materials,5,4,0.8,True,0.714285714286,66,5,0.817260787992
2021-07-06,RealEstate,3,3,0.6,True,0.6,51,5,0.78937784522
2021-07-06,Tech,10,3,0.6,True,0.555555555556,235,4,0.712534675182
2021-07-06,Utilities,3,2,0.4,True,0.36,53,5,0.728664072633
2021-07-07,Comm,7,2,0.4,True,0.337931034483,173,5,0.715063911122
2021-07-07,Consumer,16,5,1,True,0.609523809524,379,5,0.876527841342
2021-07-07,Energy,11,5,1,True,0.78064516129,231,5,0.732025516153
2021-07-07,Financials,13,4,0.8,True,0.536507936508,323,5,0.76535230899
2021-07-07,Healthcare,6,4,0.8,True,0.6,145,5,0.883217811384
2021-07-07,Industrials,4,2,0.4,True,0.32,130,4,0.72688172043
2021-07-07,Materials,1,1,0.2,True,0.2,58,5,0.812560386473
2021-07-07,RealEstate,4,3,0.6,True,0.533333333333,53,5,0.813024602026
2021-07-07,Tech,4,3,0.6,True,0.533333333333,220,4,0.713338246131
2021-07-07,Utilities,1,1,0.2,True,0.2,54,5,0.736363636364
2021-07-08,Comm,9,4,0.8,True,0.6,175,5,0.707193164762
2021-07-08,Consumer,7,5,1,True,0.890909090909,369,5,0.887475965455
2021-07-08,Energy,14,5,1,True,0.852173913043,241,5,0.75907991897
2021-07-08,Financials,27,4,0.8,True,0.684507042254,342,5,0.762427481911
2021-07-08,Healthcare,14,4,0.8,True,0.753846153846,155,5,0.911937749099
2021-07-08,Industrials,4,2,0.4,True,0.32,129,4,0.746735472291
2021-07-08,Materials,5,4,0.8,True,0.714285714286,58,5,0.845226130653
2021-07-08,RealEstate,1,1,0.2,True,0.2,54,5,0.828409090909
2021-07-08,Tech,11,3,0.6,True,0.537777777778,229,4,0.707276282959
2021-07-08,Utilities,2,1,0.2,True,0.2,51,5,0.657648546144
2021-07-09,Comm,6,3,0.6,True,0.514285714286,179,5,0.707853750138
2021-07-09,Consumer,14,5,1,True,0.890909090909,374,5,0.894290646378
2021-07-09,Energy,13,5,1,True,0.786046511628,243,5,0.790746568463
2021-07-09,Financials,24,5,1,True,0.811267605634,355,5,0.776422388565
2021-07-09,Healthcare,7,4,0.8,True,0.653333333333,146,5,0.924772234273
2021-07-09,Industrials,7,4,0.8,True,0.653333333333,126,4,0.743955014058
2021-07-09,Materials,0,0,0,False,,57,5,0.856126482213
2021-07-09,RealEstate,2,1,0.2,True,0.2,53,5,0.781363004172
2021-07-09,Tech,6,3,0.6,True,0.4,230,4,0.717288135593
2021-07-09,Utilities,2,1,0.2,True,0.2,51,5,0.671225806452
2021-07-12,Comm,10,5,1,True,0.714285714286,173,5,0.706455800779
2021-07-12,Consumer,19,5,1,True,0.65045045045,373,5,0.888690875411
2021-07-12,Energy,8,3,0.6,True,0.492307692308,242,5,0.782522715126
2021-07-12,Financials,24,5,1,True,0.484033613445,366,5,0.753747467927
2021-07-12,Healthcare,9,4,0.8,True,0.704347826087,145,5,0.908011228676
2021-07-12,Industrials,5,3,0.6,True,0.555555555556,123,4,0.736383548309
2021-07-12,Materials,1,1,0.2,True,0.2,57,5,0.849411764706
2021-07-12,RealEstate,1,1,0.2,True,0.2,49,5,0.763434022258
2021-07-12,Tech,16,4,0.8,True,0.64,228,4,0.712597669637
2021-07-12,Utilities,6,2,0.4,True,0.4,56,5,0.646597938144
2021-07-13,Comm,10,5,1,True,0.833333333333,175,5,0.729948754618
2021-07-13,Consumer,18,5,1,True,0.72,378,5,0.878043384748
2021-07-13,Energy,4,4,0.8,True,0.8,239,5,0.795169485627
2021-07-13,Financials,43,4,0.8,True,0.463989962359,404,5,0.726502270097
2021-07-13,Healthcare,5,3,0.6,True,0.555555555556,141,5,0.903887247102
2021-07-13,Industrials,3,3,0.6,True,0.6,121,4,0.726420243116
2021-07-13,Materials,2,2,0.4,True,0.4,57,5,0.849411764706
2021-07-13,RealEstate,1,1,0.2,True,0.2,48,5,0.729113924051
2021-07-13,Tech,5,3,0.6,True,0.555555555556,226,4,0.710770943501
2021-07-13,Utilities,2,2,0.4,True,0.4,56,5,0.649275362319
2021-07-14,Comm,7,4,0.8,True,0.653333333333,172,5,0.731733860994
2021-07-14,Consumer,14,5,1,True,0.753846153846,371,5,0.887004994361
2021-07-14,Energy,3,2,0.4,True,0.36,226,5,0.782893930104
2021-07-14,Financials,34,4,0.8,True,0.624864864865,427,5,0.726193368515
2021-07-14,Healthcare,7,4,0.8,True,0.653333333333,134,5,0.926044352759
2021-07-14,Industrials,5,3,0.6,True,0.555555555556,121,4,0.729315068493
2021-07-14,Materials,1,1,0.2,True,0.2,54,5,0.857647058824
2021-07-14,RealEstate,6,4,0.8,True,0.72,52,5,0.71724137931
2021-07-14,Tech,10,4,0.8,True,0.588235294118,225,4,0.716104392107
2021-07-14,Utilities,1,1,0.2,True,0.2,50,5,0.668449197861
2021-07-15,Comm,5,3,0.6,True,0.454545454545,169,5,0.696694718868
2021-07-15,Consumer,21,5,1,True,0.809174311927,380,5,0.883126414287
2021-07-15,Energy,8,2,0.4,True,0.376470588235,221,5,0.785414489025
2021-07-15,Financials,35,5,1,True,0.878136200717,452,5,0.736389850058
2021-07-15,Healthcare,2,1,0.2,True,0.2,131,5,0.915986122231
2021-07-15,Industrials,4,4,0.8,True,0.8,118,4,0.740244550771
2021-07-15,Materials,2,2,0.4,True,0.4,55,5,0.850914205345
2021-07-15,RealEstate,2,2,0.4,True,0.4,52,5,0.686294416244
2021-07-15,Tech,12,2,0.4,True,0.389189189189,232,4,0.704594842257
2021-07-15,Utilities,1,1,0.2,True,0.2,50,5,0.668449197861
2021-07-16,Comm,16,4,0.8,True,0.449122807018,173,5,0.649712362965
2021-07-16,Consumer,15,3,0.6,True,0.505617977528,375,5,0.870123441512
2021-07-16,Energy,16,5,1,True,0.8,223,5,0.789286564558
2021-07-16,Financials,16,4,0.8,True,0.673684210526,456,5,0.733512064343
2021-07-16,Healthcare,1,1,0.2,True,0.2,129,5,0.902195716996
2021-07-16,Industrials,3,2,0.4,True,0.36,115,4,0.7365636313
2021-07-16,Materials,4,3,0.6,True,0.533333333333,57,5,0.874562584118
2021-07-16,RealEstate,2,2,0.4,True,0.4,49,5,0.705139500734
2021-07-16,Tech,21,4,0.8,True,0.443216080402,240,4,0.68792547474
2021-07-16,Utilities,8,3,0.6,True,0.581818181818,56,5,0.741371158392
2021-07-19,Comm,14,5,1,True,0.725925925926,183,5,0.665983891817
2021-07-19,Consumer,32,5,1,True,0.758518518519,397,5,0.890672769913
2021-07-19,Energy,21,5,1,True,0.663157894737,233,5,0.779958336326
2021-07-19,Financials,26,4,0.8,True,0.662745098039,463,5,0.72477051813
2021-07-19,Healthcare,10,4,0.8,True,0.666666666667,133,5,0.88202443281
2021-07-19,Industrials,11,4,0.8,True,0.44,120,4,0.721081622434
2021-07-19,Materials,6,3,0.6,True,0.514285714286,54,5,0.937620578778
2021-07-19,RealEstate,6,4,0.8,True,0.72,52,5,0.722994652406
2021-07-19,Tech,29,4,0.8,True,0.36017130621,249,4,0.652127267946
2021-07-19,Utilities,4,3,0.6,True,0.533333333333,59,5,0.746195069668
2021-07-20,Comm,7,3,0.6,True,0.362962962963,186,5,0.652877901491
2021-07-20,Consumer,12,4,0.8,True,0.626086956522,394,5,0.885292272598
2021-07-20,Energy,12,5,1,True,0.9,238,5,0.79045492604
2021-07-20,Financials,24,5,1,True,0.654545454545,473,5,0.728248946178
2021-07-20,Healthcare,7,4,0.8,True,0.753846153846,134,5,0.897351324338
2021-07-20,Industrials,1,1,0.2,True,0.2,117,4,0.714643696163
2021-07-20,Materials,3,3,0.6,True,0.6,53,5,0.91647634584
2021-07-20,RealEstate,1,1,0.2,True,0.2,49,5,0.737634408602
2021-07-20,Tech,10,4,0.8,True,0.588235294118,241,4,0.631143710948
2021-07-20,Utilities,2,2,0.4,True,0.4,60,5,0.774193548387
2021-07-21,Comm,12,4,0.8,True,0.576,190,5,0.653748641796
2021-07-21,Consumer,22,5,1,True,0.363909774436,381,5,0.906151877399
2021-07-21,Energy,16,5,1,True,0.825806451613,229,5,0.806846680514
2021-07-21,Financials,17,4,0.8,True,0.621505376344,478,5,0.728189438123
2021-07-21,Healthcare,4,4,0.8,True,0.8,126,5,0.902045454545
2021-07-21,Industrials,7,3,0.6,True,0.466666666667,110,4,0.713864306785
2021-07-21,Materials,8,3,0.6,True,0.581818181818,56,5,0.854495912807
2021-07-21,RealEstate,1,1,0.2,True,0.2,50,5,0.750750750751
2021-07-21,Tech,16,4,0.8,True,0.624390243902,239,4,0.63464251986
2021-07-21,Utilities,3,2,0.4,True,0.36,54,5,0.812256267409
2021-07-22,Comm,14,4,0.8,True,0.515789473684,201,5,0.650946588254
2021-07-22,Consumer,18,4,0.8,True,0.771428571429,386,5,0.913077583037
2021-07-22,Energy,19,5,1,True,0.891358024691,243,5,0.828699740369
2021-07-22,Financials,9,5,1,True,0.558620689655,475,5,0.739378348708
2021-07-22,Healthcare,11,4,0.8,True,0.44,135,5,0.888807607901
2021-07-22,Industrials,6,3,0.6,True,0.4,110,4,0.683615819209
2021-07-22,Materials,10,4,0.8,True,0.555555555556,63,5,0.807527975585
2021-07-22,RealEstate,5,2,0.4,True,0.294117647059,54,5,0.805524861878
2021-07-22,Tech,20,3,0.6,True,0.454545454545,251,4,0.629852536866
2021-07-22,Utilities,5,2,0.4,True,0.294117647059,59,5,0.799311136625
2021-07-23,Comm,18,4,0.8,True,0.589090909091,202,5,0.631640866873
2021-07-23,Consumer,13,4,0.8,True,0.662745098039,379,5,0.917570027788
2021-07-23,Energy,18,4,0.8,True,0.568421052632,249,5,0.847066056425
2021-07-23,Financials,14,5,1,True,0.933333333333,476,5,0.750823474832
2021-07-23,Healthcare,6,3,0.6,True,0.514285714286,138,5,0.87478180983
2021-07-23,Industrials,8,3,0.6,True,0.492307692308,113,4,0.702172119879
2021-07-23,Materials,2,2,0.4,True,0.4,65,5,0.829244357213
2021-07-23,RealEstate,0,0,0,False,,54,5,0.805524861878
2021-07-23,Tech,26,4,0.8,True,0.326570048309,268,4,0.601793045664
2021-07-23,Utilities,4,2,0.4,True,0.32,60,5,0.742268041237
2021-07-26,Comm,10,2,0.4,True,0.4,199,5,0.596985000377
2021-07-26,Consumer,21,4,0.8,True,0.608275862069,376,5,0.913576736672
2021-07-26,Energy,11,2,0.4,True,0.396721311475,249,5,0.826845369074
2021-07-26,Financials,16,4,0.8,True,0.568888888889,462,5,0.736750543647
2021-07-26,Healthcare,6,3,0.6,True,0.514285714286,138,5,0.850558284949
2021-07-26,Industrials,14,3,0.6,True,0.515789473684,120,4,0.70243902439
2021-07-26,Materials,5,3,0.6,True,0.555555555556,66,5,0.8557956778
2021-07-26,RealEstate,2,1,0.2,True,0.2,54,5,0.745780051151
2021-07-26,Tech,25,4,0.8,True,0.51867219917,279,4,0.58879013653
2021-07-26,Utilities,9,4,0.8,True,0.771428571429,66,5,0.744615384615
2021-07-27,Comm,6,3,0.6,True,0.514285714286,199,5,0.590134863274
2021-07-27,Consumer,21,4,0.8,True,0.576470588235,364,5,0.895122280773
2021-07-27,Energy,1,1,0.2,True,0.2,243,5,0.838109431552
2021-07-27,Financials,17,4,0.8,True,0.696385542169,462,5,0.740610687023
2021-07-27,Healthcare,8,4,0.8,True,0.581818181818,136,5,0.853136531365
2021-07-27,Industrials,31,3,0.6,True,0.541408450704,145,4,0.667990468626
2021-07-27,Materials,5,3,0.6,True,0.454545454545,67,5,0.928438469493
2021-07-27,RealEstate,0,0,0,False,,52,5,0.774785100287
2021-07-27,Tech,30,3,0.6,True,0.596026490066,305,4,0.598866964947
2021-07-27,Utilities,1,1,0.2,True,0.2,66,5,0.761538461538
2021-07-28,Comm,7,4,0.8,True,0.653333333333,195,5,0.599054745963
2021-07-28,Consumer,21,4,0.8,True,0.753846153846,358,5,0.895437713966
2021-07-28,Energy,9,3,0.6,True,0.490909090909,241,5,0.813060824526
2021-07-28,Financials,21,5,1,True,0.794594594595,466,5,0.758040981604
2021-07-28,Healthcare,7,4,0.8,True,0.653333333333,138,5,0.855141445891
2021-07-28,Industrials,4,2,0.4,True,0.32,142,4,0.667903279232
2021-07-28,Materials,0,0,0,False,,65,5,0.939933259177
2021-07-28,RealEstate,3,2,0.4,True,0.36,52,5,0.839751552795
2021-07-28,Tech,19,3,0.6,True,0.559689922481,309,4,0.597260188284
2021-07-28,Utilities,1,1,0.2,True,0.2,63,5,0.791425722832
2021-07-29,Comm,17,3,0.6,True,0.572277227723,210,5,0.609031901671
2021-07-29,Consumer,25,5,1,True,0.886524822695,370,5,0.894654293556
2021-07-29,Energy,14,4,0.8,True,0.593939393939,246,5,0.808388992787
2021-07-29,Financials,6,4,0.8,True,0.72,444,5,0.763264673997
2021-07-29,Healthcare,30,5,1,True,0.841121495327,160,5,0.900457263454
2021-07-29,Industrials,8,3,0.6,True,0.336842105263,144,4,0.685941118095
2021-07-29,Materials,5,4,0.8,True,0.714285714286,69,5,0.956984924623
2021-07-29,RealEstate,5,3,0.6,True,0.454545454545,56,5,0.849864498645
2021-07-29,Tech,12,4,0.8,True,0.685714285714,312,4,0.602562674095
2021-07-29,Utilities,4,3,0.6,True,0.533333333333,64,5,0.786180422265
2021-07-30,Comm,6,3,0.6,True,0.514285714286,202,5,0.642481498977
2021-07-30,Consumer,19,5,1,True,0.829885057471,369,5,0.875380115079
2021-07-30,Energy,19,2,0.4,True,0.39027027027,252,5,0.777282741738
2021-07-30,Financials,3,2,0.4,True,0.36,424,5,0.761021038818
2021-07-30,Healthcare,10,3,0.6,True,0.526315789474,163,5,0.920138528139
2021-07-30,Industrials,15,3,0.6,True,0.384615384615,154,4,0.704365904366
2021-07-30,Materials,1,1,0.2,True,0.2,70,5,0.95145631068
2021-07-30,RealEstate,2,2,0.4,True,0.4,56,5,0.88338028169
2021-07-30,Tech,3,2,0.4,True,0.36,302,4,0.609367274671
2021-07-30,Utilities,2,2,0.4,True,0.4,64,5,0.807889546351
2021-08-02,Comm,15,4,0.8,True,0.555555555556,208,5,0.694446227929
2021-08-02,Consumer,17,4,0.8,True,0.428148148148,373,5,0.848580403159
2021-08-02,Energy,14,5,1,True,0.753846153846,248,5,0.769665874108
2021-08-02,Financials,18,5,1,True,0.736363636364,420,5,0.773650278497
2021-08-02,Healthcare,14,5,1,True,0.753846153846,175,5,0.926486159431
2021-08-02,Industrials,17,3,0.6,True,0.441221374046,164,4,0.693732267217
2021-08-02,Materials,2,2,0.4,True,0.4,69,5,0.949351944167
2021-08-02,RealEstate,5,2,0.4,True,0.384615384615,54,5,0.897230769231
2021-08-02,Tech,19,3,0.6,True,0.519424460432,312,4,0.600481154771
2021-08-02,Utilities,5,3,0.6,True,0.555555555556,67,5,0.825942962282
2021-08-03,Comm,20,4,0.8,True,0.555555555556,223,5,0.746401500938
2021-08-03,Consumer,17,4,0.8,True,0.561165048544,381,5,0.840562842005
2021-08-03,Energy,13,4,0.8,True,0.614545454545,251,5,0.797834483632
2021-08-03,Financials,10,3,0.6,True,0.47619047619,416,5,0.771228664379
2021-08-03,Healthcare,10,3,0.6,True,0.454545454545,180,5,0.952941176471
2021-08-03,Industrials,2,1,0.2,True,0.2,163,4,0.69872452334
2021-08-03,Materials,16,3,0.6,True,0.332467532468,84,5,0.934569536424
2021-08-03,RealEstate,3,2,0.4,True,0.36,55,5,0.880640465793
2021-08-03,Tech,17,3,0.6,True,0.530275229358,321,4,0.595010827198
2021-08-03,Utilities,1,1,0.2,True,0.2,67,5,0.838281979458
2021-08-04,Comm,16,4,0.8,True,0.624390243902,232,5,0.765088841507
2021-08-04,Consumer,14,4,0.8,True,0.784,376,5,0.839475090553
2021-08-04,Energy,8,3,0.6,True,0.533333333333,252,5,0.79879245283
2021-08-04,Financials,13,5,1,True,0.71914893617,410,5,0.7761207812
2021-08-04,Healthcare,10,5,1,True,0.769230769231,184,5,0.965108323831
2021-08-04,Industrials,3,3,0.6,True,0.6,162,4,0.692271168557
2021-08-04,Materials,4,4,0.8,True,0.8,83,5,0.9404778157
2021-08-04,RealEstate,3,2,0.4,True,0.36,55,5,0.90977443609
2021-08-04,Tech,14,3,0.6,True,0.466666666667,325,4,0.596835711259
2021-08-04,Utilities,2,1,0.2,True,0.2,66,5,0.864285714286
2021-08-05,Comm,15,4,0.8,True,0.692307692308,240,5,0.799222977661
2021-08-05,Consumer,13,5,1,True,0.786046511628,373,5,0.851853666003
2021-08-05,Energy,11,2,0.4,True,0.396721311475,252,5,0.778044596913
2021-08-05,Financials,20,5,1,True,0.975609756098,417,5,0.796140374974
2021-08-05,Healthcare,8,3,0.6,True,0.533333333333,186,5,0.962336578581
2021-08-05,Industrials,10,4,0.8,True,0.666666666667,168,4,0.713628318584
2021-08-05,Materials,2,2,0.4,True,0.4,84,5,0.94711409396
2021-08-05,RealEstate,0,0,0,False,,51,5,0.920707964602
2021-08-05,Tech,18,4,0.8,True,0.635294117647,339,4,0.60912728911
2021-08-05,Utilities,7,5,1,True,0.753846153846,72,5,0.88013582343
2021-08-06,Comm,6,4,0.8,True,0.72,237,5,0.806504415249
2021-08-06,Consumer,12,4,0.8,True,0.8,378,5,0.850905192949
2021-08-06,Energy,8,4,0.8,True,0.64,246,5,0.763994445146
2021-08-06,Financials,6,3,0.6,True,0.514285714286,396,5,0.793884473245
2021-08-06,Healthcare,6,4,0.8,True,0.6,178,5,0.956353757923
2021-08-06,Industrials,4,1,0.2,True,0.2,168,4,0.687551766139
2021-08-06,Materials,1,1,0.2,True,0.2,80,5,0.934306569343
2021-08-06,RealEstate,4,3,0.6,True,0.533333333333,54,5,0.905590062112
2021-08-06,Tech,13,4,0.8,True,0.662745098039,341,4,0.618072129056
2021-08-06,Utilities,6,2,0.4,True,0.36,76,5,0.909606299213
2021-08-09,Comm,15,5,1,True,0.882352941176,246,5,0.825030674847
2021-08-09,Consumer,23,5,1,True,0.626035502959,387,5,0.836067770118
2021-08-09,Energy,15,4,0.8,True,0.584415584416,248,5,0.750597998536
2021-08-09,Financials,15,4,0.8,True,0.555555555556,387,5,0.779742288169
2021-08-09,Healthcare,8,4,0.8,True,0.581818181818,179,5,0.959167789253
2021-08-09,Industrials,5,3,0.6,True,0.454545454545,166,4,0.702779903086
2021-08-09,Materials,3,1,0.2,True,0.2,83,5,0.926563550773
2021-08-09,RealEstate,5,2,0.4,True,0.294117647059,57,5,0.884081632653
2021-08-09,Tech,10,4,0.8,True,0.666666666667,345,4,0.616853670545
2021-08-09,Utilities,4,3,0.6,True,0.533333333333,78,5,0.920423600605
2021-08-10,Comm,11,4,0.8,True,0.537777777778,247,5,0.81841840499
2021-08-10,Consumer,13,4,0.8,True,0.536507936508,381,5,0.835386873076
2021-08-10,Energy,11,3,0.6,True,0.424561403509,251,5,0.749342848647
2021-08-10,Financials,13,5,1,True,0.866666666667,376,5,0.800498273031
2021-08-10,Healthcare,7,4,0.8,True,0.653333333333,177,5,0.96263634967
2021-08-10,Industrials,7,3,0.6,True,0.576470588235,168,4,0.712547336531
2021-08-10,Materials,4,1,0.2,True,0.2,86,5,0.91196054254
2021-08-10,RealEstate,3,2,0.4,True,0.36,59,5,0.89601029601
2021-08-10,Tech,7,2,0.4,True,0.337931034483,336,4,0.608112038783
2021-08-10,Utilities,3,3,0.6,True,0.6,75,5,0.9367194005
2021-08-11,Comm,4,3,0.6,True,0.533333333333,241,5,0.809773440223
2021-08-11,Consumer,10,4,0.8,True,0.588235294118,373,5,0.839872023181
2021-08-11,Energy,11,4,0.8,True,0.620512820513,258,5,0.7421563162
2021-08-11,Financials,12,4,0.8,True,0.757894736842,345,5,0.84036431673
2021-08-11,Healthcare,4,3,0.6,True,0.533333333333,176,5,0.962884675163
2021-08-11,Industrials,13,4,0.8,True,0.328155339806,178,4,0.719273552781
2021-08-11,Materials,10,2,0.4,True,0.243902439024,94,5,0.847984644914
2021-08-11,RealEstate,2,2,0.4,True,0.4,60,5,0.886699507389
2021-08-11,Tech,2,2,0.4,True,0.4,333,4,0.607427898442
2021-08-11,Utilities,3,2,0.4,True,0.36,76,5,0.930112721417
2021-08-12,Comm,13,5,1,True,0.866666666667,247,5,0.818638040926
2021-08-12,Consumer,28,5,1,True,0.533333333333,387,5,0.814648209089
2021-08-12,Energy,8,5,1,True,0.8,263,5,0.754584628811
2021-08-12,Financials,18,5,1,True,0.753488372093,329,5,0.850449813396
2021-08-12,Healthcare,5,4,0.8,True,0.714285714286,174,5,0.958708043065
2021-08-12,Industrials,2,2,0.4,True,0.4,175,4,0.723225882631
2021-08-12,Materials,3,3,0.6,True,0.6,96,5,0.84318389753
2021-08-12,RealEstate,1,1,0.2,True,0.2,55,5,0.907046476762
2021-08-12,Tech,5,2,0.4,True,0.384615384615,328,4,0.604506377479
2021-08-12,Utilities,3,2,0.4,True,0.36,78,5,0.946189735614
2021-08-13,Comm,6,3,0.6,True,0.4,248,5,0.815702917772
2021-08-13,Consumer,35,5,1,True,0.543237250554,401,5,0.791440876092
2021-08-13,Energy,7,3,0.6,True,0.466666666667,262,5,0.761273150715
2021-08-13,Financials,12,4,0.8,True,0.685714285714,306,5,0.835961074904
2021-08-13,Healthcare,4,3,0.6,True,0.533333333333,176,5,0.967093349984
2021-08-13,Industrials,3,2,0.4,True,0.36,174,4,0.714225053079
2021-08-13,Materials,2,2,0.4,True,0.4,96,5,0.845504587156
2021-08-13,RealEstate,0,0,0,False,,53,5,0.91647634584
2021-08-13,Tech,8,3,0.6,True,0.533333333333,324,4,0.611320754717
2021-08-13,Utilities,5,3,0.6,True,0.454545454545,82,5,0.953758865248
2021-08-16,Comm,13,4,0.8,True,0.50447761194,245,5,0.847391826075
2021-08-16,Consumer,39,5,1,True,0.577229601518,425,5,0.790810183665
2021-08-16,Energy,18,5,1,True,0.81,264,5,0.769696300387
2021-08-16,Financials,16,4,0.8,True,0.731428571429,306,5,0.827465535525
2021-08-16,Healthcare,13,5,1,True,0.71914893617,188,5,0.971789936761
2021-08-16,Industrials,10,4,0.8,True,0.666666666667,181,4,0.714915439171
2021-08-16,Materials,6,5,1,True,0.9,98,5,0.836585365854
2021-08-16,RealEstate,5,4,0.8,True,0.714285714286,56,5,0.890909090909
2021-08-16,Tech,10,3,0.6,True,0.47619047619,313,4,0.618159447266
2021-08-16,Utilities,8,4,0.8,True,0.711111111111,82,5,0.956472261735
2021-08-17,Comm,5,4,0.8,True,0.714285714286,236,5,0.848636294378
2021-08-17,Consumer,32,3,0.6,True,0.465454545455,425,5,0.759391225747
2021-08-17,Energy,14,5,1,True,0.933333333333,257,5,0.782988560251
2021-08-17,Financials,18,4,0.8,True,0.689361702128,298,5,0.832199418986
2021-08-17,Healthcare,6,5,1,True,0.9,184,5,0.980480741384
2021-08-17,Industrials,3,3,0.6,True,0.6,173,4,0.724936417585
2021-08-17,Materials,2,2,0.4,True,0.4,94,5,0.857032007759
2021-08-17,RealEstate,1,1,0.2,True,0.2,51,5,0.883191850594
2021-08-17,Tech,10,5,1,True,0.833333333333,294,5,0.653185218771
2021-08-17,Utilities,1,1,0.2,True,0.2,79,5,0.957943207982
2021-08-18,Comm,14,4,0.8,True,0.56,243,5,0.872408953239
2021-08-18,Consumer,17,4,0.8,True,0.583838383838,430,5,0.755217906302
2021-08-18,Energy,16,5,1,True,0.914285714286,261,5,0.785935967695
2021-08-18,Financials,13,4,0.8,True,0.689795918367,287,5,0.844766935029
2021-08-18,Healthcare,7,4,0.8,True,0.753846153846,184,5,0.977367205543
2021-08-18,Industrials,8,4,0.8,True,0.581818181818,180,4,0.735527809308
2021-08-18,Materials,3,3,0.6,True,0.6,94,5,0.863734115347
2021-08-18,RealEstate,4,3,0.6,True,0.533333333333,54,5,0.855131964809
2021-08-18,Tech,28,5,1,True,0.519205298013,312,5,0.718246882609
2021-08-18,Utilities,0,0,0,False,,77,5,0.950922213312
2021-08-19,Comm,7,2,0.4,True,0.337931034483,238,5,0.86479389313
2021-08-19,Consumer,11,3,0.6,True,0.456603773585,419,5,0.706014115376
2021-08-19,Energy,17,4,0.8,True,0.621505376344,262,5,0.768603739783
2021-08-19,Financials,13,4,0.8,True,0.614545454545,283,5,0.842022814488
2021-08-19,Healthcare,2,2,0.4,True,0.4,182,5,0.976820996756
2021-08-19,Industrials,3,2,0.4,True,0.36,176,4,0.749298500242
2021-08-19,Materials,5,3,0.6,True,0.555555555556,91,5,0.840284119736
2021-08-19,RealEstate,1,1,0.2,True,0.2,54,5,0.842774566474
2021-08-19,Tech,27,5,1,True,0.323281596452,323,5,0.794736240716
2021-08-19,Utilities,0,0,0,False,,74,5,0.923440134907
2021-08-20,Comm,9,3,0.6,True,0.39512195122,233,5,0.862620163661
2021-08-20,Consumer,13,4,0.8,True,0.536507936508,414,5,0.69365818123
2021-08-20,Energy,8,3,0.6,True,0.426666666667,251,5,0.743506225291
2021-08-20,Financials,6,3,0.6,True,0.514285714286,280,5,0.838951310861
2021-08-20,Healthcare,2,2,0.4,True,0.4,173,5,0.977912105865
2021-08-20,Industrials,5,3,0.6,True,0.555555555556,175,4,0.752734423006
2021-08-20,Materials,2,2,0.4,True,0.4,83,5,0.765869927738
2021-08-20,RealEstate,1,1,0.2,True,0.2,50,5,0.825082508251
2021-08-20,Tech,17,3,0.6,True,0.448062015504,320,5,0.817956705807
2021-08-20,Utilities,3,3,0.6,True,0.6,72,5,0.925714285714
2021-08-23,Comm,10,5,1,True,0.714285714286,225,5,0.880052151239
2021-08-23,Consumer,24,5,1,True,0.811267605634,425,5,0.700409097078
2021-08-23,Energy,32,5,1,True,0.687248322148,265,5,0.712907974215
2021-08-23,Financials,14,5,1,True,0.933333333333,280,5,0.84273890143
2021-08-23,Healthcare,5,4,0.8,True,0.714285714286,172,5,0.971559934319
2021-08-23,Industrials,6,3,0.6,True,0.514285714286,173,4,0.754544308584
2021-08-23,Materials,6,4,0.8,True,0.6,87,5,0.797996837111
2021-08-23,RealEstate,1,1,0.2,True,0.2,51,5,0.845853658537
2021-08-23,Tech,17,4,0.8,True,0.415827338129,311,5,0.859474830053
2021-08-23,Utilities,5,3,0.6,True,0.454545454545,73,5,0.913281919452
2021-08-24,Comm,5,3,0.6,True,0.454545454545,220,5,0.890852199521
2021-08-24,Consumer,13,4,0.8,True,0.536507936508,417,5,0.699627833994
2021-08-24,Energy,12,4,0.8,True,0.576,266,5,0.726149425287
2021-08-24,Financials,13,4,0.8,True,0.614545454545,277,5,0.840635442345
2021-08-24,Healthcare,5,2,0.4,True,0.384615384615,171,5,0.97616424637
2021-08-24,Industrials,6,4,0.8,True,0.72,165,4,0.753216212478
2021-08-24,Materials,1,1,0.2,True,0.2,83,5,0.820607504467
2021-08-24,RealEstate,1,1,0.2,True,0.2,50,5,0.862068965517
2021-08-24,Tech,22,3,0.6,True,0.58313253012,308,5,0.863577605826
2021-08-24,Utilities,7,3,0.6,True,0.576470588235,71,5,0.893002657219
2021-08-25,Comm,2,1,0.2,True,0.2,216,5,0.891232091691
2021-08-25,Consumer,22,4,0.8,True,0.393495934959,418,5,0.696139288418
2021-08-25,Energy,3,2,0.4,True,0.36,268,5,0.727773837268
2021-08-25,Financials,6,3,0.6,True,0.4,266,5,0.826106246351
2021-08-25,Healthcare,8,5,1,True,0.8,171,5,0.980090497738
2021-08-25,Industrials,6,3,0.6,True,0.514285714286,140,4,0.717423133236
2021-08-25,Materials,2,1,0.2,True,0.2,80,5,0.768307322929
2021-08-25,RealEstate,3,2,0.4,True,0.36,53,5,0.847360482655
2021-08-25,Tech,17,4,0.8,True,0.540186915888,295,5,0.862017730672
2021-08-25,Utilities,2,2,0.4,True,0.4,72,5,0.887671232877
2021-08-26,Comm,7,3,0.6,True,0.466666666667,216,5,0.889024390244
2021-08-26,Consumer,19,5,1,True,0.700970873786,416,5,0.69629033556
2021-08-26,Energy,14,5,1,True,0.7,273,5,0.735036244391
2021-08-26,Financials,10,5,1,True,0.625,255,5,0.797999631834
2021-08-26,Healthcare,5,4,0.8,True,0.714285714286,169,5,0.975943960362
2021-08-26,Industrials,5,4,0.8,True,0.714285714286,141,4,0.71837398374
2021-08-26,Materials,1,1,0.2,True,0.2,81,5,0.779679144385
2021-08-26,RealEstate,0,0,0,False,,50,5,0.825082508251
2021-08-26,Tech,12,3,0.6,True,0.576,288,5,0.840279606929
2021-08-26,Utilities,0,0,0,False,,71,5,0.894587400177
2021-08-27,Comm,9,4,0.8,True,0.704347826087,208,5,0.897221070095
2021-08-27,Consumer,15,3,0.6,True,0.343511450382,406,5,0.670855887021
2021-08-27,Energy,16,4,0.8,True,0.711111111111,275,5,0.74798476831
2021-08-27,Financials,13,4,0.8,True,0.71914893617,262,5,0.795134947295
2021-08-27,Healthcare,9,4,0.8,True,0.704347826087,148,5,0.98092252575
2021-08-27,Industrials,10,2,0.4,True,0.384615384615,143,4,0.750835322196
2021-08-27,Materials,3,2,0.4,True,0.36,79,5,0.788502842704
2021-08-27,RealEstate,3,2,0.4,True,0.36,48,5,0.773154362416
2021-08-27,Tech,18,4,0.8,True,0.498461538462,294,5,0.815203244365
2021-08-27,Utilities,1,1,0.2,True,0.2,68,5,0.892664092664
2021-08-30,Comm,12,4,0.8,True,0.626086956522,214,5,0.891146137381
2021-08-30,Consumer,21,5,1,True,0.694488188976,408,5,0.663917361305
2021-08-30,Energy,14,5,1,True,0.576470588235,270,5,0.768663011388
2021-08-30,Financials,2,2,0.4,True,0.4,261,5,0.797996837111
2021-08-30,Healthcare,9,4,0.8,True,0.415384615385,147,5,0.98066712049
2021-08-30,Industrials,6,3,0.6,True,0.514285714286,134,4,0.781715280801
2021-08-30,Materials,4,4,0.8,True,0.8,82,5,0.81800486618
2021-08-30,RealEstate,3,1,0.2,True,0.2,49,5,0.698981077147
2021-08-30,Tech,22,4,0.8,True,0.597530864198,313,5,0.795493483821
2021-08-30,Utilities,5,3,0.6,True,0.555555555556,71,5,0.878988666085
2021-08-31,Comm,4,2,0.4,True,0.32,203,5,0.86346778418
2021-08-31,Consumer,21,5,1,True,0.856310679612,412,5,0.68047304069
2021-08-31,Energy,18,5,1,True,0.81,274,5,0.772307375784
2021-08-31,Financials,11,4,0.8,True,0.44,254,5,0.810400703429
2021-08-31,Healthcare,9,5,1,True,0.704347826087,142,5,0.981694255112
2021-08-31,Industrials,5,2,0.4,True,0.294117647059,122,4,0.793813333333
2021-08-31,Materials,4,2,0.4,True,0.32,84,5,0.786622073579
2021-08-31,RealEstate,2,2,0.4,True,0.4,46,5,0.687012987013
2021-08-31,Tech,10,3,0.6,True,0.555555555556,304,5,0.780870299958
2021-08-31,Utilities,4,2,0.4,True,0.4,70,5,0.837606837607
2021-09-01,Comm,0,0,0,False,,183,5,0.804540540541
2021-09-01,Consumer,16,5,1,True,0.711111111111,411,5,0.691010615451
2021-09-01,Energy,18,4,0.8,True,0.661224489796,279,5,0.744640551012
2021-09-01,Financials,11,4,0.8,True,0.654054054054,255,5,0.816230465072
2021-09-01,Healthcare,16,4,0.8,True,0.691891891892,148,5,0.932481907195
2021-09-01,Industrials,2,2,0.4,True,0.4,122,4,0.79044078598
2021-09-01,Materials,1,1,0.2,True,0.2,69,5,0.715401953418
2021-09-01,RealEstate,1,1,0.2,True,0.2,44,5,0.693906810036
2021-09-01,Tech,5,3,0.6,True,0.454545454545,292,5,0.783100661278
2021-09-01,Utilities,5,3,0.6,True,0.555555555556,74,5,0.846367851623
2021-09-02,Comm,8,3,0.6,True,0.336842105263,175,5,0.76802507837
2021-09-02,Consumer,14,4,0.8,True,0.593939393939,411,5,0.683074870094
2021-09-02,Energy,35,5,1,True,0.753846153846,306,5,0.741612545541
2021-09-02,Financials,20,5,1,True,0.645161290323,262,5,0.826936513673
2021-09-02,Healthcare,11,4,0.8,True,0.78064516129,149,5,0.937740232313
2021-09-02,Industrials,4,3,0.6,True,0.533333333333,123,4,0.792716793293
2021-09-02,Materials,2,2,0.4,True,0.4,67,5,0.691147036182
2021-09-02,RealEstate,0,0,0,False,,41,5,0.650290135397
2021-09-02,Tech,7,4,0.8,True,0.753846153846,285,5,0.776641009705
2021-09-02,Utilities,2,2,0.4,True,0.4,74,5,0.846367851623
2021-09-03,Comm,6,3,0.6,True,0.514285714286,166,5,0.721361256545
2021-09-03,Consumer,15,4,0.8,True,0.633802816901,413,5,0.676042884604
2021-09-03,Energy,17,4,0.8,True,0.502608695652,312,5,0.74240390482
2021-09-03,Financials,10,4,0.8,True,0.666666666667,252,5,0.805377298668
2021-09-03,Healthcare,0,0,0,False,,141,5,0.928367966379
2021-09-03,Industrials,9,3,0.6,True,0.6,122,4,0.785435356201
2021-09-03,Materials,0,0,0,False,,65,5,0.671167593328
2021-09-03,RealEstate,1,1,0.2,True,0.2,42,5,0.665660377358
2021-09-03,Tech,11,4,0.8,True,0.514893617021,278,5,0.73144046943
2021-09-03,Utilities,1,1,0.2,True,0.2,68,5,0.818407079646
2021-09-07,Comm,11,3,0.6,True,0.49387755102,171,5,0.713978757173
2021-09-07,Consumer,26,5,1,True,0.824390243902,427,5,0.682790645421
2021-09-07,Energy,19,5,1,True,0.568503937008,323,5,0.728274754808
2021-09-07,Financials,19,5,1,True,0.662385321101,265,5,0.808159272685
2021-09-07,Healthcare,14,5,1,True,0.675862068966,149,5,0.932227587655
2021-09-07,Industrials,10,4,0.8,True,0.555555555556,128,4,0.785803357314
2021-09-07,Materials,3,1,0.2,True,0.2,67,5,0.691147036182
2021-09-07,RealEstate,9,4,0.8,True,0.6,47,5,0.71837398374
2021-09-07,Tech,24,5,1,True,0.872727272727,289,5,0.717688506982
2021-09-07,Utilities,8,4,0.8,True,0.711111111111,70,5,0.750382848392
2021-09-08,Comm,10,4,0.8,True,0.666666666667,166,5,0.690799699173
2021-09-08,Consumer,22,5,1,True,0.628571428571,426,5,0.68636913767
2021-09-08,Energy,19,4,0.8,True,0.65045045045,327,5,0.73066384229
2021-09-08,Financials,13,5,1,True,0.786046511628,263,5,0.82535648231
2021-09-08,Healthcare,12,5,1,True,0.847058823529,153,5,0.94258103483
2021-09-08,Industrials,6,3,0.6,True,0.514285714286,129,4,0.789608540925
2021-09-08,Materials,6,3,0.6,True,0.514285714286,70,5,0.735735735736
2021-09-08,RealEstate,3,2,0.4,True,0.36,45,5,0.771428571429
2021-09-08,Tech,13,4,0.8,True,0.536507936508,292,5,0.687668360352
2021-09-08,Utilities,2,2,0.4,True,0.4,68,5,0.747011308562
2021-09-09,Comm,26,5,1,True,0.676,181,5,0.773120943953
2021-09-09,Consumer,17,5,1,True,0.862686567164,430,5,0.709162735397
2021-09-09,Energy,20,5,1,True,0.526315789474,336,5,0.725739264592
2021-09-09,Financials,22,5,1,True,0.722388059701,272,5,0.82839547643
2021-09-09,Healthcare,17,5,1,True,0.73164556962,163,5,0.94233020039
2021-09-09,Industrials,2,2,0.4,True,0.4,124,4,0.787301587302
2021-09-09,Materials,2,2,0.4,True,0.4,68,5,0.798618307427
2021-09-09,RealEstate,1,1,0.2,True,0.2,43,5,0.732277227723
2021-09-09,Tech,13,5,1,True,0.866666666667,298,5,0.692266916121
2021-09-09,Utilities,0,0,0,False,,65,5,0.752448797863
2021-09-10,Comm,9,4,0.8,True,0.522580645161,186,5,0.796225546605
2021-09-10,Consumer,17,4,0.8,True,0.485714285714,437,5,0.703968297853
2021-09-10,Energy,14,4,0.8,True,0.653333333333,339,5,0.728200741374
2021-09-10,Financials,11,4,0.8,True,0.691428571429,271,5,0.824392434192
2021-09-10,Healthcare,4,2,0.4,True,0.32,163,5,0.937674254456
2021-09-10,Industrials,7,4,0.8,True,0.753846153846,118,4,0.774846967168
2021-09-10,Materials,2,2,0.4,True,0.4,60,5,0.89552238806
2021-09-10,RealEstate,4,2,0.4,True,0.32,45,5,0.805168986083
2021-09-10,Tech,16,5,1,True,0.609523809524,312,5,0.700921658986
2021-09-10,Utilities,3,2,0.4,True,0.36,65,5,0.78313253012
2021-09-13,Comm,13,5,1,True,0.572881355932,186,5,0.770683893963
2021-09-13,Consumer,27,5,1,True,0.690995260664,436,5,0.713439669732
2021-09-13,Energy,17,4,0.8,True,0.502608695652,348,5,0.706557759627
2021-09-13,Financials,18,4,0.8,True,0.72,271,5,0.830639597353
2021-09-13,Healthcare,23,5,1,True,0.807633587786,181,5,0.929521918003
2021-09-13,Industrials,7,3,0.6,True,0.576470588235,123,4,0.766607550038
2021-09-13,Materials,8,5,1,True,0.8,65,5,0.884816753927
2021-09-13,RealEstate,8,4,0.8,True,0.711111111111,52,5,0.80237388724
2021-09-13,Tech,22,5,1,True,0.949019607843,329,5,0.709986553409
2021-09-13,Utilities,4,2,0.4,True,0.32,66,5,0.78064516129
2021-09-14,Comm,18,4,0.8,True,0.514285714286,198,5,0.759914712154
2021-09-14,Consumer,17,5,1,True,0.947540983607,418,5,0.734628321561
2021-09-14,Energy,9,4,0.8,True,0.522580645161,350,5,0.708379112936
2021-09-14,Financials,11,5,1,True,0.691428571429,270,5,0.819930266562
2021-09-14,Healthcare,3,2,0.4,True,0.36,180,5,0.925185608224
2021-09-14,Industrials,5,3,0.6,True,0.454545454545,125,4,0.772558714462
2021-09-14,Materials,3,3,0.6,True,0.6,66,5,0.901863354037
2021-09-14,RealEstate,3,3,0.6,True,0.6,55,5,0.818673883627
2021-09-14,Tech,11,5,1,True,0.78064516129,332,5,0.700813835198
2021-09-14,Utilities,3,2,0.4,True,0.36,64,5,0.824144869215
2021-09-15,Comm,11,3,0.6,True,0.537777777778,196,5,0.770631895687
2021-09-15,Consumer,25,5,1,True,0.93984962406,404,5,0.761126655475
2021-09-15,Energy,11,4,0.8,True,0.620512820513,343,5,0.695797971434
2021-09-15,Financials,19,5,1,True,0.454088050314,273,5,0.811995424089
2021-09-15,Healthcare,12,4,0.8,True,0.685714285714,179,5,0.894875017456
2021-09-15,Industrials,4,3,0.6,True,0.533333333333,119,4,0.770247484362
2021-09-15,Materials,0,0,0,False,,60,5,0.884520884521
2021-09-15,RealEstate,4,3,0.6,True,0.533333333333,54,5,0.812256267409
2021-09-15,Tech,18,4,0.8,True,0.72,340,5,0.691677137558
2021-09-15,Utilities,4,4,0.8,True,0.8,60,5,0.831408775982
2021-09-16,Comm,12,4,0.8,True,0.757894736842,203,5,0.78831181253
2021-09-16,Consumer,15,5,1,True,0.762711864407,387,5,0.791611829065
2021-09-16,Energy,7,3,0.6,True,0.362962962963,336,5,0.681574498913
2021-09-16,Financials,8,4,0.8,True,0.581818181818,263,5,0.818810298905
2021-09-16,Healthcare,10,4,0.8,True,0.714285714286,183,5,0.888891838089
2021-09-16,Industrials,4,2,0.4,True,0.32,120,4,0.763925729443
2021-09-16,Materials,3,2,0.4,True,0.36,61,5,0.837120359955
2021-09-16,RealEstate,3,3,0.6,True,0.6,56,5,0.840750670241
2021-09-16,Tech,8,5,1,True,0.8,338,5,0.686768860836
2021-09-16,Utilities,3,3,0.6,True,0.6,62,5,0.850442477876
2021-09-17,Comm,17,4,0.8,True,0.664367816092,206,5,0.769465095195
2021-09-17,Consumer,14,4,0.8,True,0.653333333333,384,5,0.795983805668
2021-09-17,Energy,3,1,0.2,True,0.2,323,5,0.662511509763
2021-09-17,Financials,12,5,1,True,0.6,262,5,0.814959040722
2021-09-17,Healthcare,9,5,1,True,0.704347826087,185,5,0.881292648384
2021-09-17,Industrials,2,2,0.4,True,0.4,114,4,0.764920541495
2021-09-17,Materials,6,3,0.6,True,0.514285714286,64,5,0.792263056093
2021-09-17,RealEstate,4,3,0.6,True,0.533333333333,56,5,0.852173913043
2021-09-17,Tech,10,5,1,True,0.833333333333,320,5,0.717338003503
2021-09-17,Utilities,1,1,0.2,True,0.2,63,5,0.865648854962
2021-09-20,Comm,24,5,1,True,0.654545454545,223,5,0.774776038015
2021-09-20,Consumer,33,5,1,True,0.674303405573,406,5,0.798121338304
2021-09-20,Energy,14,4,0.8,True,0.675862068966,320,5,0.675016479895
2021-09-20,Financials,20,5,1,True,0.769230769231,269,5,0.833700097932
2021-09-20,Healthcare,21,5,1,True,0.824299065421,204,5,0.879273188253
2021-09-20,Industrials,11,4,0.8,True,0.733333333333,122,4,0.774401664932
2021-09-20,Materials,11,4,0.8,True,0.514893617021,70,5,0.772870662461
2021-09-20,RealEstate,6,4,0.8,True,0.72,61,5,0.866356228172
2021-09-20,Tech,24,5,1,True,0.859701492537,317,5,0.769883164145
2021-09-20,Utilities,3,2,0.4,True,0.36,66,5,0.847470817121
2021-09-21,Comm,6,3,0.6,True,0.514285714286,220,5,0.79331257171
2021-09-21,Consumer,25,5,1,True,0.730994152047,418,5,0.8064804985
2021-09-21,Energy,9,5,1,True,0.852631578947,321,5,0.695119236348
2021-09-21,Financials,18,5,1,True,0.531147540984,281,5,0.81752860175
2021-09-21,Healthcare,3,3,0.6,True,0.6,205,5,0.881119614215
2021-09-21,Industrials,4,3,0.6,True,0.533333333333,121,4,0.770376216785
2021-09-21,Materials,1,1,0.2,True,0.2,69,5,0.758725099602
2021-09-21,RealEstate,2,1,0.2,True,0.2,62,5,0.826666666667
2021-09-21,Tech,22,5,1,True,0.733333333333,322,5,0.802445631143
2021-09-21,Utilities,2,1,0.2,True,0.2,65,5,0.821185617104
2021-09-22,Comm,11,5,1,True,0.691428571429,221,5,0.790755282118
2021-09-22,Consumer,15,5,1,True,0.569620253165,409,5,0.804177583347
2021-09-22,Energy,14,5,1,True,0.933333333333,303,5,0.708211516951
2021-09-22,Financials,12,4,0.8,True,0.48,279,5,0.791026878716
2021-09-22,Healthcare,6,5,1,True,0.9,206,5,0.891138177236
2021-09-22,Industrials,7,4,0.8,True,0.653333333333,122,4,0.773194805195
2021-09-22,Materials,8,5,1,True,0.914285714286,71,5,0.752949962659
2021-09-22,RealEstate,3,2,0.4,True,0.36,64,5,0.817564870259
2021-09-22,Tech,17,5,1,True,0.862686567164,322,5,0.834478873239
2021-09-22,Utilities,2,1,0.2,True,0.2,62,5,0.824892703863
2021-09-23,Comm,9,5,1,True,0.952941176471,225,5,0.810324129652
2021-09-23,Consumer,25,5,1,True,0.850340136054,421,5,0.817739740248
2021-09-23,Energy,11,5,1,True,0.78064516129,302,5,0.712809691286
2021-09-23,Financials,9,4,0.8,True,0.522580645161,275,5,0.803794441197
2021-09-23,Healthcare,8,4,0.8,True,0.457142857143,209,5,0.883962359607
2021-09-23,Industrials,10,4,0.8,True,0.47619047619,126,4,0.758166189112
2021-09-23,Materials,1,1,0.2,True,0.2,71,5,0.738608058608
2021-09-23,RealEstate,1,1,0.2,True,0.2,64,5,0.842798353909
2021-09-23,Tech,12,5,1,True,0.8,312,5,0.851728060198
2021-09-23,Utilities,3,2,0.4,True,0.36,58,5,0.849494949495
2021-09-24,Comm,6,3,0.6,True,0.4,229,5,0.808463732367
2021-09-24,Consumer,30,4,0.8,True,0.552147239264,429,5,0.824574923273
2021-09-24,Energy,11,3,0.6,True,0.410169491525,310,5,0.702485380117
2021-09-24,Financials,6,5,1,True,0.9,275,5,0.818585268171
2021-09-24,Healthcare,6,4,0.8,True,0.6,207,5,0.883211377924
2021-09-24,Industrials,7,3,0.6,True,0.576470588235,127,4,0.758119858989
2021-09-24,Materials,3,2,0.4,True,0.36,72,5,0.739514978602
2021-09-24,RealEstate,2,1,0.2,True,0.2,63,5,0.852631578947
2021-09-24,Tech,13,5,1,True,0.913513513514,308,5,0.872232438396
2021-09-24,Utilities,0,0,0,False,,56,5,0.859178082192
2021-09-27,Comm,10,4,0.8,True,0.769230769231,232,5,0.817496962333
2021-09-27,Consumer,33,5,1,True,0.792,443,5,0.822519331922
2021-09-27,Energy,21,5,1,True,0.653333333333,317,5,0.700833420511
2021-09-27,Financials,26,5,1,True,0.92602739726,291,5,0.838135299649
2021-09-27,Healthcare,11,5,1,True,0.834482758621,213,5,0.877288987721
2021-09-27,Industrials,12,4,0.8,True,0.626086956522,134,4,0.757956943858
2021-09-27,Materials,3,2,0.4,True,0.36,74,5,0.733065595716
2021-09-27,RealEstate,5,3,0.6,True,0.555555555556,68,5,0.839201451906
2021-09-27,Tech,22,5,1,True,0.820338983051,318,5,0.879339130435
2021-09-27,Utilities,11,4,0.8,True,0.654054054054,67,5,0.844590780809
2021-09-28,Comm,14,5,1,True,0.784,237,5,0.815994770102
2021-09-28,Consumer,16,5,1,True,0.88275862069,444,5,0.844772026054
2021-09-28,Energy,13,5,1,True,0.965714285714,314,5,0.710499387476
2021-09-28,Financials,17,5,1,True,0.635164835165,295,5,0.837543910303
2021-09-28,Healthcare,17,5,1,True,0.862686567164,221,5,0.876307526689
2021-09-28,Industrials,3,1,0.2,True,0.2,127,4,0.782012121212
2021-09-28,Materials,2,2,0.4,True,0.4,73,5,0.731503088538
2021-09-28,RealEstate,1,1,0.2,True,0.2,66,5,0.847470817121
2021-09-28,Tech,14,5,1,True,0.753846153846,314,5,0.898369020501
2021-09-28,Utilities,4,3,0.6,True,0.533333333333,70,5,0.830508474576
2021-09-29,Comm,7,4,0.8,True,0.753846153846,232,5,0.818118255054
2021-09-29,Consumer,11,4,0.8,True,0.562790697674,434,5,0.844002330062
2021-09-29,Energy,12,3,0.6,True,0.436363636364,312,5,0.70442144873
2021-09-29,Financials,6,2,0.4,True,0.36,299,5,0.831057401813
2021-09-29,Healthcare,11,5,1,True,0.78064516129,223,5,0.8728214129
2021-09-29,Industrials,3,2,0.4,True,0.36,124,4,0.774609571788
2021-09-29,Materials,2,2,0.4,True,0.4,71,5,0.710500352361
2021-09-29,RealEstate,2,1,0.2,True,0.2,65,5,0.854398382204
2021-09-29,Tech,12,4,0.8,True,0.654545454545,304,5,0.908711897738
2021-09-29,Utilities,2,1,0.2,True,0.2,67,5,0.821408966148
2021-09-30,Comm,10,5,1,True,0.714285714286,238,5,0.842916666667
2021-09-30,Consumer,18,5,1,True,0.771428571429,431,5,0.844080427127
2021-09-30,Energy,15,5,1,True,0.918367346939,309,5,0.708394851059
2021-09-30,Financials,20,5,1,True,0.888888888889,308,5,0.825478593804
2021-09-30,Healthcare,12,4,0.8,True,0.576,226,5,0.863937753721
2021-09-30,Industrials,8,4,0.8,True,0.711111111111,127,4,0.784293702893
2021-09-30,Materials,5,3,0.6,True,0.454545454545,72,5,0.72808988764
2021-09-30,RealEstate,2,2,0.4,True,0.4,65,5,0.832512315271
2021-09-30,Tech,16,5,1,True,0.948148148148,310,5,0.921557345608
2021-09-30,Utilities,6,3,0.6,True,0.514285714286,69,5,0.792839300583
2021-10-01,Comm,5,4,0.8,True,0.714285714286,243,5,0.841213761664
2021-10-01,Consumer,16,4,0.8,True,0.609523809524,431,5,0.834487095977
2021-10-01,Energy,6,2,0.4,True,0.36,297,5,0.70277656057
2021-10-01,Financials,10,3,0.6,True,0.526315789474,307,5,0.82123469699
2021-10-01,Healthcare,29,3,0.6,True,0.230095759234,239,5,0.781890356581
2021-10-01,Industrials,2,2,0.4,True,0.4,127,4,0.780120918984
2021-10-01,Materials,1,1,0.2,True,0.2,72,5,0.72808988764
2021-10-01,RealEstate,2,2,0.4,True,0.4,66,5,0.854117647059
2021-10-01,Tech,14,5,1,True,0.784,319,5,0.912204742055
2021-10-01,Utilities,3,3,0.6,True,0.6,67,5,0.813961922031
2021-10-04,Comm,12,5,1,True,0.757894736842,247,5,0.859342207198
2021-10-04,Consumer,28,5,1,True,0.693805309735,445,5,0.831461381815
2021-10-04,Energy,14,3,0.6,True,0.466666666667,276,5,0.682152771559
2021-10-04,Financials,12,4,0.8,True,0.626086956522,299,5,0.803135246822
2021-10-04,Healthcare,32,4,0.8,True,0.319003115265,260,5,0.70726093325
2021-10-04,Industrials,9,4,0.8,True,0.522580645161,132,4,0.769951391958
2021-10-04,Materials,0,0,0,False,,70,5,0.736842105263
2021-10-04,RealEstate,2,2,0.4,True,0.4,68,5,0.842258652095
2021-10-04,Tech,25,5,1,True,0.838926174497,337,5,0.913191010332
2021-10-04,Utilities,4,2,0.4,True,0.32,69,5,0.786292320396
2021-10-05,Comm,10,4,0.8,True,0.384615384615,251,5,0.844121390768
2021-10-05,Consumer,14,5,1,True,0.753846153846,444,5,0.833732290125
2021-10-05,Energy,10,5,1,True,0.769230769231,269,5,0.708137202133
2021-10-05,Financials,18,5,1,True,0.852631578947,307,5,0.818737783955
2021-10-05,Healthcare,16,4,0.8,True,0.449122807018,276,5,0.6915660463
2021-10-05,Industrials,7,4,0.8,True,0.653333333333,130,4,0.773455377574
2021-10-05,Materials,4,3,0.6,True,0.533333333333,74,5,0.74100135318
2021-10-05,RealEstate,1,1,0.2,True,0.2,68,5,0.843795620438
2021-10-05,Tech,13,5,1,True,0.689795918367,339,5,0.915522804222
2021-10-05,Utilities,4,1,0.2,True,0.2,72,5,0.777211394303
2021-10-06,Comm,16,4,0.8,True,0.568888888889,256,5,0.828206748389
2021-10-06,Consumer,27,5,1,True,0.833142857143,445,5,0.834861611754
2021-10-06,Energy,8,3,0.6,True,0.492307692308,258,5,0.70572519084
2021-10-06,Financials,16,4,0.8,True,0.64,304,5,0.817334394623
2021-10-06,Healthcare,13,3,0.6,True,0.371428571429,275,5,0.674711156711
2021-10-06,Industrials,11,3,0.6,True,0.537777777778,131,4,0.771454259384
2021-10-06,Materials,14,3,0.6,True,0.455813953488,85,5,0.711472181192
2021-10-06,RealEstate,3,2,0.4,True,0.36,62,5,0.848565121413
2021-10-06,Tech,18,4,0.8,True,0.635294117647,333,5,0.907327251156
2021-10-06,Utilities,0,0,0,False,,64,5,0.755719557196
2021-10-07,Comm,10,5,1,True,0.714285714286,256,5,0.83326128417
2021-10-07,Consumer,8,4,0.8,True,0.8,431,5,0.84136603483
2021-10-07,Energy,14,5,1,True,0.632258064516,253,5,0.709988353391
2021-10-07,Financials,16,5,1,True,0.752941176471,307,5,0.820448313384
2021-10-07,Healthcare,13,3,0.6,True,0.572881355932,276,5,0.66704028021
2021-10-07,Industrials,1,1,0.2,True,0.2,126,4,0.771053909665
2021-10-07,Materials,3,3,0.6,True,0.6,82,5,0.704083769634
2021-10-07,RealEstate,1,1,0.2,True,0.2,60,5,0.855106888361
2021-10-07,Tech,11,5,1,True,0.78064516129,331,5,0.924214433338
2021-10-07,Utilities,1,1,0.2,True,0.2,63,5,0.755280685062
2021-10-08,Comm,10,2,0.4,True,0.294117647059,240,5,0.806835691273
2021-10-08,Consumer,13,4,0.8,True,0.46301369863,427,5,0.827095193813
2021-10-08,Energy,19,4,0.8,True,0.534814814815,252,5,0.712887292322
2021-10-08,Financials,7,5,1,True,0.890909090909,292,5,0.812579815115
2021-10-08,Healthcare,10,3,0.6,True,0.454545454545,269,5,0.654288168543
2021-10-08,Industrials,3,2,0.4,True,0.36,127,4,0.773387676816
2021-10-08,Materials,5,4,0.8,True,0.714285714286,85,5,0.724310776942
2021-10-08,RealEstate,2,2,0.4,True,0.4,61,5,0.868378063011
2021-10-08,Tech,14,5,1,True,0.753846153846,332,5,0.919682937005
2021-10-08,Utilities,0,0,0,False,,63,5,0.755280685062
2021-10-11,Comm,12,5,1,True,0.626086956522,243,5,0.794042896524
2021-10-11,Consumer,27,5,1,True,0.732663316583,437,5,0.831945805833
2021-10-11,Energy,15,4,0.8,True,0.51724137931,253,5,0.701583821998
2021-10-11,Financials,33,5,1,True,0.78064516129,314,5,0.807700499713
2021-10-11,Healthcare,18,4,0.8,True,0.36404494382,283,5,0.625621997422
2021-10-11,Industrials,4,4,0.8,True,0.8,124,4,0.774609571788
2021-10-11,Materials,6,5,1,True,0.9,89,5,0.743406851244
2021-10-11,RealEstate,5,4,0.8,True,0.714285714286,62,5,0.814406779661
2021-10-11,Tech,5,3,0.6,True,0.454545454545,321,5,0.921201555585
2021-10-11,Utilities,9,5,1,True,0.852631578947,69,5,0.768523002421
2021-10-12,Comm,8,3,0.6,True,0.533333333333,238,5,0.800395647873
2021-10-12,Consumer,15,4,0.8,True,0.494505494505,425,5,0.819179573233
2021-10-12,Energy,9,3,0.6,True,0.558620689655,245,5,0.713182439256
2021-10-12,Financials,11,4,0.8,True,0.691428571429,307,5,0.795316653306
2021-10-12,Healthcare,15,5,1,True,0.671641791045,275,5,0.593719332679
2021-10-12,Industrials,1,1,0.2,True,0.2,118,4,0.780931015143
2021-10-12,Materials,2,1,0.2,True,0.2,83,5,0.757449147883
2021-10-12,RealEstate,1,1,0.2,True,0.2,55,5,0.784695201038
2021-10-12,Tech,23,5,1,True,0.783703703704,322,5,0.912149203836
2021-10-12,Utilities,1,1,0.2,True,0.2,66,5,0.784864864865
2021-10-13,Comm,7,3,0.6,True,0.515789473684,227,5,0.815784057627
2021-10-13,Consumer,13,4,0.8,True,0.689795918367,421,5,0.811041709566
2021-10-13,Energy,8,4,0.8,True,0.711111111111,244,5,0.72410605692
2021-10-13,Financials,29,5,1,True,0.680971659919,325,5,0.801434045298
2021-10-13,Healthcare,9,4,0.8,True,0.522580645161,281,5,0.594608230732
2021-10-13,Industrials,7,4,0.8,True,0.753846153846,120,4,0.77628032345
2021-10-13,Materials,6,3,0.6,True,0.4,86,5,0.709108341323
2021-10-13,RealEstate,3,2,0.4,True,0.36,55,5,0.75719649562
2021-10-13,Tech,21,5,1,True,0.809174311927,332,5,0.931260561
2021-10-13,Utilities,2,2,0.4,True,0.4,65,5,0.747126436782
2021-10-14,Comm,6,3,0.6,True,0.4,222,5,0.804374081932
2021-10-14,Consumer,16,4,0.8,True,0.65641025641,412,5,0.807420444275
2021-10-14,Energy,9,3,0.6,True,0.558620689655,242,5,0.727593489875
2021-10-14,Financials,55,5,1,True,0.649838882922,361,5,0.847478458787
2021-10-14,Healthcare,6,4,0.8,True,0.6,275,5,0.585899670734
2021-10-14,Industrials,5,3,0.6,True,0.555555555556,121,4,0.781895861148
2021-10-14,Materials,3,2,0.4,True,0.36,89,5,0.723048836148
2021-10-14,RealEstate,7,3,0.6,True,0.576470588235,58,5,0.797156398104
2021-10-14,Tech,11,4,0.8,True,0.620512820513,325,5,0.937597088456
2021-10-14,Utilities,2,1,0.2,True,0.2,63,5,0.728925619835
2021-10-15,Comm,5,2,0.4,True,0.384615384615,215,5,0.794858567621
2021-10-15,Consumer,6,3,0.6,True,0.514285714286,403,5,0.800971568071
2021-10-15,Energy,13,5,1,True,0.71914893617,248,5,0.731667856293
2021-10-15,Financials,36,5,1,True,0.586425339367,389,5,0.828634011445
2021-10-15,Healthcare,9,4,0.8,True,0.6,274,5,0.577285659362
2021-10-15,Industrials,5,2,0.4,True,0.294117647059,122,4,0.780902413431
2021-10-15,Materials,2,2,0.4,True,0.4,88,5,0.715711645102
2021-10-15,RealEstate,7,3,0.6,True,0.576470588235,62,5,0.833839479393
2021-10-15,Tech,8,4,0.8,True,0.581818181818,325,5,0.924790964409
2021-10-15,Utilities,3,3,0.6,True,0.6,63,5,0.722292993631
2021-10-18,Comm,7,3,0.6,True,0.466666666667,205,5,0.773157943152
2021-10-18,Consumer,30,4,0.8,True,0.620689655172,419,5,0.788666022776
2021-10-18,Energy,18,5,1,True,0.875675675676,263,5,0.755656306331
2021-10-18,Financials,29,5,1,True,0.728138528139,406,5,0.824592296148
2021-10-18,Healthcare,22,5,1,True,0.864285714286,287,5,0.596855186406
2021-10-18,Industrials,7,4,0.8,True,0.653333333333,127,4,0.784293702893
2021-10-18,Materials,3,2,0.4,True,0.36,85,5,0.751430057202
2021-10-18,RealEstate,1,1,0.2,True,0.2,59,5,0.825860023725
2021-10-18,Tech,37,5,1,True,0.746049046322,352,5,0.918692073849
2021-10-18,Utilities,3,2,0.4,True,0.36,65,5,0.696619950536
2021-10-19,Comm,6,4,0.8,True,0.6,187,5,0.785555430754
2021-10-19,Consumer,29,4,0.8,True,0.530599369085,415,5,0.793828213224
2021-10-19,Energy,10,5,1,True,0.625,259,5,0.747878923017
2021-10-19,Financials,4,3,0.6,True,0.533333333333,390,5,0.82074249946
2021-10-19,Healthcare,14,4,0.8,True,0.56,280,5,0.573392817962
2021-10-19,Industrials,8,3,0.6,True,0.581818181818,124,4,0.773829894313
2021-10-19,Materials,1,1,0.2,True,0.2,75,5,0.786163522013
2021-10-19,RealEstate,2,2,0.4,True,0.4,55,5,0.827633378933
2021-10-19,Tech,16,5,1,True,0.88275862069,344,5,0.918829101638
2021-10-19,Utilities,6,5,1,True,0.9,68,5,0.751869918699
2021-10-20,Comm,6,2,0.4,True,0.4,187,5,0.793757802747
2021-10-20,Consumer,8,4,0.8,True,0.581818181818,398,5,0.795800050239
2021-10-20,Energy,9,3,0.6,True,0.558620689655,259,5,0.726732029684
2021-10-20,Financials,9,4,0.8,True,0.704347826087,381,5,0.827293192375
2021-10-20,Healthcare,21,5,1,True,0.372151898734,298,5,0.6097082046
2021-10-20,Industrials,5,4,0.8,True,0.714285714286,125,4,0.7791074545
2021-10-20,Materials,5,4,0.8,True,0.714285714286,79,5,0.817419777341
2021-10-20,RealEstate,2,2,0.4,True,0.4,55,5,0.853314527504
2021-10-20,Tech,9,5,1,True,0.852631578947,331,5,0.91948302631
2021-10-20,Utilities,7,3,0.6,True,0.362962962963,73,5,0.754281670205
2021-10-21,Comm,25,5,1,True,0.536480686695,201,5,0.771085027197
2021-10-21,Consumer,29,5,1,True,0.789671361502,412,5,0.802154907613
2021-10-21,Energy,10,4,0.8,True,0.666666666667,255,5,0.711005412498
2021-10-21,Financials,16,5,1,True,0.691891891892,385,5,0.834107087589
2021-10-21,Healthcare,11,5,1,True,0.78064516129,303,5,0.610452475149
2021-10-21,Industrials,11,4,0.8,True,0.620512820513,129,4,0.77418004187
2021-10-21,Materials,13,4,0.8,True,0.59298245614,84,5,0.784
2021-10-21,RealEstate,4,3,0.6,True,0.533333333333,56,5,0.856830601093
2021-10-21,Tech,27,5,1,True,0.755440414508,341,5,0.904242000078
2021-10-21,Utilities,0,0,0,False,,71,5,0.772567049808
2021-10-22,Comm,10,4,0.8,True,0.47619047619,202,5,0.744598540146
2021-10-22,Consumer,15,5,1,True,0.714285714286,402,5,0.79525613897
2021-10-22,Energy,19,5,1,True,0.776344086022,263,5,0.733693980377
2021-10-22,Financials,10,4,0.8,True,0.555555555556,386,5,0.829183593967
2021-10-22,Healthcare,8,4,0.8,True,0.457142857143,303,5,0.594521612433
2021-10-22,Industrials,4,3,0.6,True,0.533333333333,123,4,0.770904458599
2021-10-22,Materials,3,3,0.6,True,0.6,86,5,0.803040173724
2021-10-22,RealEstate,1,1,0.2,True,0.2,56,5,0.823097112861
2021-10-22,Tech,26,3,0.6,True,0.323444976077,355,5,0.879418024493
2021-10-22,Utilities,2,2,0.4,True,0.4,70,5,0.781499202552
2021-10-25,Comm,8,4,0.8,True,0.457142857143,204,5,0.740893715506
2021-10-25,Consumer,23,5,1,True,0.673885350318,395,5,0.777655942383
2021-10-25,Energy,18,4,0.8,True,0.589090909091,270,5,0.741456468674
2021-10-25,Financials,18,5,1,True,0.689361702128,398,5,0.821171591498
2021-10-25,Healthcare,16,4,0.8,True,0.522448979592,313,5,0.590405881821
2021-10-25,Industrials,11,4,0.8,True,0.733333333333,127,4,0.764226486615
2021-10-25,Materials,4,3,0.6,True,0.533333333333,87,5,0.821378187737
2021-10-25,RealEstate,2,1,0.2,True,0.2,56,5,0.782044887781
2021-10-25,Tech,15,4,0.8,True,0.652173913043,357,5,0.868092497361
2021-10-25,Utilities,4,2,0.4,True,0.32,74,5,0.769101123596
2021-10-26,Comm,12,5,1,True,0.514285714286,206,5,0.705737568601
2021-10-26,Consumer,17,5,1,True,0.91746031746,379,5,0.780678822794
2021-10-26,Energy,12,3,0.6,True,0.436363636364,261,5,0.742584618739
2021-10-26,Financials,15,4,0.8,True,0.692307692308,387,5,0.819417316373
2021-10-26,Healthcare,6,3,0.6,True,0.4,308,5,0.581702232033
2021-10-26,Industrials,37,4,0.8,True,0.562217659138,152,4,0.747460368813
2021-10-26,Materials,3,2,0.4,True,0.36,87,5,0.849018508132
2021-10-26,RealEstate,2,2,0.4,True,0.4,53,5,0.801426533524
2021-10-26,Tech,31,5,1,True,0.778137651822,366,5,0.855020105955
2021-10-26,Utilities,2,2,0.4,True,0.4,65,5,0.78898225957
2021-10-27,Comm,3,2,0.4,True,0.36,195,5,0.705800464037
2021-10-27,Consumer,16,5,1,True,0.624390243902,379,5,0.797318975327
2021-10-27,Energy,16,5,1,True,0.691891891892,264,5,0.72149068323
2021-10-27,Financials,23,4,0.8,True,0.633532934132,393,5,0.829056066991
2021-10-27,Healthcare,12,4,0.8,True,0.496551724138,303,5,0.561677525925
2021-10-27,Industrials,12,4,0.8,True,0.8,161,4,0.753407934893
2021-10-27,Materials,2,2,0.4,True,0.4,87,5,0.852845070423
2021-10-27,RealEstate,3,2,0.4,True,0.36,55,5,0.827633378933
2021-10-27,Tech,22,4,0.8,True,0.768253968254,374,5,0.84440688198
2021-10-27,Utilities,4,3,0.6,True,0.533333333333,65,5,0.78898225957
2021-10-28,Comm,11,4,0.8,True,0.537777777778,199,5,0.709250470135
2021-10-28,Consumer,19,4,0.8,True,0.627826086957,387,5,0.819506990233
2021-10-28,Energy,19,4,0.8,True,0.617094017094,271,5,0.731884996761
2021-10-28,Financials,6,2,0.4,True,0.36,393,5,0.842257668712
2021-10-28,Healthcare,26,5,1,True,0.603571428571,318,5,0.558819628647
2021-10-28,Industrials,22,4,0.8,True,0.58313253012,180,4,0.781287677839
2021-10-28,Materials,5,2,0.4,True,0.384615384615,90,5,0.855332629356
2021-10-28,RealEstate,6,3,0.6,True,0.4,59,5,0.871339173967
2021-10-28,Tech,12,5,1,True,0.96,374,5,0.857714005396
2021-10-28,Utilities,4,2,0.4,True,0.4,67,5,0.774633304573
2021-10-29,Comm,12,4,0.8,True,0.685714285714,201,5,0.717793373012
2021-10-29,Consumer,28,4,0.8,True,0.519205298013,397,5,0.829936020642
2021-10-29,Energy,24,5,1,True,0.505263157895,280,5,0.698814511097
2021-10-29,Financials,14,4,0.8,True,0.593939393939,387,5,0.837798226722
2021-10-29,Healthcare,30,4,0.8,True,0.502793296089,336,5,0.590614700497
2021-10-29,Industrials,11,3,0.6,True,0.49387755102,183,4,0.790860786397
2021-10-29,Materials,1,1,0.2,True,0.2,86,5,0.865029239766
2021-10-29,RealEstate,6,3,0.6,True,0.514285714286,63,5,0.884949832776
2021-10-29,Tech,13,4,0.8,True,0.614545454545,371,5,0.848980724749
2021-10-29,Utilities,1,1,0.2,True,0.2,62,5,0.78609406953
2021-11-01,Comm,6,3,0.6,True,0.4,202,5,0.711490845684
2021-11-01,Consumer,17,5,1,True,0.635164835165,398,5,0.854897727886
2021-11-01,Energy,20,4,0.8,True,0.579710144928,294,5,0.697908760597
2021-11-01,Financials,14,4,0.8,True,0.725925925926,391,5,0.838830210419
2021-11-01,Healthcare,11,5,1,True,0.654054054054,318,5,0.645293854891
2021-11-01,Industrials,3,1,0.2,True,0.2,184,4,0.787531984182
2021-11-01,Materials,4,3,0.6,True,0.533333333333,89,5,0.870918086861
2021-11-01,RealEstate,5,3,0.6,True,0.454545454545,66,5,0.857480314961
2021-11-01,Tech,15,5,1,True,0.882352941176,372,5,0.84262315046
2021-11-01,Utilities,3,3,0.6,True,0.6,62,5,0.795859213251
2021-11-02,Comm,15,5,1,True,0.918367346939,205,5,0.730551933942
2021-11-02,Consumer,24,5,1,True,0.993103448276,394,5,0.871378052203
2021-11-02,Energy,21,3,0.6,True,0.576470588235,301,5,0.705862646566
2021-11-02,Financials,15,4,0.8,True,0.616438356164,394,5,0.833168741949
2021-11-02,Healthcare,14,4,0.8,True,0.502564102564,300,5,0.715421303657
2021-11-02,Industrials,4,3,0.6,True,0.533333333333,179,4,0.786958123542
2021-11-02,Materials,15,4,0.8,True,0.354330708661,104,5,0.954633715799
2021-11-02,RealEstate,4,2,0.4,True,0.32,68,5,0.889230769231
2021-11-02,Tech,19,5,1,True,0.700970873786,366,5,0.836754325692
2021-11-02,Utilities,3,2,0.4,True,0.36,61,5,0.808034744843
2021-11-03,Comm,26,5,1,True,0.795294117647,221,5,0.812054202344
2021-11-03,Consumer,20,5,1,True,0.78431372549,400,5,0.882661223589
2021-11-03,Energy,8,2,0.4,True,0.376470588235,299,5,0.681903817551
2021-11-03,Financials,9,3,0.6,True,0.558620689655,385,5,0.817049306838
2021-11-03,Healthcare,10,4,0.8,True,0.714285714286,294,5,0.738958707361
2021-11-03,Industrials,6,3,0.6,True,0.6,178,4,0.784840227892
2021-11-03,Materials,0,0,0,False,,100,5,0.949667616334
2021-11-03,RealEstate,2,1,0.2,True,0.2,69,5,0.875988960442
2021-11-03,Tech,20,5,1,True,0.909090909091,373,5,0.84589755282
2021-11-03,Utilities,4,3,0.6,True,0.533333333333,61,5,0.799355531686
2021-11-04,Comm,20,5,1,True,0.833333333333,225,5,0.84919902709
2021-11-04,Consumer,11,5,1,True,0.896296296296,384,5,0.882336045955
2021-11-04,Energy,13,4,0.8,True,0.662745098039,304,5,0.697584541063
2021-11-04,Financials,13,5,1,True,0.824390243902,382,5,0.828266545578
2021-11-04,Healthcare,16,4,0.8,True,0.387878787879,297,5,0.736394373252
2021-11-04,Industrials,3,2,0.4,True,0.36,170,4,0.78553954879
2021-11-04,Materials,2,2,0.4,True,0.4,88,5,0.98524173028
2021-11-04,RealEstate,5,3,0.6,True,0.454545454545,71,5,0.829794238683
2021-11-04,Tech,43,5,1,True,0.663913824057,398,5,0.875256934468
2021-11-04,Utilities,8,3,0.6,True,0.533333333333,69,5,0.863281958296
2021-11-05,Comm,8,4,0.8,True,0.711111111111,223,5,0.857174868568
2021-11-05,Consumer,13,5,1,True,0.824390243902,389,5,0.883703682074
2021-11-05,Energy,10,3,0.6,True,0.588235294118,300,5,0.699083423955
2021-11-05,Financials,7,3,0.6,True,0.515789473684,373,5,0.823078060757
2021-11-05,Healthcare,21,3,0.6,True,0.268085106383,305,5,0.688997518794
2021-11-05,Industrials,4,2,0.4,True,0.32,173,4,0.78833135783
2021-11-05,Materials,4,3,0.6,True,0.533333333333,89,5,0.97729796422
2021-11-05,RealEstate,0,0,0,False,,70,5,0.820770519263
2021-11-05,Tech,12,5,1,True,0.6,399,5,0.876729906105
2021-11-05,Utilities,4,2,0.4,True,0.32,72,5,0.866889632107
2021-11-08,Comm,7,5,1,True,0.753846153846,220,5,0.851662854126
2021-11-08,Consumer,20,5,1,True,0.615384615385,396,5,0.884068102379
2021-11-08,Energy,17,5,1,True,0.502608695652,298,5,0.701619657107
2021-11-08,Financials,23,4,0.8,True,0.657142857143,389,5,0.811046496047
2021-11-08,Healthcare,23,5,1,True,0.52118226601,318,5,0.682302138857
2021-11-08,Industrials,13,4,0.8,True,0.637735849057,183,4,0.78899752621
2021-11-08,Materials,6,2,0.4,True,0.276923076923,90,5,0.933179723502
2021-11-08,RealEstate,5,3,0.6,True,0.555555555556,73,5,0.82556158017
2021-11-08,Tech,29,5,1,True,0.634716981132,414,5,0.877289246046
2021-11-08,Utilities,4,3,0.6,True,0.533333333333,76,5,0.879147640791
2021-11-09,Comm,8,4,0.8,True,0.64,216,5,0.874198988196
2021-11-09,Consumer,9,4,0.8,True,0.704347826087,378,5,0.889190366544
2021-11-09,Energy,11,4,0.8,True,0.620512820513,294,5,0.704679602152
2021-11-09,Financials,13,4,0.8,True,0.637735849057,369,5,0.805567223783
2021-11-09,Healthcare,11,3,0.6,True,0.350724637681,311,5,0.691382822831
2021-11-09,Industrials,22,4,0.8,True,0.358518518519,201,4,0.760775821486
2021-11-09,Materials,1,1,0.2,True,0.2,85,5,0.923322683706
2021-11-09,RealEstate,3,2,0.4,True,0.36,71,5,0.824366312347
2021-11-09,Tech,16,4,0.8,True,0.449122807018,425,5,0.866993064055
2021-11-09,Utilities,5,4,0.8,True,0.714285714286,72,5,0.874198988196
2021-11-10,Comm,5,3,0.6,True,0.454545454545,213,5,0.863267053563
2021-11-10,Consumer,26,5,1,True,0.603571428571,389,5,0.898554080936
2021-11-10,Energy,11,3,0.6,True,0.456603773585,296,5,0.69542027145
2021-11-10,Financials,17,3,0.6,True,0.550476190476,375,5,0.801944626615
2021-11-10,Healthcare,8,4,0.8,True,0.711111111111,304,5,0.695641701167
2021-11-10,Industrials,16,4,0.8,True,0.595348837209,216,4,0.75045842046
2021-11-10,Materials,3,1,0.2,True,0.2,86,5,0.913086419753
2021-11-10,RealEstate,0,0,0,False,,70,5,0.818030050083
2021-11-10,Tech,21,5,1,True,0.741176470588,423,5,0.869494861141
2021-11-10,Utilities,3,2,0.4,True,0.36,74,5,0.896235679214
2021-11-11,Comm,9,4,0.8,True,0.704347826087,215,5,0.874893536481
2021-11-11,Consumer,35,5,1,True,0.367316341829,411,5,0.866505937572
2021-11-11,Energy,8,5,1,True,0.8,296,5,0.692288242731
2021-11-11,Financials,14,5,1,True,0.784,360,5,0.798570460287
2021-11-11,Healthcare,10,5,1,True,0.833333333333,305,5,0.710467025623
2021-11-11,Industrials,8,4,0.8,True,0.581818181818,217,4,0.755176008339
2021-11-11,Materials,2,1,0.2,True,0.2,82,5,0.912347354138
2021-11-11,RealEstate,4,3,0.6,True,0.533333333333,71,5,0.850801687764
2021-11-11,Tech,16,4,0.8,True,0.387878787879,418,5,0.846736127938
2021-11-11,Utilities,4,3,0.6,True,0.533333333333,76,5,0.909606299213
2021-11-12,Comm,9,4,0.8,True,0.704347826087,218,5,0.893476217334
2021-11-12,Consumer,17,5,1,True,0.635164835165,412,5,0.860203719657
2021-11-12,Energy,0,0,0,False,,287,5,0.691334088715
2021-11-12,Financials,3,1,0.2,True,0.2,308,5,0.739449684309
2021-11-12,Healthcare,8,4,0.8,True,0.581818181818,307,5,0.722242231503
2021-11-12,Industrials,5,4,0.8,True,0.714285714286,217,4,0.750721402949
2021-11-12,Materials,5,3,0.6,True,0.454545454545,84,5,0.901149425287
2021-11-12,RealEstate,2,2,0.4,True,0.4,66,5,0.866003976143
2021-11-12,Tech,9,4,0.8,True,0.648,416,5,0.849354601227
2021-11-12,Utilities,1,1,0.2,True,0.2,75,5,0.918367346939
2021-11-15,Comm,12,5,1,True,0.757894736842,225,5,0.895779881447
2021-11-15,Consumer,32,5,1,True,0.497087378641,438,5,0.855415347572
2021-11-15,Energy,12,4,0.8,True,0.533333333333,286,5,0.684657236126
2021-11-15,Financials,15,4,0.8,True,0.633802816901,287,5,0.747484005626
2021-11-15,Healthcare,14,4,0.8,True,0.593939393939,312,5,0.722350845948
2021-11-15,Industrials,9,4,0.8,True,0.6,221,4,0.756462479672
2021-11-15,Materials,2,2,0.4,True,0.4,84,5,0.904615384615
2021-11-15,RealEstate,15,3,0.6,True,0.398230088496,74,5,0.85696400626
2021-11-15,Tech,19,4,0.8,True,0.448447204969,427,5,0.842769650327
2021-11-15,Utilities,4,3,0.6,True,0.533333333333,76,5,0.921212121212
2021-11-16,Comm,11,4,0.8,True,0.44,229,5,0.88396123051
2021-11-16,Consumer,34,4,0.8,True,0.386622073579,442,5,0.84081773187
2021-11-16,Energy,9,2,0.4,True,0.39512195122,277,5,0.653207338356
2021-11-16,Financials,13,5,1,True,0.71914893617,271,5,0.749054005814
2021-11-16,Healthcare,8,3,0.6,True,0.426666666667,298,5,0.700015765411
2021-11-16,Industrials,11,4,0.8,True,0.562790697674,225,4,0.749722325065
2021-11-16,Materials,6,4,0.8,True,0.72,87,5,0.899465240642
2021-11-16,RealEstate,2,1,0.2,True,0.2,75,5,0.843960990248
2021-11-16,Tech,23,2,0.4,True,0.399245283019,413,5,0.829878122947
2021-11-16,Utilities,2,2,0.4,True,0.4,75,5,0.930521091811
2021-11-17,Comm,8,3,0.6,True,0.426666666667,231,5,0.873696275072
2021-11-17,Consumer,30,5,1,True,0.604026845638,443,5,0.843265656891
2021-11-17,Energy,13,2,0.4,True,0.397647058824,280,5,0.638228590036
2021-11-17,Financials,30,5,1,True,0.432692307692,297,5,0.7397911687
2021-11-17,Healthcare,10,3,0.6,True,0.588235294118,294,5,0.708375676119
2021-11-17,Industrials,10,4,0.8,True,0.714285714286,227,4,0.748913596396
2021-11-17,Materials,3,2,0.4,True,0.36,89,5,0.906811677161
2021-11-17,RealEstate,4,1,0.2,True,0.2,77,5,0.82062283737
2021-11-17,Tech,23,3,0.6,True,0.344625407166,420,5,0.806510607169
2021-11-17,Utilities,2,2,0.4,True,0.4,71,5,0.904215246637
2021-11-18,Comm,13,5,1,True,0.689795918367,238,5,0.868639779175
2021-11-18,Consumer,29,5,1,True,0.625278810409,464,5,0.836458292863
2021-11-18,Energy,8,5,1,True,0.8,279,5,0.653878785333
2021-11-18,Financials,14,5,1,True,0.632258064516,302,5,0.747757645323
2021-11-18,Healthcare,10,4,0.8,True,0.769230769231,283,5,0.673497876635
2021-11-18,Industrials,3,2,0.4,True,0.36,225,4,0.742356477748
2021-11-18,Materials,1,1,0.2,True,0.2,85,5,0.890326555761
2021-11-18,RealEstate,4,3,0.6,True,0.533333333333,79,5,0.82172481896
2021-11-18,Tech,37,3,0.6,True,0.307295173962,448,5,0.754753309266
2021-11-18,Utilities,3,3,0.6,True,0.6,67,5,0.930362694301
2021-11-19,Comm,9,4,0.8,True,0.522580645161,222,5,0.886881410833
2021-11-19,Consumer,21,5,1,True,0.928421052632,456,5,0.847853211009
2021-11-19,Energy,14,3,0.6,True,0.455813953488,283,5,0.644087015964
2021-11-19,Financials,21,5,1,True,0.909278350515,307,5,0.76454268911
2021-11-19,Healthcare,7,4,0.8,True,0.653333333333,279,5,0.666019251337
2021-11-19,Industrials,3,2,0.4,True,0.36,217,4,0.732731657979
2021-11-19,Materials,2,1,0.2,True,0.2,74,5,0.870588235294
2021-11-19,RealEstate,0,0,0,False,,75,5,0.797306874557
2021-11-19,Tech,26,4,0.8,True,0.357671957672,447,5,0.719060728745
2021-11-19,Utilities,2,2,0.4,True,0.4,69,5,0.921781219748
2021-11-22,Comm,7,2,0.4,True,0.392,219,5,0.901946403385
2021-11-22,Consumer,26,5,1,True,0.938888888889,467,5,0.858702628211
2021-11-22,Energy,7,2,0.4,True,0.392,271,5,0.608081142621
2021-11-22,Financials,18,4,0.8,True,0.611320754717,315,5,0.775286166348
2021-11-22,Healthcare,14,4,0.8,True,0.56,285,5,0.668380991566
2021-11-22,Industrials,7,4,0.8,True,0.515789473684,220,4,0.723792433079
2021-11-22,Materials,9,5,1,True,0.704347826087,80,5,0.859060402685
2021-11-22,RealEstate,8,4,0.8,True,0.64,82,5,0.821001221001
2021-11-22,Tech,31,5,1,True,0.817872340426,452,5,0.710054565044
2021-11-22,Utilities,6,3,0.6,True,0.514285714286,73,5,0.913281919452
2021-11-23,Comm,11,5,1,True,0.691428571429,222,5,0.906455766047
2021-11-23,Consumer,13,4,0.8,True,0.662745098039,457,5,0.854695013403
2021-11-23,Energy,13,4,0.8,True,0.662745098039,266,5,0.624336009883
2021-11-23,Financials,17,4,0.8,True,0.59587628866,314,5,0.775918784922
2021-11-23,Healthcare,10,4,0.8,True,0.47619047619,279,5,0.667332504608
2021-11-23,Industrials,3,2,0.4,True,0.36,212,4,0.707445301432
2021-11-23,Materials,2,2,0.4,True,0.4,78,5,0.834567901235
2021-11-23,RealEstate,0,0,0,False,,80,5,0.825806451613
2021-11-23,Tech,11,5,1,True,0.691428571429,448,5,0.701026894866
2021-11-23,Utilities,1,1,0.2,True,0.2,70,5,0.912476722533
2021-11-24,Comm,7,4,0.8,True,0.515789473684,217,5,0.913728534006
2021-11-24,Consumer,9,4,0.8,True,0.704347826087,449,5,0.852489587077
2021-11-24,Energy,5,3,0.6,True,0.454545454545,259,5,0.627130369747
2021-11-24,Financials,13,4,0.8,True,0.614545454545,312,5,0.770248457034
2021-11-24,Healthcare,4,3,0.6,True,0.533333333333,277,5,0.661827748307
2021-11-24,Industrials,4,3,0.6,True,0.533333333333,179,4,0.710995229114
2021-11-24,Materials,3,3,0.6,True,0.6,78,5,0.797378768021
2021-11-24,RealEstate,1,1,0.2,True,0.2,79,5,0.836034829203
2021-11-24,Tech,21,4,0.8,True,0.643795620438,438,5,0.693804925681
2021-11-24,Utilities,1,1,0.2,True,0.2,69,5,0.909455587393
2021-11-26,Comm,7,5,1,True,0.753846153846,221,5,0.902540885152
2021-11-26,Consumer,18,5,1,True,0.830769230769,451,5,0.831073157776
2021-11-26,Energy,14,4,0.8,True,0.593939393939,257,5,0.62044056174
2021-11-26,Financials,15,5,1,True,0.818181818182,304,5,0.781002281754
2021-11-26,Healthcare,5,3,0.6,True,0.454545454545,270,5,0.667154754278
2021-11-26,Industrials,5,2,0.4,True,0.294117647059,172,4,0.689603729604
2021-11-26,Materials,2,2,0.4,True,0.4,78,5,0.8112
2021-11-26,RealEstate,2,1,0.2,True,0.2,78,5,0.835714285714
2021-11-26,Tech,8,3,0.6,True,0.426666666667,424,5,0.671332013891
2021-11-26,Utilities,0,0,0,False,,65,5,0.917480998914
2021-11-29,Comm,5,3,0.6,True,0.555555555556,215,5,0.888003073672
2021-11-29,Consumer,23,5,1,True,0.649079754601,455,5,0.81810278398
2021-11-29,Energy,10,4,0.8,True,0.666666666667,248,5,0.62497713647
2021-11-29,Financials,16,4,0.8,True,0.65641025641,314,5,0.7750039302
2021-11-29,Healthcare,19,4,0.8,True,0.394535519126,263,5,0.653246446617
2021-11-29,Industrials,5,4,0.8,True,0.714285714286,155,4,0.674764780227
2021-11-29,Materials,3,2,0.4,True,0.36,76,5,0.801109570042
2021-11-29,RealEstate,6,4,0.8,True,0.6,78,5,0.830013642565
2021-11-29,Tech,31,5,1,True,0.839301310044,443,5,0.685143226212
2021-11-29,Utilities,4,1,0.2,True,0.2,65,5,0.875647668394
2021-11-30,Comm,14,3,0.6,True,0.311111111111,217,5,0.83306501548
2021-11-30,Consumer,17,4,0.8,True,0.520720720721,444,5,0.79567323216
2021-11-30,Energy,11,4,0.8,True,0.654054054054,235,5,0.641442592485
2021-11-30,Financials,13,4,0.8,True,0.71914893617,313,5,0.78140777667
2021-11-30,Healthcare,10,3,0.6,True,0.37037037037,243,5,0.607094021488
2021-11-30,Industrials,5,2,0.4,True,0.384615384615,149,4,0.659468290509
2021-11-30,Materials,3,2,0.4,True,0.36,78,5,0.821052631579
2021-11-30,RealEstate,5,5,1,True,1,77,5,0.842786069652
2021-11-30,Tech,23,5,1,True,0.761151079137,453,5,0.675640793481
2021-11-30,Utilities,4,2,0.4,True,0.4,68,5,0.867542213884
2021-12-01,Comm,8,4,0.8,True,0.711111111111,219,5,0.850749445676
2021-12-01,Consumer,21,5,1,True,0.634532374101,448,5,0.779402741641
2021-12-01,Energy,11,5,1,True,0.562790697674,226,5,0.648419449029
2021-12-01,Financials,8,4,0.8,True,0.581818181818,307,5,0.774850988613
2021-12-01,Healthcare,17,4,0.8,True,0.372903225806,249,5,0.58461175805
2021-12-01,Industrials,4,3,0.6,True,0.533333333333,150,4,0.678323786554
2021-12-01,Materials,3,1,0.2,True,0.2,77,5,0.847605432452
2021-12-01,RealEstate,2,2,0.4,True,0.4,74,5,0.828441754917
2021-12-01,Tech,8,5,1,True,0.64,446,5,0.665070714501
2021-12-01,Utilities,4,3,0.6,True,0.533333333333,69,5,0.863281958296
2021-12-02,Comm,6,5,1,True,0.9,210,5,0.847913862719
2021-12-02,Consumer,17,4,0.8,True,0.68,441,5,0.761401585593
2021-12-02,Energy,25,5,1,True,0.766871165644,230,5,0.663988954437
2021-12-02,Financials,17,5,1,True,0.635164835165,309,5,0.773282040899
2021-12-02,Healthcare,12,4,0.8,True,0.654545454545,247,5,0.566392795804
2021-12-02,Industrials,5,3,0.6,True,0.555555555556,151,4,0.680728466935
2021-12-02,Materials,5,3,0.6,True,0.454545454545,67,5,0.811020776874
2021-12-02,RealEstate,4,2,0.4,True,0.32,74,5,0.792474674385
2021-12-02,Tech,24,5,1,True,0.662068965517,451,5,0.657797972285
2021-12-02,Utilities,1,1,0.2,True,0.2,67,5,0.872497570457
2021-12-03,Comm,6,2,0.4,True,0.4,190,5,0.800266016404
2021-12-03,Consumer,16,4,0.8,True,0.624390243902,437,5,0.753552333037
2021-12-03,Energy,7,2,0.4,True,0.392,229,5,0.666044325903
2021-12-03,Financials,10,4,0.8,True,0.555555555556,310,5,0.78015911674
2021-12-03,Healthcare,8,4,0.8,True,0.581818181818,245,5,0.555555555556
2021-12-03,Industrials,4,3,0.6,True,0.533333333333,149,4,0.682163158703
2021-12-03,Materials,7,2,0.4,True,0.264864864865,74,5,0.743012211669
2021-12-03,RealEstate,4,3,0.6,True,0.533333333333,76,5,0.81581920904
2021-12-03,Tech,28,4,0.8,True,0.493081761006,459,5,0.632647178055
2021-12-03,Utilities,3,2,0.4,True,0.36,66,5,0.876458752515
2021-12-06,Comm,12,4,0.8,True,0.342857142857,182,5,0.722758018765
2021-12-06,Consumer,27,5,1,True,0.631168831169,453,5,0.74471158208
2021-12-06,Energy,24,5,1,True,0.811267605634,240,5,0.67070330694
2021-12-06,Financials,21,4,0.8,True,0.616783216783,318,5,0.775134140733
2021-12-06,Healthcare,19,5,1,True,0.627826086957,248,5,0.574427944335
2021-12-06,Industrials,8,2,0.4,True,0.376470588235,154,4,0.709422674245
2021-12-06,Materials,3,2,0.4,True,0.36,75,5,0.708884688091
2021-12-06,RealEstate,4,3,0.6,True,0.533333333333,75,5,0.845229151014
2021-12-06,Tech,44,5,1,True,0.71970260223,460,5,0.615348823683
2021-12-06,Utilities,3,3,0.6,True,0.6,61,5,0.846643913538
2021-12-07,Comm,9,4,0.8,True,0.704347826087,183,5,0.718416818621
2021-12-07,Consumer,14,5,1,True,0.725925925926,454,5,0.744342927305
2021-12-07,Energy,14,4,0.8,True,0.725925925926,244,5,0.673103448276
2021-12-07,Financials,21,5,1,True,0.717073170732,332,5,0.782952123881
2021-12-07,Healthcare,13,3,0.6,True,0.379775280899,240,5,0.601378158279
2021-12-07,Industrials,6,4,0.8,True,0.72,156,4,0.702743286168
2021-12-07,Materials,2,1,0.2,True,0.2,73,5,0.72651670075
2021-12-07,RealEstate,4,3,0.6,True,0.533333333333,79,5,0.87963354475
2021-12-07,Tech,43,5,1,True,0.691214953271,491,5,0.643062724229
2021-12-07,Utilities,3,2,0.4,True,0.36,60,5,0.805369127517
2021-12-08,Comm,9,4,0.8,True,0.648,185,5,0.71743003878
2021-12-08,Consumer,14,4,0.8,True,0.653333333333,448,5,0.74373378789
2021-12-08,Energy,16,4,0.8,True,0.568888888889,243,5,0.689865062212
2021-12-08,Financials,13,5,1,True,0.637735849057,322,5,0.793479758169
2021-12-08,Healthcare,5,3,0.6,True,0.454545454545,222,5,0.618834756404
2021-12-08,Industrials,6,3,0.6,True,0.4,149,4,0.675110232629
2021-12-08,Materials,2,2,0.4,True,0.4,69,5,0.781132075472
2021-12-08,RealEstate,5,4,0.8,True,0.714285714286,79,5,0.866204024983
2021-12-08,Tech,15,4,0.8,True,0.6,477,5,0.637380768961
2021-12-08,Utilities,1,1,0.2,True,0.2,57,5,0.770818505338
2021-12-09,Comm,7,3,0.6,True,0.466666666667,184,5,0.686316643016
2021-12-09,Consumer,20,5,1,True,0.851063829787,459,5,0.753333452524
2021-12-09,Energy,11,4,0.8,True,0.733333333333,243,5,0.696702259454
2021-12-09,Financials,19,5,1,True,0.793406593407,328,5,0.796977553893
2021-12-09,Healthcare,6,4,0.8,True,0.72,217,5,0.648474833023
2021-12-09,Industrials,4,3,0.6,True,0.533333333333,131,4,0.732280776616
2021-12-09,Materials,7,5,1,True,0.890909090909,75,5,0.814627081825
2021-12-09,RealEstate,2,2,0.4,True,0.4,78,5,0.881739130435
2021-12-09,Tech,27,5,1,True,0.732663316583,488,5,0.650577789919
2021-12-09,Utilities,0,0,0,False,,52,5,0.742857142857
2021-12-10,Comm,9,5,1,True,0.852631578947,188,5,0.702943516309
2021-12-10,Consumer,8,4,0.8,True,0.711111111111,441,5,0.755838401897
2021-12-10,Energy,8,3,0.6,True,0.426666666667,240,5,0.700303951368
2021-12-10,Financials,10,4,0.8,True,0.588235294118,321,5,0.797994191675
2021-12-10,Healthcare,13,5,1,True,0.866666666667,222,5,0.658173076923
2021-12-10,Industrials,4,2,0.4,True,0.32,119,4,0.735445338873
2021-12-10,Materials,1,1,0.2,True,0.2,73,5,0.801956358164
2021-12-10,RealEstate,4,4,0.8,True,0.8,82,5,0.883574244415
2021-12-10,Tech,16,3,0.6,True,0.371014492754,483,5,0.635604233929
2021-12-10,Utilities,1,1,0.2,True,0.2,50,5,0.720461095101
2021-12-13,Comm,9,5,1,True,0.704347826087,188,5,0.684298160697
2021-12-13,Consumer,21,5,1,True,0.794594594595,427,5,0.774763634818
2021-12-13,Energy,12,4,0.8,True,0.48,244,5,0.690993500464
2021-12-13,Financials,19,5,1,True,0.869879518072,326,5,0.804572639867
2021-12-13,Healthcare,18,5,1,True,0.830769230769,230,5,0.663988954437
2021-12-13,Industrials,10,3,0.6,True,0.588235294118,121,4,0.719636274269
2021-12-13,Materials,2,1,0.2,True,0.2,73,5,0.801956358164
2021-12-13,RealEstate,10,5,1,True,0.909090909091,88,5,0.895260115607
2021-12-13,Tech,35,5,1,True,0.90405904059,502,5,0.673141544461
2021-12-13,Utilities,4,2,0.4,True,0.32,50,5,0.675675675676
2021-12-14,Comm,5,3,0.6,True,0.454545454545,184,5,0.660476004682
2021-12-14,Consumer,20,5,1,True,0.909090909091,430,5,0.792711682744
2021-12-14,Energy,4,3,0.6,True,0.533333333333,248,5,0.689893438026
2021-12-14,Financials,11,4,0.8,True,0.514893617021,334,5,0.805516643801
2021-12-14,Healthcare,12,5,1,True,0.757894736842,234,5,0.658045907944
2021-12-14,Industrials,9,4,0.8,True,0.771428571429,125,5,0.753920386007
2021-12-14,Materials,6,3,0.6,True,0.4,74,5,0.793623188406
2021-12-14,RealEstate,4,3,0.6,True,0.533333333333,90,5,0.912162162162
2021-12-14,Tech,19,5,1,True,0.729292929293,512,5,0.690125049362
2021-12-14,Utilities,3,3,0.6,True,0.6,52,5,0.679396984925
2021-12-15,Comm,8,3,0.6,True,0.426666666667,180,5,0.617142857143
2021-12-15,Consumer,18,5,1,True,0.981818181818,416,5,0.81769041769
2021-12-15,Energy,5,3,0.6,True,0.555555555556,241,5,0.694458061816
2021-12-15,Financials,14,4,0.8,True,0.725925925926,333,5,0.800787145694
2021-12-15,Healthcare,9,4,0.8,True,0.648,229,5,0.673226779639
2021-12-15,Industrials,14,4,0.8,True,0.435555555556,130,5,0.848819688599
2021-12-15,Materials,6,3,0.6,True,0.4,78,5,0.765283018868
2021-12-15,RealEstate,4,3,0.6,True,0.533333333333,79,5,0.932188200149
2021-12-15,Tech,25,5,1,True,0.757575757576,518,5,0.707418929607
2021-12-15,Utilities,3,3,0.6,True,0.6,51,5,0.678226857888
2021-12-16,Comm,13,5,1,True,0.476056338028,182,5,0.616719419103
2021-12-16,Consumer,10,4,0.8,True,0.666666666667,392,5,0.8516543812
2021-12-16,Energy,5,4,0.8,True,0.714285714286,237,5,0.711225071225
2021-12-16,Financials,24,4,0.8,True,0.693975903614,344,5,0.795482656628
2021-12-16,Healthcare,14,5,1,True,0.784,235,5,0.701759959337
2021-12-16,Industrials,19,5,1,True,0.744329896907,138,5,0.900851466414
2021-12-16,Materials,5,2,0.4,True,0.384615384615,77,5,0.700413467218
2021-12-16,RealEstate,5,4,0.8,True,0.714285714286,82,5,0.924896836314
2021-12-16,Tech,30,5,1,True,0.566037735849,525,5,0.739188736172
2021-12-16,Utilities,2,2,0.4,True,0.4,51,5,0.68
2021-12-17,Comm,11,4,0.8,True,0.44,185,5,0.613406219195
2021-12-17,Consumer,29,5,1,True,0.820487804878,391,5,0.864149450301
2021-12-17,Energy,11,3,0.6,True,0.537777777778,235,5,0.722887623536
2021-12-17,Financials,13,5,1,True,0.786046511628,327,5,0.808628577911
2021-12-17,Healthcare,8,3,0.6,True,0.426666666667,233,5,0.685510448892
2021-12-17,Industrials,14,4,0.8,True,0.515789473684,142,5,0.930502999539
2021-12-17,Materials,1,1,0.2,True,0.2,75,5,0.696594427245
2021-12-17,RealEstate,3,2,0.4,True,0.36,81,5,0.964144011756
2021-12-17,Tech,16,5,1,True,0.711111111111,518,5,0.759758756406
2021-12-17,Utilities,4,4,0.8,True,0.8,53,5,0.708448928121
2021-12-20,Comm,13,5,1,True,0.476056338028,185,5,0.598182294853
2021-12-20,Consumer,38,5,1,True,0.596694214876,400,5,0.879120879121
2021-12-20,Energy,7,3,0.6,True,0.515789473684,234,5,0.703623747109
2021-12-20,Financials,19,3,0.6,True,0.465806451613,332,5,0.787089403028
2021-12-20,Healthcare,14,5,1,True,0.852173913043,237,5,0.706039846647
2021-12-20,Industrials,17,5,1,True,0.649438202247,156,5,0.947294667186
2021-12-20,Materials,3,3,0.6,True,0.6,77,5,0.714767932489
2021-12-20,RealEstate,3,2,0.4,True,0.36,80,5,0.949554896142
2021-12-20,Tech,26,5,1,True,0.64380952381,507,5,0.795361789687
2021-12-20,Utilities,4,3,0.6,True,0.533333333333,54,5,0.662727272727
2021-12-21,Comm,13,4,0.8,True,0.450666666667,189,5,0.588823868788
2021-12-21,Consumer,31,4,0.8,True,0.454373522459,410,5,0.872114137484
2021-12-21,Energy,1,1,0.2,True,0.2,221,5,0.721486077258
2021-12-21,Financials,12,5,1,True,0.757894736842,323,5,0.784930218561
2021-12-21,Healthcare,16,5,1,True,0.711111111111,246,5,0.707789473684
2021-12-21,Industrials,15,4,0.8,True,0.714285714286,168,5,0.951263902932
2021-12-21,Materials,0,0,0,False,,75,5,0.700062227754
2021-12-21,RealEstate,4,4,0.8,True,0.8,84,5,0.953513513514
2021-12-21,Tech,18,5,1,True,0.623076923077,499,5,0.816356572628
2021-12-21,Utilities,2,2,0.4,True,0.4,54,5,0.662727272727
2021-12-22,Comm,7,2,0.4,True,0.264864864865,189,5,0.568851023171
2021-12-22,Consumer,14,4,0.8,True,0.675862068966,398,5,0.861874965994
2021-12-22,Energy,4,3,0.6,True,0.533333333333,218,5,0.72800245098
2021-12-22,Financials,7,4,0.8,True,0.753846153846,312,5,0.772816767228
2021-12-22,Healthcare,14,4,0.8,True,0.502564102564,246,5,0.700254570701
2021-12-22,Industrials,6,4,0.8,True,0.72,167,5,0.957891121415
2021-12-22,Materials,0,0,0,False,,66,5,0.698076923077
2021-12-22,RealEstate,4,2,0.4,True,0.4,80,5,0.952380952381
2021-12-22,Tech,18,5,1,True,0.753488372093,486,5,0.814778019249
2021-12-22,Utilities,1,1,0.2,True,0.2,49,5,0.671608391608
2021-12-23,Comm,10,3,0.6,True,0.526315789474,188,5,0.562892180283
2021-12-23,Consumer,16,5,1,True,0.595348837209,401,5,0.86477721907
2021-12-23,Energy,11,5,1,True,0.562790697674,216,5,0.712305343511
2021-12-23,Financials,16,5,1,True,0.731428571429,311,5,0.780795156408
2021-12-23,Healthcare,23,5,1,True,0.351495016611,259,5,0.669437652812
2021-12-23,Industrials,7,3,0.6,True,0.362962962963,171,5,0.949229021263
2021-12-23,Materials,7,5,1,True,0.890909090909,71,5,0.731109499637
2021-12-23,RealEstate,1,1,0.2,True,0.2,81,5,0.943350107836
2021-12-23,Tech,19,5,1,True,0.913924050633,494,5,0.829574735697
2021-12-23,Utilities,1,1,0.2,True,0.2,49,5,0.671608391608
2021-12-27,Comm,8,1,0.2,True,0.2,189,5,0.538494007688
2021-12-27,Consumer,24,5,1,True,0.748051948052,416,5,0.865366536654
2021-12-27,Energy,11,4,0.8,True,0.691428571429,222,5,0.713227206946
2021-12-27,Financials,15,5,1,True,0.762711864407,313,5,0.787057642097
2021-12-27,Healthcare,18,4,0.8,True,0.635294117647,273,5,0.665704970747
2021-12-27,Industrials,11,4,0.8,True,0.620512820513,178,5,0.953188929001
2021-12-27,Materials,1,1,0.2,True,0.2,69,5,0.712191473448
2021-12-27,RealEstate,6,4,0.8,True,0.72,86,5,0.959273670558
2021-12-27,Tech,21,4,0.8,True,0.521893491124,494,5,0.826736228742
2021-12-27,Utilities,2,1,0.2,True,0.2,50,5,0.625
2021-12-28,Comm,9,2,0.4,True,0.249230769231,191,5,0.511690861912
2021-12-28,Consumer,18,4,0.8,True,0.611320754717,416,5,0.855231035335
2021-12-28,Energy,8,3,0.6,True,0.581818181818,216,5,0.724247128221
2021-12-28,Financials,3,3,0.6,True,0.6,301,5,0.784322382375
2021-12-28,Healthcare,8,3,0.6,True,0.581818181818,276,5,0.671449977964
2021-12-28,Industrials,10,3,0.6,True,0.30303030303,183,5,0.922180916976
2021-12-28,Materials,10,4,0.8,True,0.714285714286,77,5,0.698762522098
2021-12-28,RealEstate,2,2,0.4,True,0.4,86,5,0.966797385621
2021-12-28,Tech,30,5,1,True,0.782608695652,516,5,0.832856830054
2021-12-28,Utilities,3,3,0.6,True,0.6,53,5,0.6362400906
2021-12-29,Comm,4,2,0.4,True,0.32,190,5,0.502016409401
2021-12-29,Consumer,15,4,0.8,True,0.555555555556,408,5,0.854274864005
2021-12-29,Energy,6,4,0.8,True,0.6,212,5,0.721760077084
2021-12-29,Financials,9,5,1,True,0.852631578947,294,5,0.796058205931
2021-12-29,Healthcare,2,1,0.2,True,0.2,259,5,0.698651252408
2021-12-29,Industrials,8,3,0.6,True,0.533333333333,186,5,0.90258283329
2021-12-29,Materials,1,1,0.2,True,0.2,75,5,0.701809107923
2021-12-29,RealEstate,5,3,0.6,True,0.555555555556,85,5,0.990404386566
2021-12-29,Tech,12,3,0.6,True,0.576,497,5,0.817815816048
2021-12-29,Utilities,4,3,0.6,True,0.533333333333,53,5,0.728664072633
2021-12-30,Comm,15,4,0.8,True,0.633802816901,191,5,0.53826632239
2021-12-30,Consumer,19,5,1,True,0.65045045045,410,5,0.856516865383
2021-12-30,Energy,7,4,0.8,True,0.515789473684,208,5,0.714045221984
2021-12-30,Financials,11,4,0.8,True,0.514893617021,292,5,0.801579392686
2021-12-30,Healthcare,15,4,0.8,True,0.633802816901,264,5,0.728199770139
2021-12-30,Industrials,4,4,0.8,True,0.8,185,5,0.894654293556
2021-12-30,Materials,3,2,0.4,True,0.36,75,5,0.694016039482
2021-12-30,RealEstate,4,3,0.6,True,0.533333333333,84,5,0.982729805014
2021-12-30,Tech,20,5,1,True,0.727272727273,494,5,0.815219642559
2021-12-30,Utilities,3,2,0.4,True,0.36,52,5,0.72688172043
2021-12-31,Comm,7,3,0.6,True,0.515789473684,190,5,0.525549570534
2021-12-31,Consumer,12,5,1,True,0.9,401,5,0.857171033343
2021-12-31,Energy,8,3,0.6,True,0.426666666667,205,5,0.703523897213
2021-12-31,Financials,15,5,1,True,0.762711864407,299,5,0.801263723952
2021-12-31,Healthcare,5,4,0.8,True,0.714285714286,252,5,0.772272893105
2021-12-31,Industrials,2,2,0.4,True,0.4,183,5,0.880941733526
2021-12-31,Materials,0,0,0,False,,72,5,0.668041237113
2021-12-31,RealEstate,2,2,0.4,True,0.4,84,5,0.989621318373
2021-12-31,Tech,18,5,1,True,0.704347826087,504,5,0.823524071973
2021-12-31,Utilities,3,2,0.4,True,0.36,51,5,0.707755102041
2022-01-03,Comm,14,2,0.4,True,0.230588235294,198,5,0.479853121175
2022-01-03,Consumer,22,5,1,True,0.78064516129,406,5,0.870903999577
2022-01-03,Energy,20,5,1,True,0.714285714286,200,5,0.695652173913
2022-01-03,Financials,16,4,0.8,True,0.609523809524,298,5,0.802711741842
2022-01-03,Healthcare,20,5,1,True,0.8,260,5,0.781231942679
2022-01-03,Industrials,10,5,1,True,0.714285714286,188,5,0.861628473915
2022-01-03,Materials,2,2,0.4,True,0.4,69,5,0.677722419929
2022-01-03,RealEstate,5,3,0.6,True,0.555555555556,85,5,0.998617829993
2022-01-03,Tech,23,4,0.8,True,0.52118226601,503,5,0.813180773619
2022-01-03,Utilities,5,3,0.6,True,0.555555555556,55,5,0.733333333333
2022-01-04,Comm,9,2,0.4,True,0.249230769231,201,5,0.461963295409
2022-01-04,Consumer,7,3,0.6,True,0.466666666667,397,5,0.869351057668
2022-01-04,Energy,6,4,0.8,True,0.6,199,5,0.713467255202
2022-01-04,Financials,22,5,1,True,0.733333333333,310,5,0.817107388827
2022-01-04,Healthcare,10,4,0.8,True,0.555555555556,262,5,0.777219202899
2022-01-04,Industrials,10,4,0.8,True,0.769230769231,194,5,0.865593376265
2022-01-04,Materials,3,2,0.4,True,0.36,65,5,0.775941230487
2022-01-04,RealEstate,3,2,0.4,True,0.36,84,5,0.989621318373
2022-01-04,Tech,43,5,1,True,0.738123752495,518,5,0.823004018035
2022-01-04,Utilities,5,5,1,True,1,57,5,0.785731559855
2022-01-05,Comm,15,4,0.8,True,0.30612244898,204,5,0.455915863278
2022-01-05,Consumer,22,5,1,True,0.768253968254,392,5,0.881353599082
2022-01-05,Energy,14,3,0.6,True,0.4,189,5,0.67075391982
2022-01-05,Financials,12,4,0.8,True,0.685714285714,301,5,0.824282400036
2022-01-05,Healthcare,6,4,0.8,True,0.72,249,5,0.786964523704
2022-01-05,Industrials,8,3,0.6,True,0.581818181818,194,5,0.840276847511
2022-01-05,Materials,3,1,0.2,True,0.2,65,5,0.757847533632
2022-01-05,RealEstate,4,3,0.6,True,0.533333333333,84,5,0.986853146853
2022-01-05,Tech,38,5,1,True,0.931612903226,512,5,0.838243852525
2022-01-05,Utilities,2,2,0.4,True,0.4,56,5,0.76301703163
2022-01-06,Comm,18,5,1,True,0.549152542373,213,5,0.450379709138
2022-01-06,Consumer,17,5,1,True,0.947540983607,395,5,0.884169665373
2022-01-06,Energy,14,5,1,True,0.816666666667,189,5,0.684244804138
2022-01-06,Financials,15,5,1,True,0.762711864407,295,5,0.838027829939
2022-01-06,Healthcare,8,5,1,True,0.8,244,5,0.824027681661
2022-01-06,Industrials,10,3,0.6,True,0.37037037037,198,5,0.802538382805
2022-01-06,Materials,5,3,0.6,True,0.454545454545,68,5,0.72590266876
2022-01-06,RealEstate,5,3,0.6,True,0.555555555556,85,5,0.975692099932
2022-01-06,Tech,14,5,1,True,0.753846153846,483,5,0.840181513695
2022-01-06,Utilities,1,1,0.2,True,0.2,54,5,0.788108108108
2022-01-07,Comm,20,5,1,True,0.615384615385,224,5,0.455028566246
2022-01-07,Consumer,18,5,1,True,0.925714285714,399,5,0.89632632379
2022-01-07,Energy,12,5,1,True,0.96,185,5,0.698113207547
2022-01-07,Financials,15,4,0.8,True,0.652173913043,297,5,0.822653299137
2022-01-07,Healthcare,9,3,0.6,True,0.39512195122,248,5,0.808731097962
2022-01-07,Industrials,13,4,0.8,True,0.689795918367,205,5,0.784267985444
2022-01-07,Materials,2,1,0.2,True,0.2,68,5,0.742215088283
2022-01-07,RealEstate,2,2,0.4,True,0.4,82,5,0.957834757835
2022-01-07,Tech,19,3,0.6,True,0.512056737589,487,5,0.831398874731
2022-01-07,Utilities,3,3,0.6,True,0.6,56,5,0.782044887781
2022-01-10,Comm,27,5,1,True,0.468810289389,244,5,0.504371399526
2022-01-10,Consumer,25,5,1,True,0.65445026178,404,5,0.889557444953
2022-01-10,Energy,18,3,0.6,True,0.589090909091,192,5,0.69765329296
2022-01-10,Financials,37,5,1,True,0.693164556962,315,5,0.808383233533
2022-01-10,Healthcare,16,5,1,True,0.825806451613,258,5,0.803233980934
2022-01-10,Industrials,16,5,1,True,0.711111111111,217,5,0.769113924051
2022-01-10,Materials,2,2,0.4,True,0.4,63,5,0.7056
2022-01-10,RealEstate,2,2,0.4,True,0.4,82,5,0.955113636364
2022-01-10,Tech,27,5,1,True,0.648,487,5,0.825754225928
2022-01-10,Utilities,8,4,0.8,True,0.711111111111,64,5,0.844536082474
2022-01-11,Comm,14,5,1,True,0.890909090909,249,5,0.513870125565
2022-01-11,Consumer,9,5,1,True,0.852631578947,405,5,0.895552946957
2022-01-11,Energy,11,3,0.6,True,0.410169491525,195,5,0.692433761267
2022-01-11,Financials,12,5,1,True,0.8,317,5,0.819548994821
2022-01-11,Healthcare,7,3,0.6,True,0.576470588235,252,5,0.799496411935
2022-01-11,Industrials,14,4,0.8,True,0.369811320755,227,5,0.729510865718
2022-01-11,Materials,1,1,0.2,True,0.2,63,5,0.706856634016
2022-01-11,RealEstate,5,3,0.6,True,0.555555555556,83,5,0.944345442084
2022-01-11,Tech,27,5,1,True,0.740101522843,498,5,0.840549059481
2022-01-11,Utilities,2,2,0.4,True,0.4,65,5,0.854398382204
2022-01-12,Comm,14,5,1,True,0.816666666667,254,5,0.535402489627
2022-01-12,Consumer,20,5,1,True,0.851063829787,404,5,0.890091072695
2022-01-12,Energy,23,4,0.8,True,0.387545787546,206,5,0.664828450572
2022-01-12,Financials,33,5,1,True,0.700321543408,331,5,0.806574152464
2022-01-12,Healthcare,16,5,1,True,0.775757575758,250,5,0.790838921928
2022-01-12,Industrials,10,4,0.8,True,0.666666666667,227,5,0.716227673918
2022-01-12,Materials,2,2,0.4,True,0.4,63,5,0.750993377483
2022-01-12,RealEstate,7,4,0.8,True,0.515789473684,80,5,0.890125173853
2022-01-12,Tech,27,5,1,True,0.833142857143,490,5,0.841599775667
2022-01-12,Utilities,1,1,0.2,True,0.2,62,5,0.893953488372
2022-01-13,Comm,17,4,0.8,True,0.770666666667,266,5,0.559335968379
2022-01-13,Consumer,12,5,1,True,0.8,396,5,0.877537772804
2022-01-13,Energy,25,5,1,True,0.65445026178,227,5,0.6665674924
2022-01-13,Financials,44,5,1,True,0.771314741036,364,5,0.820357872578
2022-01-13,Healthcare,14,5,1,True,0.784,252,5,0.79409778667
2022-01-13,Industrials,12,3,0.6,True,0.464516129032,230,5,0.691232196524
2022-01-13,Materials,4,2,0.4,True,0.32,61,5,0.754002026342
2022-01-13,RealEstate,3,3,0.6,True,0.6,79,5,0.882120141343
2022-01-13,Tech,32,5,1,True,0.65641025641,503,5,0.819873944814
2022-01-13,Utilities,4,3,0.6,True,0.533333333333,63,5,0.903071672355
2022-01-14,Comm,18,5,1,True,0.549152542373,276,5,0.560571050114
2022-01-14,Consumer,24,5,1,True,0.757894736842,402,5,0.873913043478
2022-01-14,Energy,20,4,0.8,True,0.579710144928,242,5,0.66002479432
2022-01-14,Financials,52,5,1,True,0.604921700224,402,5,0.831809759111
2022-01-14,Healthcare,13,5,1,True,0.965714285714,256,5,0.803826812216
2022-01-14,Industrials,16,4,0.8,True,0.512,232,5,0.697382741643
2022-01-14,Materials,4,2,0.4,True,0.32,59,5,0.837785800241
2022-01-14,RealEstate,4,3,0.6,True,0.533333333333,79,5,0.907781818182
2022-01-14,Tech,17,5,1,True,0.770666666667,495,5,0.822410928558
2022-01-14,Utilities,6,4,0.8,True,0.72,66,5,0.894455852156
2022-01-18,Comm,43,5,1,True,0.661538461538,306,5,0.597282643363
2022-01-18,Consumer,39,5,1,True,0.828882833787,431,5,0.882370264814
2022-01-18,Energy,35,5,1,True,0.749235474006,272,5,0.672948881208
2022-01-18,Financials,94,5,1,True,0.614464534075,472,5,0.808712066212
2022-01-18,Healthcare,29,5,1,True,0.734497816594,271,5,0.794343193986
2022-01-18,Industrials,22,5,1,True,0.49387755102,235,5,0.673434546674
2022-01-18,Materials,9,3,0.6,True,0.462857142857,63,5,0.8829810901
2022-01-18,RealEstate,6,4,0.8,True,0.72,80,5,0.915593705293
2022-01-18,Tech,38,5,1,True,0.776344086022,503,5,0.790887919851
2022-01-18,Utilities,9,5,1,True,0.852631578947,73,5,0.910162254483
2022-01-19,Comm,21,5,1,True,0.890909090909,316,5,0.62672440846
2022-01-19,Consumer,24,5,1,True,0.872727272727,426,5,0.901341015198
2022-01-19,Energy,11,5,1,True,0.896296296296,272,5,0.691827192818
2022-01-19,Financials,62,5,1,True,0.800833333333,521,5,0.831607971692
2022-01-19,Healthcare,16,5,1,True,0.825806451613,279,5,0.819939958919
2022-01-19,Industrials,15,3,0.6,True,0.542168674699,236,5,0.678971108131
2022-01-19,Materials,7,3,0.6,True,0.576470588235,69,5,0.872777268561
2022-01-19,RealEstate,6,3,0.6,True,0.4,83,5,0.93031735314
2022-01-19,Tech,47,4,0.8,True,0.735108153078,534,5,0.79076010094
2022-01-19,Utilities,9,5,1,True,0.852631578947,78,5,0.912143928036
2022-01-20,Comm,15,3,0.6,True,0.343511450382,318,5,0.617287266512
2022-01-20,Consumer,27,5,1,True,0.814525139665,415,5,0.912039611301
2022-01-20,Energy,17,4,0.8,True,0.550476190476,282,5,0.691874021228
2022-01-20,Financials,22,5,1,True,0.91320754717,524,5,0.850291093769
2022-01-20,Healthcare,15,5,1,True,0.882352941176,280,5,0.801881967884
2022-01-20,Industrials,16,5,1,True,0.88275862069,235,5,0.69592338227
2022-01-20,Materials,8,4,0.8,True,0.581818181818,74,5,0.855625
2022-01-20,RealEstate,9,5,1,True,0.852631578947,89,5,0.934631268437
2022-01-20,Tech,48,5,1,True,0.708923076923,556,5,0.800974219458
2022-01-20,Utilities,5,4,0.8,True,0.714285714286,79,5,0.914432234432
2022-01-21,Comm,14,4,0.8,True,0.675862068966,319,5,0.628018637949
2022-01-21,Consumer,32,5,1,True,0.581818181818,416,5,0.893607353093
2022-01-21,Energy,25,4,0.8,True,0.576036866359,306,5,0.714233409611
2022-01-21,Financials,27,5,1,True,0.610041841004,539,5,0.837779540048
2022-01-21,Healthcare,13,5,1,True,0.786046511628,277,5,0.828651655057
2022-01-21,Industrials,15,4,0.8,True,0.762711864407,235,5,0.700958304246
2022-01-21,Materials,7,4,0.8,True,0.653333333333,81,5,0.842774566474
2022-01-21,RealEstate,5,4,0.8,True,0.714285714286,90,5,0.928899082569
2022-01-21,Tech,30,4,0.8,True,0.697674418605,568,5,0.80338662284
2022-01-21,Utilities,9,5,1,True,0.852631578947,86,5,0.917617866005
2022-01-24,Comm,22,5,1,True,0.768253968254,334,5,0.650055358079
2022-01-24,Consumer,30,5,1,True,0.918367346939,432,5,0.902393501281
2022-01-24,Energy,22,5,1,True,0.793442622951,324,5,0.726175982291
2022-01-24,Financials,19,4,0.8,True,0.76,551,5,0.837739545536
2022-01-24,Healthcare,28,5,1,True,0.791919191919,291,5,0.843310262411
2022-01-24,Industrials,25,5,1,True,0.850340136054,254,5,0.723192467212
2022-01-24,Materials,15,5,1,True,0.671641791045,96,5,0.820658949243
2022-01-24,RealEstate,15,5,1,True,0.882352941176,101,5,0.92358533273
2022-01-24,Tech,40,5,1,True,0.808080808081,590,5,0.801095436449
2022-01-24,Utilities,6,3,0.6,True,0.4,91,5,0.880489101542
2022-01-25,Comm,19,4,0.8,True,0.617094017094,343,5,0.655809805179
2022-01-25,Consumer,20,5,1,True,0.975609756098,436,5,0.915331278891
2022-01-25,Energy,16,4,0.8,True,0.433898305085,329,5,0.712979613345
2022-01-25,Financials,25,5,1,True,0.874125874126,560,5,0.842399333817
2022-01-25,Healthcare,18,4,0.8,True,0.72,286,5,0.894434117004
2022-01-25,Industrials,43,5,1,True,0.6760511883,290,5,0.757725921254
2022-01-25,Materials,5,4,0.8,True,0.714285714286,94,5,0.821953488372
2022-01-25,RealEstate,4,3,0.6,True,0.533333333333,104,5,0.947940403155
2022-01-25,Tech,36,5,1,True,0.651256281407,607,5,0.78494444977
2022-01-25,Utilities,16,4,0.8,True,0.341333333333,106,5,0.80085531005
2022-01-26,Comm,26,5,1,True,0.427848101266,361,5,0.65628100214
2022-01-26,Consumer,26,5,1,True,0.433333333333,438,5,0.904967215435
2022-01-26,Energy,27,5,1,True,0.814525139665,345,5,0.718945365588
2022-01-26,Financials,16,5,1,True,0.825806451613,561,5,0.844401218089
2022-01-26,Healthcare,20,4,0.8,True,0.615384615385,288,5,0.89912195122
2022-01-26,Industrials,31,5,1,True,0.351371115174,310,5,0.698046052154
2022-01-26,Materials,4,3,0.6,True,0.533333333333,97,5,0.827892652882
2022-01-26,RealEstate,3,1,0.2,True,0.2,101,5,0.932876085963
2022-01-26,Tech,73,5,1,True,0.788897113249,659,5,0.793663934501
2022-01-26,Utilities,4,3,0.6,True,0.533333333333,108,5,0.810562890896
2022-01-27,Comm,22,4,0.8,True,0.701449275362,374,5,0.68523000049
2022-01-27,Consumer,18,5,1,True,0.790243902439,438,5,0.914413727359
2022-01-27,Energy,35,5,1,True,0.706051873199,372,5,0.716013866611
2022-01-27,Financials,26,5,1,True,0.855696202532,584,5,0.851001821494
2022-01-27,Healthcare,19,5,1,True,0.891358024691,299,5,0.910165436498
2022-01-27,Industrials,20,4,0.8,True,0.597014925373,320,5,0.713787815419
2022-01-27,Materials,19,5,1,True,0.714851485149,106,5,0.845447705041
2022-01-27,RealEstate,11,5,1,True,0.896296296296,110,5,0.940170940171
2022-01-27,Tech,56,4,0.8,True,0.643942505133,685,5,0.785044461733
2022-01-27,Utilities,7,4,0.8,True,0.653333333333,112,5,0.800510529675
2022-01-28,Comm,19,5,1,True,0.551145038168,389,5,0.685221998325
2022-01-28,Consumer,10,4,0.8,True,0.588235294118,433,5,0.916256566891
2022-01-28,Energy,42,4,0.8,True,0.576470588235,408,5,0.70457970033
2022-01-28,Financials,43,5,1,True,0.48088426528,618,5,0.861819658814
2022-01-28,Healthcare,17,5,1,True,0.750649350649,314,5,0.904052814964
2022-01-28,Industrials,33,5,1,True,0.646290801187,345,5,0.763005224526
2022-01-28,Materials,1,1,0.2,True,0.2,106,5,0.845447705041
2022-01-28,RealEstate,6,4,0.8,True,0.72,111,5,0.921196261682
2022-01-28,Tech,32,5,1,True,0.711111111111,705,5,0.791661689165
2022-01-28,Utilities,7,5,1,True,0.753846153846,115,5,0.791205504038
2022-01-31,Comm,25,5,1,True,0.874125874126,399,5,0.709183241642
2022-01-31,Consumer,31,5,1,True,0.877625570776,445,5,0.923171954034
2022-01-31,Energy,19,5,1,True,0.744329896907,420,5,0.710974970779
2022-01-31,Financials,15,5,1,True,0.737704918033,622,5,0.861714591175
2022-01-31,Healthcare,26,5,1,True,0.952112676056,325,5,0.926331944749
2022-01-31,Industrials,24,5,1,True,0.420437956204,365,5,0.735257595408
2022-01-31,Materials,3,3,0.6,True,0.6,106,5,0.841647940075
2022-01-31,RealEstate,7,5,1,True,0.890909090909,114,5,0.93698630137
2022-01-31,Tech,51,5,1,True,0.78937784522,736,5,0.792915379774
2022-01-31,Utilities,11,4,0.8,True,0.537777777778,123,5,0.777241202158
2022-02-01,Comm,31,5,1,True,0.38985801217,423,5,0.680946853653
2022-02-01,Consumer,31,5,1,True,0.704029304029,464,5,0.922473113672
2022-02-01,Energy,30,4,0.8,True,0.323741007194,442,5,0.687901408451
2022-02-01,Financials,21,5,1,True,0.856310679612,628,5,0.865959642536
2022-02-01,Healthcare,26,5,1,True,0.528125,346,5,0.934624092435
2022-02-01,Industrials,28,4,0.8,True,0.390049751244,391,5,0.767918225883
2022-02-01,Materials,5,3,0.6,True,0.454545454545,111,5,0.832218844985
2022-02-01,RealEstate,2,1,0.2,True,0.2,114,5,0.934291876348
2022-02-01,Tech,53,5,1,True,0.571515768057,771,5,0.787302575377
2022-02-01,Utilities,9,4,0.8,True,0.704347826087,129,5,0.766689702833
2022-02-02,Comm,17,5,1,True,0.635164835165,426,5,0.710305687111
2022-02-02,Consumer,18,5,1,True,0.790243902439,460,5,0.933268645526
2022-02-02,Energy,29,5,1,True,0.620664206642,451,5,0.685371072361
2022-02-02,Financials,13,5,1,True,0.824390243902,625,5,0.868624987492
2022-02-02,Healthcare,31,5,1,True,0.877625570776,357,5,0.935302535501
2022-02-02,Industrials,12,4,0.8,True,0.757894736842,393,5,0.776184134482
2022-02-02,Materials,5,3,0.6,True,0.555555555556,114,5,0.848856956238
2022-02-02,RealEstate,7,4,0.8,True,0.653333333333,116,5,0.923541523679
2022-02-02,Tech,102,5,1,True,0.626369656833,850,5,0.796327524827
2022-02-02,Utilities,5,3,0.6,True,0.555555555556,129,5,0.767043097488
2022-02-03,Comm,24,5,1,True,0.509734513274,441,5,0.757693581377
2022-02-03,Consumer,11,5,1,True,0.78064516129,464,5,0.935947485111
2022-02-03,Energy,28,5,1,True,0.791919191919,473,5,0.696313471624
2022-02-03,Financials,12,5,1,True,0.626086956522,615,5,0.862395257368
2022-02-03,Healthcare,17,5,1,True,0.382781456954,364,5,0.92842828113
2022-02-03,Industrials,9,4,0.8,True,0.522580645161,392,5,0.773853049303
2022-02-03,Materials,3,3,0.6,True,0.6,114,5,0.841165048544
2022-02-03,RealEstate,3,2,0.4,True,0.36,116,5,0.94693877551
2022-02-03,Tech,37,5,1,True,0.827190332326,844,5,0.792241475187
2022-02-03,Utilities,6,4,0.8,True,0.72,130,5,0.75615212528
2022-02-04,Comm,13,5,1,True,0.786046511628,439,5,0.78089507486
2022-02-04,Consumer,15,5,1,True,0.762711864407,457,5,0.928320924547
2022-02-04,Energy,11,5,1,True,0.78064516129,470,5,0.714031741927
2022-02-04,Financials,17,4,0.8,True,0.608421052632,620,5,0.862328106423
2022-02-04,Healthcare,10,5,1,True,0.833333333333,368,5,0.928388290944
2022-02-04,Industrials,5,3,0.6,True,0.555555555556,389,5,0.768770797876
2022-02-04,Materials,4,2,0.4,True,0.4,115,5,0.849662704786
2022-02-04,RealEstate,1,1,0.2,True,0.2,113,5,0.950427986602
2022-02-04,Tech,18,4,0.8,True,0.531147540984,824,5,0.77966148405
2022-02-04,Utilities,10,4,0.8,True,0.666666666667,138,5,0.775723014257
2022-02-07,Comm,23,5,1,True,0.719727891156,444,5,0.804242819843
2022-02-07,Consumer,43,5,1,True,0.812747252747,483,5,0.929827218558
2022-02-07,Energy,24,5,1,True,0.748051948052,480,5,0.709425131632
2022-02-07,Financials,16,4,0.8,True,0.691891891892,621,5,0.854975557305
2022-02-07,Healthcare,21,4,0.8,True,0.6,381,5,0.930549056059
2022-02-07,Industrials,12,4,0.8,True,0.496551724138,391,5,0.790838786437
2022-02-07,Materials,3,2,0.4,True,0.36,113,5,0.862478892266
2022-02-07,RealEstate,6,4,0.8,True,0.72,114,5,0.952785923754
2022-02-07,Tech,29,5,1,True,0.644444444444,839,5,0.778540183929
2022-02-07,Utilities,11,5,1,True,0.896296296296,148,5,0.790472753519
2022-02-08,Comm,14,5,1,True,0.675862068966,438,5,0.82570371008
2022-02-08,Consumer,31,5,1,True,0.784489795918,496,5,0.927277524405
2022-02-08,Energy,30,4,0.8,True,0.72,498,5,0.713618968147
2022-02-08,Financials,17,5,1,True,0.770666666667,623,5,0.867317683601
2022-02-08,Healthcare,22,4,0.8,True,0.44,394,5,0.950385698543
2022-02-08,Industrials,19,4,0.8,True,0.627826086957,397,5,0.785237774955
2022-02-08,Materials,15,4,0.8,True,0.354330708661,126,5,0.915043227666
2022-02-08,RealEstate,5,3,0.6,True,0.555555555556,117,5,0.958949211909
2022-02-08,Tech,51,5,1,True,0.635164835165,871,5,0.778784254749
2022-02-08,Utilities,7,3,0.6,True,0.466666666667,152,5,0.790961999315
2022-02-09,Comm,10,5,1,True,0.625,421,5,0.812976171364
2022-02-09,Consumer,34,5,1,True,0.471836734694,505,5,0.895940557537
2022-02-09,Energy,17,5,1,True,0.696385542169,497,5,0.737241266099
2022-02-09,Financials,14,4,0.8,True,0.784,600,5,0.87589109754
2022-02-09,Healthcare,18,5,1,True,0.753488372093,396,5,0.960352746647
2022-02-09,Industrials,3,2,0.4,True,0.36,384,5,0.788534759358
2022-02-09,Materials,2,2,0.4,True,0.4,126,5,0.902045454545
2022-02-09,RealEstate,10,5,1,True,0.909090909091,125,5,0.973217066334
2022-02-09,Tech,25,5,1,True,0.565610859729,869,5,0.774385110365
2022-02-09,Utilities,6,3,0.6,True,0.514285714286,150,5,0.774526678141
2022-02-10,Comm,9,4,0.8,True,0.771428571429,416,5,0.810111412789
2022-02-10,Consumer,49,5,1,True,0.619612903226,545,5,0.878915208096
2022-02-10,Energy,15,5,1,True,0.633802816901,501,5,0.746704547145
2022-02-10,Financials,16,4,0.8,True,0.731428571429,604,5,0.876182241756
2022-02-10,Healthcare,16,5,1,True,0.88275862069,405,5,0.964881320039
2022-02-10,Industrials,14,5,1,True,0.7,384,5,0.809441730252
2022-02-10,Materials,4,3,0.6,True,0.533333333333,129,5,0.917617866005
2022-02-10,RealEstate,7,4,0.8,True,0.753846153846,127,5,0.982576911362
2022-02-10,Tech,19,5,1,True,0.551145038168,861,5,0.768005345738
2022-02-10,Utilities,13,5,1,True,0.71914893617,161,5,0.772492922068
2022-02-11,Comm,12,5,1,True,0.847058823529,414,5,0.80414750868
2022-02-11,Consumer,28,5,1,True,0.825263157895,553,5,0.88034256927
2022-02-11,Energy,17,3,0.6,True,0.448062015504,495,5,0.752660922453
2022-02-11,Financials,12,5,1,True,0.72,583,5,0.884908681446
2022-02-11,Healthcare,10,5,1,True,0.833333333333,399,5,0.968346461482
2022-02-11,Industrials,9,5,1,True,0.852631578947,383,5,0.808048034814
2022-02-11,Materials,3,2,0.4,True,0.36,130,5,0.905195500803
2022-02-11,RealEstate,3,2,0.4,True,0.36,123,5,0.989146779993
2022-02-11,Tech,30,5,1,True,0.708661417323,864,5,0.76257878661
2022-02-11,Utilities,9,5,1,True,0.558620689655,169,5,0.786696047376
2022-02-14,Comm,14,5,1,True,0.816666666667,411,5,0.808292461181
2022-02-14,Consumer,49,5,1,True,0.921689059501,590,5,0.889416934948
2022-02-14,Energy,38,5,1,True,0.625108225108,508,5,0.747859854522
2022-02-14,Financials,25,5,1,True,0.766871165644,564,5,0.881958577093
2022-02-14,Healthcare,16,5,1,True,0.711111111111,401,5,0.965800774798
2022-02-14,Industrials,17,4,0.8,True,0.621505376344,388,5,0.812740916698
2022-02-14,Materials,2,2,0.4,True,0.4,128,5,0.920966835301
2022-02-14,RealEstate,7,4,0.8,True,0.753846153846,127,5,0.991029185868
2022-02-14,Tech,59,5,1,True,0.683218842002,891,5,0.762229423202
2022-02-14,Utilities,10,5,1,True,0.909090909091,175,5,0.7928802589
2022-02-15,Comm,10,4,0.8,True,0.555555555556,403,5,0.815040273003
2022-02-15,Consumer,22,5,1,True,0.628571428571,588,5,0.887319389195
2022-02-15,Energy,20,5,1,True,0.8,508,5,0.759972906912
2022-02-15,Financials,15,5,1,True,0.818181818182,527,5,0.862820572565
2022-02-15,Healthcare,10,4,0.8,True,0.666666666667,398,5,0.958339887471
2022-02-15,Industrials,12,3,0.6,True,0.389189189189,384,5,0.80966395783
2022-02-15,Materials,3,2,0.4,True,0.36,127,5,0.927220465651
2022-02-15,RealEstate,4,3,0.6,True,0.533333333333,127,5,0.987389041934
2022-02-15,Tech,55,5,1,True,0.710928319624,929,5,0.76003029409
2022-02-15,Utilities,7,5,1,True,0.890909090909,176,5,0.813018372703
2022-02-16,Comm,4,3,0.6,True,0.533333333333,364,5,0.824031345233
2022-02-16,Consumer,24,5,1,True,0.748051948052,573,5,0.889430982405
2022-02-16,Energy,22,5,1,True,0.645333333333,495,5,0.753540510203
2022-02-16,Financials,21,3,0.6,True,0.576470588235,454,5,0.880837606838
2022-02-16,Healthcare,14,4,0.8,True,0.725925925926,383,5,0.965154456032
2022-02-16,Industrials,13,4,0.8,True,0.50447761194,375,5,0.818848807756
2022-02-16,Materials,3,3,0.6,True,0.6,121,5,0.908532423208
2022-02-16,RealEstate,4,3,0.6,True,0.533333333333,125,5,0.987986089156
2022-02-16,Tech,34,5,1,True,0.614893617021,925,5,0.757140012831
2022-02-16,Utilities,6,4,0.8,True,0.6,173,5,0.830553628417
2022-02-17,Comm,13,5,1,True,0.572881355932,356,5,0.804979674797
2022-02-17,Consumer,37,5,1,True,0.469639794168,586,5,0.883833938177
2022-02-17,Energy,18,4,0.8,True,0.522580645161,502,5,0.742214237328
2022-02-17,Financials,28,5,1,True,0.753846153846,420,5,0.85139244172
2022-02-17,Healthcare,14,4,0.8,True,0.56,381,5,0.95983733924
2022-02-17,Industrials,16,5,1,True,0.853333333333,376,5,0.829866165767
2022-02-17,Materials,6,4,0.8,True,0.72,120,5,0.927835051546
2022-02-17,RealEstate,12,5,1,True,0.96,131,5,0.987115329307
2022-02-17,Tech,44,5,1,True,0.520430107527,922,5,0.754282570696
2022-02-17,Utilities,12,5,1,True,0.847058823529,176,5,0.834707625977
2022-02-18,Comm,4,3,0.6,True,0.533333333333,345,5,0.826820881525
2022-02-18,Consumer,21,5,1,True,0.728925619835,580,5,0.886943682767
2022-02-18,Energy,11,4,0.8,True,0.620512820513,496,5,0.743655159906
2022-02-18,Financials,18,5,1,True,0.689361702128,416,5,0.844546386218
2022-02-18,Healthcare,16,5,1,True,0.948148148148,382,5,0.965169654078
2022-02-18,Industrials,12,5,1,True,0.847058823529,372,5,0.828101250673
2022-02-18,Materials,10,5,1,True,0.625,122,5,0.945616264295
2022-02-18,RealEstate,4,3,0.6,True,0.533333333333,126,5,0.989158878505
2022-02-18,Tech,35,5,1,True,0.740181268882,909,5,0.762881715069
2022-02-18,Utilities,8,4,0.8,True,0.581818181818,179,5,0.854996664443
2022-02-22,Comm,12,3,0.6,True,0.464516129032,343,5,0.818627144
2022-02-22,Consumer,26,5,1,True,0.866666666667,574,5,0.913105894743
2022-02-22,Energy,31,4,0.8,True,0.550716332378,502,5,0.714621143376
2022-02-22,Financials,18,4,0.8,True,0.611320754717,407,5,0.841904907118
2022-02-22,Healthcare,21,5,1,True,0.717073170732,390,5,0.958351710667
2022-02-22,Industrials,15,4,0.8,True,0.529411764706,372,5,0.81073290761
2022-02-22,Materials,10,4,0.8,True,0.769230769231,125,5,0.949559404436
2022-02-22,RealEstate,12,4,0.8,True,0.626086956522,133,5,0.985734187796
2022-02-22,Tech,40,5,1,True,0.723981900452,919,5,0.761726997641
2022-02-22,Utilities,19,5,1,True,0.519424460432,189,5,0.872840562004
2022-02-23,Comm,4,4,0.8,True,0.8,325,5,0.823618854536
2022-02-23,Consumer,11,5,1,True,0.968,555,5,0.908239838417
2022-02-23,Energy,23,5,1,True,0.783703703704,503,5,0.711789115359
2022-02-23,Financials,17,4,0.8,True,0.621505376344,405,5,0.842471558078
2022-02-23,Healthcare,6,4,0.8,True,0.72,368,5,0.962570189779
2022-02-23,Industrials,9,4,0.8,True,0.522580645161,356,5,0.7896816001
2022-02-23,Materials,4,4,0.8,True,0.8,114,5,0.95
2022-02-23,RealEstate,11,5,1,True,0.78064516129,129,5,0.982059604603
2022-02-23,Tech,22,5,1,True,0.711764705882,901,5,0.757945203561
2022-02-23,Utilities,10,3,0.6,True,0.434782608696,193,5,0.886986546017
2022-02-24,Comm,5,3,0.6,True,0.555555555556,311,5,0.826639887184
2022-02-24,Consumer,23,5,1,True,0.82015503876,558,5,0.901067862827
2022-02-24,Energy,27,5,1,True,0.704347826087,514,5,0.722794922302
2022-02-24,Financials,19,5,1,True,0.729292929293,399,5,0.84275694132
2022-02-24,Healthcare,6,3,0.6,True,0.4,356,5,0.948551755108
2022-02-24,Industrials,11,4,0.8,True,0.537777777778,324,5,0.775131064018
2022-02-24,Materials,4,1,0.2,True,0.2,113,5,0.95113594041
2022-02-24,RealEstate,8,3,0.6,True,0.426666666667,133,5,0.975406672181
2022-02-24,Tech,19,5,1,True,0.76,884,5,0.763326984127
2022-02-24,Utilities,8,4,0.8,True,0.64,185,5,0.926627859754
2022-02-25,Comm,7,4,0.8,True,0.653333333333,292,5,0.862472182885
2022-02-25,Consumer,14,5,1,True,0.98,546,5,0.923588822108
2022-02-25,Energy,35,4,0.8,True,0.639686684073,522,5,0.715725880592
2022-02-25,Financials,16,4,0.8,True,0.691891891892,399,5,0.836732977689
2022-02-25,Healthcare,10,5,1,True,0.909090909091,346,5,0.947345097729
2022-02-25,Industrials,14,5,1,True,0.675862068966,307,5,0.826057233008
2022-02-25,Materials,4,3,0.6,True,0.533333333333,113,5,0.94550166605
2022-02-25,RealEstate,7,4,0.8,True,0.653333333333,137,5,0.969723585637
2022-02-25,Tech,16,4,0.8,True,0.568888888889,827,5,0.756077716055
2022-02-25,Utilities,2,2,0.4,True,0.4,183,5,0.928316008316
2022-02-28,Comm,16,4,0.8,True,0.501960784314,286,5,0.839449917898
2022-02-28,Consumer,34,5,1,True,0.802777777778,562,5,0.920720615672
2022-02-28,Energy,38,5,1,True,0.690909090909,525,5,0.719863666636
2022-02-28,Financials,35,4,0.8,True,0.649867374005,408,5,0.822409959982
2022-02-28,Healthcare,14,3,0.6,True,0.576470588235,341,5,0.949271398833
2022-02-28,Industrials,10,4,0.8,True,0.588235294118,297,5,0.843741929313
2022-02-28,Materials,3,3,0.6,True,0.6,97,5,0.878114792347
2022-02-28,RealEstate,5,3,0.6,True,0.555555555556,131,5,0.963830384723
2022-02-28,Tech,24,5,1,True,0.647191011236,795,5,0.751288253859
2022-02-28,Utilities,8,3,0.6,True,0.336842105263,184,5,0.913052858684
2022-03-01,Comm,5,4,0.8,True,0.714285714286,272,5,0.852939820152
2022-03-01,Consumer,22,5,1,True,0.91320754717,574,5,0.917300517846
2022-03-01,Energy,49,5,1,True,0.68307254623,532,5,0.722442311619
2022-03-01,Financials,29,4,0.8,True,0.692181069959,394,5,0.824933574237
2022-03-01,Healthcare,11,5,1,True,0.896296296296,335,5,0.956123535676
2022-03-01,Industrials,16,4,0.8,True,0.449122807018,280,5,0.769910635373
2022-03-01,Materials,3,3,0.6,True,0.6,99,5,0.883370887787
2022-03-01,RealEstate,5,4,0.8,True,0.714285714286,130,5,0.952112676056
2022-03-01,Tech,13,5,1,True,0.866666666667,776,5,0.750178769419
2022-03-01,Utilities,7,4,0.8,True,0.653333333333,184,5,0.926546250684
2022-03-02,Comm,6,2,0.4,True,0.276923076923,253,5,0.803376215877
2022-03-02,Consumer,22,5,1,True,0.672222222222,565,5,0.910497568489
2022-03-02,Energy,42,5,1,True,0.520353982301,555,5,0.704290564873
2022-03-02,Financials,13,4,0.8,True,0.536507936508,392,5,0.822744552123
2022-03-02,Healthcare,10,4,0.8,True,0.714285714286,319,5,0.945778149542
2022-03-02,Industrials,21,4,0.8,True,0.372151898734,277,5,0.768019618638
2022-03-02,Materials,2,1,0.2,True,0.2,98,5,0.87547857794
2022-03-02,RealEstate,7,5,1,True,0.890909090909,130,5,0.944134078212
2022-03-02,Tech,21,4,0.8,True,0.608275862069,746,5,0.742714533565
2022-03-02,Utilities,2,2,0.4,True,0.4,175,5,0.934971760037
2022-03-03,Comm,11,5,1,True,0.691428571429,233,5,0.848729774095
2022-03-03,Consumer,17,5,1,True,0.696385542169,551,5,0.907938454177
2022-03-03,Energy,31,5,1,True,0.693862815884,556,5,0.727207715832
2022-03-03,Financials,11,4,0.8,True,0.691428571429,382,5,0.814262596953
2022-03-03,Healthcare,10,4,0.8,True,0.714285714286,303,5,0.93591926194
2022-03-03,Industrials,20,4,0.8,True,0.666666666667,269,5,0.746721015427
2022-03-03,Materials,1,1,0.2,True,0.2,94,5,0.873122529644
2022-03-03,RealEstate,8,4,0.8,True,0.581818181818,136,5,0.943192248853
2022-03-03,Tech,27,5,1,True,0.755440414508,720,5,0.747609639319
2022-03-03,Utilities,2,2,0.4,True,0.4,168,5,0.931177829099
2022-03-04,Comm,11,4,0.8,True,0.654054054054,227,5,0.852917321857
2022-03-04,Consumer,26,5,1,True,0.938888888889,559,5,0.903059027527
2022-03-04,Energy,26,4,0.8,True,0.71914893617,553,5,0.731259340738
2022-03-04,Financials,14,4,0.8,True,0.502564102564,383,5,0.80907310885
2022-03-04,Healthcare,8,5,1,True,0.914285714286,280,5,0.937014461575
2022-03-04,Industrials,11,5,1,True,0.562790697674,268,5,0.723813362894
2022-03-04,Materials,6,4,0.8,True,0.72,95,5,0.898456943753
2022-03-04,RealEstate,5,2,0.4,True,0.384615384615,134,5,0.947546174142
2022-03-04,Tech,26,5,1,True,0.913513513514,644,5,0.742283392694
2022-03-04,Utilities,7,4,0.8,True,0.653333333333,170,5,0.9307568438
2022-03-07,Comm,13,4,0.8,True,0.637735849057,216,5,0.805107851596
2022-03-07,Consumer,24,5,1,True,0.822857142857,572,5,0.894605309928
2022-03-07,Energy,52,5,1,True,0.842367601246,577,5,0.744333031512
2022-03-07,Financials,30,4,0.8,True,0.604026845638,401,5,0.800223941875
2022-03-07,Healthcare,14,5,1,True,0.852173913043,277,5,0.948149521162
2022-03-07,Industrials,15,4,0.8,True,0.30612244898,274,5,0.685250091274
2022-03-07,Materials,4,4,0.8,True,0.8,96,5,0.887861271676
2022-03-07,RealEstate,6,3,0.6,True,0.514285714286,137,5,0.944827586207
2022-03-07,Tech,37,5,1,True,0.812462908012,644,5,0.739398477474
2022-03-07,Utilities,6,3,0.6,True,0.4,170,5,0.920968769917
2022-03-08,Comm,5,3,0.6,True,0.454545454545,208,5,0.8079178338
2022-03-08,Consumer,20,5,1,True,0.851063829787,577,5,0.895512070473
2022-03-08,Energy,39,5,1,True,0.794255874674,605,5,0.743235697244
2022-03-08,Financials,13,4,0.8,True,0.751111111111,397,5,0.804681796135
2022-03-08,Healthcare,11,5,1,True,0.78064516129,278,5,0.946991790222
2022-03-08,Industrials,13,5,1,True,0.689795918367,282,5,0.711305903399
2022-03-08,Materials,6,3,0.6,True,0.4,98,5,0.86600541028
2022-03-08,RealEstate,2,2,0.4,True,0.4,138,5,0.943706640238
2022-03-08,Tech,29,4,0.8,True,0.590175438596,655,5,0.739793938871
2022-03-08,Utilities,3,2,0.4,True,0.36,163,5,0.912553666495
2022-03-09,Comm,13,5,1,True,0.824390243902,198,5,0.776316831683
2022-03-09,Consumer,32,5,1,True,0.939449541284,566,5,0.897280340588
2022-03-09,Energy,35,5,1,True,0.803278688525,616,5,0.746505085479
2022-03-09,Financials,16,5,1,True,0.853333333333,397,5,0.813780818381
2022-03-09,Healthcare,13,5,1,True,0.786046511628,270,5,0.953938759487
2022-03-09,Industrials,18,5,1,True,0.675,288,5,0.69941816342
2022-03-09,Materials,3,3,0.6,True,0.6,98,5,0.882720588235
2022-03-09,RealEstate,3,3,0.6,True,0.6,135,5,0.949466006773
2022-03-09,Tech,37,5,1,True,0.738005390836,663,5,0.748043395022
2022-03-09,Utilities,2,1,0.2,True,0.2,154,5,0.884265473527
2022-03-10,Comm,9,4,0.8,True,0.6,193,5,0.738115525612
2022-03-10,Consumer,21,5,1,True,0.890909090909,556,5,0.897633496908
2022-03-10,Energy,30,5,1,True,0.947368421053,616,5,0.75281420494
2022-03-10,Financials,21,5,1,True,0.422009569378,401,5,0.789459213982
2022-03-10,Healthcare,15,3,0.6,True,0.505617977528,263,5,0.930003361345
2022-03-10,Industrials,19,5,1,True,0.776344086022,288,5,0.71001540832
2022-03-10,Materials,8,5,1,True,0.914285714286,91,5,0.887091590787
2022-03-10,RealEstate,10,4,0.8,True,0.769230769231,140,5,0.960313571779
2022-03-10,Tech,36,5,1,True,0.776047904192,648,5,0.758373819285
2022-03-10,Utilities,7,5,1,True,0.890909090909,154,5,0.891578947368
2022-03-11,Comm,11,3,0.6,True,0.350724637681,194,5,0.716194100856
2022-03-11,Consumer,23,5,1,True,0.904273504274,545,5,0.90762555194
2022-03-11,Energy,27,5,1,True,0.805524861878,626,5,0.739430533804
2022-03-11,Financials,11,4,0.8,True,0.44,398,5,0.787961995722
2022-03-11,Healthcare,16,5,1,True,0.624390243902,261,5,0.901369500496
2022-03-11,Industrials,10,5,1,True,0.769230769231,295,5,0.711250051081
2022-03-11,Materials,5,3,0.6,True,0.454545454545,94,5,0.884484484484
2022-03-11,RealEstate,4,2,0.4,True,0.4,134,5,0.952572944297
2022-03-11,Tech,21,5,1,True,0.634532374101,644,5,0.764349428677
2022-03-11,Utilities,1,1,0.2,True,0.2,149,5,0.890354922799
2022-03-14,Comm,13,3,0.6,True,0.489855072464,198,5,0.703210762332
2022-03-14,Consumer,28,5,1,True,0.922352941176,524,5,0.917485882314
2022-03-14,Energy,32,5,1,True,0.781679389313,643,5,0.745550937238
2022-03-14,Financials,23,5,1,True,0.710067114094,405,5,0.779938660517
2022-03-14,Healthcare,8,4,0.8,True,0.711111111111,253,5,0.88538626461
2022-03-14,Industrials,12,5,1,True,0.423529411765,293,5,0.693477119431
2022-03-14,Materials,3,2,0.4,True,0.36,93,5,0.895805282237
2022-03-14,RealEstate,8,5,1,True,0.914285714286,135,5,0.958958168903
2022-03-14,Tech,26,5,1,True,0.682828282828,651,5,0.767929331823
2022-03-14,Utilities,7,4,0.8,True,0.653333333333,143,5,0.882754154975
2022-03-15,Comm,9,4,0.8,True,0.522580645161,195,5,0.682246344308
2022-03-15,Consumer,28,5,1,True,0.843010752688,524,5,0.915527991731
2022-03-15,Energy,33,5,1,True,0.76961130742,659,5,0.75986352303
2022-03-15,Financials,20,5,1,True,0.645161290323,413,5,0.770706910964
2022-03-15,Healthcare,10,5,1,True,0.625,253,5,0.873544865234
2022-03-15,Industrials,12,4,0.8,True,0.757894736842,296,5,0.69530989604
2022-03-15,Materials,3,2,0.4,True,0.36,93,5,0.920596061735
2022-03-15,RealEstate,9,4,0.8,True,0.704347826087,141,5,0.961596130593
2022-03-15,Tech,36,5,1,True,0.887671232877,657,5,0.782561164644
2022-03-15,Utilities,2,2,0.4,True,0.4,136,5,0.859879125988
2022-03-16,Comm,3,2,0.4,True,0.36,184,5,0.649079754601
2022-03-16,Consumer,25,5,1,True,0.628140703518,500,5,0.909454690967
2022-03-16,Energy,29,5,1,True,0.703765690377,650,5,0.766064693937
2022-03-16,Financials,14,3,0.6,True,0.502564102564,402,5,0.779002169197
2022-03-16,Healthcare,16,5,1,True,0.673684210526,253,5,0.861899952871
2022-03-16,Industrials,18,3,0.6,True,0.531147540984,297,5,0.69948852147
2022-03-16,Materials,3,2,0.4,True,0.36,94,5,0.922338204593
2022-03-16,RealEstate,4,2,0.4,True,0.32,138,5,0.948406374502
2022-03-16,Tech,31,4,0.8,True,0.610158730159,629,5,0.783145122181
2022-03-16,Utilities,6,4,0.8,True,0.72,132,5,0.847058823529
2022-03-17,Comm,6,4,0.8,True,0.6,180,5,0.65138721351
2022-03-17,Consumer,25,5,1,True,0.827814569536,503,5,0.928286034011
2022-03-17,Energy,32,4,0.8,True,0.747445255474,662,5,0.770633748329
2022-03-17,Financials,16,4,0.8,True,0.624390243902,403,5,0.771447571547
2022-03-17,Healthcare,13,3,0.6,True,0.52,256,5,0.850123232585
2022-03-17,Industrials,18,4,0.8,True,0.456338028169,303,5,0.695759918154
2022-03-17,Materials,6,2,0.4,True,0.36,97,5,0.918399219131
2022-03-17,RealEstate,1,1,0.2,True,0.2,135,5,0.949466006773
2022-03-17,Tech,26,5,1,True,0.901333333333,600,5,0.796759843304
2022-03-17,Utilities,5,2,0.4,True,0.294117647059,130,5,0.846269404106
2022-03-18,Comm,7,5,1,True,0.890909090909,183,5,0.652870650161
2022-03-18,Consumer,19,5,1,True,0.793406593407,498,5,0.944057860678
2022-03-18,Energy,11,5,1,True,0.78064516129,651,5,0.77686815453
2022-03-18,Financials,8,5,1,True,0.8,390,5,0.781482813544
2022-03-18,Healthcare,6,3,0.6,True,0.514285714286,248,5,0.831022834752
2022-03-18,Industrials,18,3,0.6,True,0.356043956044,308,5,0.677648403457
2022-03-18,Materials,6,4,0.8,True,0.72,100,5,0.928505106778
2022-03-18,RealEstate,10,5,1,True,0.769230769231,141,5,0.953753897817
2022-03-18,Tech,24,5,1,True,0.464516129032,590,5,0.795021125956
2022-03-18,Utilities,1,1,0.2,True,0.2,125,5,0.841184387618
2022-03-21,Comm,9,4,0.8,True,0.522580645161,179,5,0.651836028888
2022-03-21,Consumer,36,5,1,True,0.549152542373,497,5,0.970394232847
2022-03-21,Energy,35,5,1,True,0.787781350482,668,5,0.78653341089
2022-03-21,Financials,17,5,1,True,0.91746031746,379,5,0.791519493043
2022-03-21,Healthcare,16,5,1,True,0.825806451613,250,5,0.84413830362
2022-03-21,Industrials,42,5,1,True,0.371368421053,334,5,0.62092842035
2022-03-21,Materials,10,4,0.8,True,0.47619047619,104,5,0.896849087894
2022-03-21,RealEstate,13,5,1,True,0.866666666667,142,5,0.958365019011
2022-03-21,Tech,31,5,1,True,0.771887550201,577,5,0.80589908379
2022-03-21,Utilities,9,5,1,True,0.852631578947,122,5,0.826888888889
2022-03-22,Comm,9,3,0.6,True,0.39512195122,184,5,0.639154238248
2022-03-22,Consumer,25,4,0.8,True,0.366568914956,501,5,0.97078377908
2022-03-22,Energy,35,5,1,True,0.798045602606,692,5,0.790817961125
2022-03-22,Financials,8,2,0.4,True,0.4,369,5,0.785627325967
2022-03-22,Healthcare,11,5,1,True,0.78064516129,245,5,0.828788401795
2022-03-22,Industrials,9,4,0.8,True,0.415384615385,331,5,0.604858254893
2022-03-22,Materials,3,3,0.6,True,0.6,97,5,0.855752614825
2022-03-22,RealEstate,6,4,0.8,True,0.72,144,5,0.957340720222
2022-03-22,Tech,25,5,1,True,0.925925925926,567,5,0.803270660254
2022-03-22,Utilities,3,2,0.4,True,0.36,117,5,0.823894071622
2022-03-23,Comm,8,4,0.8,True,0.581818181818,180,5,0.66081990618
2022-03-23,Consumer,15,4,0.8,True,0.555555555556,490,5,0.962286080718
2022-03-23,Energy,24,5,1,True,0.78904109589,685,5,0.805695545043
2022-03-23,Financials,9,4,0.8,True,0.771428571429,360,5,0.7919340055
2022-03-23,Healthcare,7,3,0.6,True,0.466666666667,231,5,0.828136882129
2022-03-23,Industrials,10,3,0.6,True,0.434782608696,326,5,0.601891601065
2022-03-23,Materials,1,1,0.2,True,0.2,88,5,0.811740041929
2022-03-23,RealEstate,1,1,0.2,True,0.2,133,5,0.962666666667
2022-03-23,Tech,50,5,1,True,0.85910652921,577,5,0.829595205761
2022-03-23,Utilities,1,1,0.2,True,0.2,99,5,0.83948608137
2022-03-24,Comm,9,4,0.8,True,0.648,185,5,0.655839800709
2022-03-24,Consumer,21,5,1,True,0.824299065421,500,5,0.959508731529
2022-03-24,Energy,33,5,1,True,0.700321543408,695,5,0.80194748595
2022-03-24,Financials,19,4,0.8,True,0.729292929293,362,5,0.806077382051
2022-03-24,Healthcare,10,4,0.8,True,0.588235294118,235,5,0.834403565763
2022-03-24,Industrials,9,3,0.6,True,0.317647058824,326,5,0.593356038189
2022-03-24,Materials,4,2,0.4,True,0.4,88,5,0.791011235955
2022-03-24,RealEstate,5,3,0.6,True,0.454545454545,127,5,0.955792592593
2022-03-24,Tech,56,5,1,True,0.732710280374,611,5,0.828506752183
2022-03-24,Utilities,2,2,0.4,True,0.4,91,5,0.839432336543
2022-03-25,Comm,1,1,0.2,True,0.2,181,5,0.659772429765
2022-03-25,Consumer,22,5,1,True,0.849122807018,499,5,0.963197493376
2022-03-25,Energy,31,5,1,True,0.674385964912,699,5,0.800244036261
2022-03-25,Financials,16,5,1,True,0.825806451613,359,5,0.809782916025
2022-03-25,Healthcare,7,3,0.6,True,0.466666666667,236,5,0.833647657536
2022-03-25,Industrials,17,4,0.8,True,0.372903225806,332,5,0.567638273767
2022-03-25,Materials,4,2,0.4,True,0.32,88,5,0.759960745829
2022-03-25,RealEstate,5,3,0.6,True,0.555555555556,124,5,0.947965474723
2022-03-25,Tech,33,5,1,True,0.624068767908,625,5,0.819203707782
2022-03-25,Utilities,2,1,0.2,True,0.2,85,5,0.817770232032
2022-03-28,Comm,14,4,0.8,True,0.653333333333,188,5,0.665236213062
2022-03-28,Consumer,37,5,1,True,0.686215538847,522,5,0.954643870651
2022-03-28,Energy,29,5,1,True,0.670119521912,693,5,0.804443923316
2022-03-28,Financials,25,5,1,True,0.89928057554,368,5,0.826007929247
2022-03-28,Healthcare,12,4,0.8,True,0.685714285714,238,5,0.818554913295
2022-03-28,Industrials,16,4,0.8,True,0.449122807018,334,5,0.556833383248
2022-03-28,Materials,3,1,0.2,True,0.2,87,5,0.749035131123
2022-03-28,RealEstate,8,3,0.6,True,0.533333333333,125,5,0.926474948117
2022-03-28,Tech,35,5,1,True,0.777777777778,644,5,0.825558851046
2022-03-28,Utilities,7,3,0.6,True,0.362962962963,90,5,0.779595765159
2022-03-29,Comm,11,4,0.8,True,0.691428571429,183,5,0.722446338043
2022-03-29,Consumer,24,5,1,True,0.834782608696,512,5,0.95854907123
2022-03-29,Energy,28,5,1,True,0.632258064516,683,5,0.801259028332
2022-03-29,Financials,15,5,1,True,0.737704918033,348,5,0.840883210665
2022-03-29,Healthcare,10,5,1,True,0.625,234,5,0.819087509349
2022-03-29,Industrials,14,5,1,True,0.816666666667,338,5,0.553990883522
2022-03-29,Materials,4,3,0.6,True,0.533333333333,88,5,0.755512195122
2022-03-29,RealEstate,6,4,0.8,True,0.6,126,5,0.929508196721
2022-03-29,Tech,28,4,0.8,True,0.746666666667,648,5,0.830063059679
2022-03-29,Utilities,7,3,0.6,True,0.362962962963,89,5,0.780778708724
2022-03-30,Comm,5,3,0.6,True,0.555555555556,183,5,0.725262587981
2022-03-30,Consumer,12,4,0.8,True,0.48,502,5,0.952972318863
2022-03-30,Energy,13,4,0.8,True,0.614545454545,647,5,0.809211200356
2022-03-30,Financials,12,3,0.6,True,0.389189189189,331,5,0.822931610771
2022-03-30,Healthcare,8,4,0.8,True,0.64,231,5,0.804416974448
2022-03-30,Industrials,16,4,0.8,True,0.512,338,5,0.556554781507
2022-03-30,Materials,4,3,0.6,True,0.533333333333,89,5,0.736494653649
2022-03-30,RealEstate,6,3,0.6,True,0.514285714286,127,5,0.933121203356
2022-03-30,Tech,22,5,1,True,0.820338983051,657,5,0.830166072064
2022-03-30,Utilities,4,3,0.6,True,0.533333333333,86,5,0.752390640895
2022-03-31,Comm,10,4,0.8,True,0.666666666667,187,5,0.749201928227
2022-03-31,Consumer,26,5,1,True,0.965714285714,506,5,0.958972246152
2022-03-31,Energy,23,5,1,True,0.874380165289,628,5,0.824898556787
2022-03-31,Financials,15,4,0.8,True,0.633802816901,333,5,0.817253196742
2022-03-31,Healthcare,9,4,0.8,True,0.6,230,5,0.792153339323
2022-03-31,Industrials,9,5,1,True,0.771428571429,326,5,0.579539753517
2022-03-31,Materials,4,3,0.6,True,0.533333333333,91,5,0.762172112287
2022-03-31,RealEstate,6,4,0.8,True,0.72,126,5,0.925714285714
2022-03-31,Tech,35,5,1,True,0.819397993311,671,5,0.842587792759
2022-03-31,Utilities,6,4,0.8,True,0.72,90,5,0.754892823858
2022-04-01,Comm,5,3,0.6,True,0.555555555556,181,5,0.746689458689
2022-04-01,Consumer,23,4,0.8,True,0.783703703704,512,5,0.955788092026
2022-04-01,Energy,14,5,1,True,0.753846153846,611,5,0.826123325109
2022-04-01,Financials,29,4,0.8,True,0.754260089686,351,5,0.815657585488
2022-04-01,Healthcare,6,4,0.8,True,0.72,226,5,0.78038197097
2022-04-01,Industrials,11,4,0.8,True,0.620512820513,317,5,0.572472726237
2022-04-01,Materials,3,3,0.6,True,0.6,93,5,0.772577043323
2022-04-01,RealEstate,3,2,0.4,True,0.36,121,5,0.922267716535
2022-04-01,Tech,42,5,1,True,0.820465116279,686,5,0.853719862852
2022-04-01,Utilities,3,1,0.2,True,0.2,91,5,0.717902037278
2022-04-04,Comm,16,4,0.8,True,0.433898305085,186,5,0.718653926049
2022-04-04,Consumer,39,5,1,True,0.712412177986,525,5,0.95654965382
2022-04-04,Energy,26,5,1,True,0.669306930693,611,5,0.820242345678
2022-04-04,Financials,24,4,0.8,True,0.523636363636,361,5,0.791190844793
2022-04-04,Healthcare,20,5,1,True,0.93023255814,238,5,0.789793641941
2022-04-04,Industrials,15,5,1,True,0.918367346939,321,5,0.590950018639
2022-04-04,Materials,4,3,0.6,True,0.533333333333,91,5,0.787541607228
2022-04-04,RealEstate,7,4,0.8,True,0.515789473684,123,5,0.921095890411
2022-04-04,Tech,57,5,1,True,0.767178276269,717,5,0.845186640472
2022-04-04,Utilities,3,3,0.6,True,0.6,87,5,0.695360587965
2022-04-05,Comm,12,5,1,True,0.757894736842,185,5,0.725336441666
2022-04-05,Consumer,17,5,1,True,0.635164835165,518,5,0.954821720874
2022-04-05,Energy,16,5,1,True,0.752941176471,575,5,0.812795771618
2022-04-05,Financials,18,5,1,True,0.81,349,5,0.798250155651
2022-04-05,Healthcare,13,5,1,True,0.786046511628,237,5,0.783662364841
2022-04-05,Industrials,17,5,1,True,0.635164835165,323,5,0.618264244867
2022-04-05,Materials,8,4,0.8,True,0.711111111111,95,5,0.802578923966
2022-04-05,RealEstate,10,4,0.8,True,0.555555555556,127,5,0.917724039829
2022-04-05,Tech,37,4,0.8,True,0.742005420054,717,5,0.839884331681
2022-04-05,Utilities,2,2,0.4,True,0.4,83,5,0.729380624669
2022-04-06,Comm,4,2,0.4,True,0.32,184,5,0.707840267614
2022-04-06,Consumer,15,5,1,True,0.737704918033,513,5,0.954565733873
2022-04-06,Energy,11,4,0.8,True,0.733333333333,547,5,0.813521119102
2022-04-06,Financials,13,4,0.8,True,0.689795918367,349,5,0.796006927425
2022-04-06,Healthcare,7,3,0.6,True,0.466666666667,233,5,0.773072267711
2022-04-06,Industrials,19,4,0.8,True,0.559689922481,329,5,0.594812474241
2022-04-06,Materials,7,4,0.8,True,0.653333333333,96,5,0.824329159213
2022-04-06,RealEstate,6,3,0.6,True,0.514285714286,131,5,0.924872002156
2022-04-06,Tech,33,5,1,True,0.666055045872,721,5,0.84323381753
2022-04-06,Utilities,4,3,0.6,True,0.533333333333,84,5,0.740398740818
2022-04-07,Comm,12,4,0.8,True,0.685714285714,183,5,0.725891405657
2022-04-07,Consumer,29,5,1,True,0.862564102564,510,5,0.952224052718
2022-04-07,Energy,17,4,0.8,True,0.73164556962,529,5,0.811851056731
2022-04-07,Financials,22,5,1,True,0.849122807018,355,5,0.793383487047
2022-04-07,Healthcare,5,4,0.8,True,0.714285714286,225,5,0.769318440848
2022-04-07,Industrials,11,4,0.8,True,0.44,322,5,0.575926234516
2022-04-07,Materials,2,2,0.4,True,0.4,95,5,0.829885057471
2022-04-07,RealEstate,6,5,1,True,0.9,134,5,0.926044352759
2022-04-07,Tech,22,4,0.8,True,0.58313253012,706,5,0.844477576538
2022-04-07,Utilities,5,3,0.6,True,0.454545454545,87,5,0.752759820985
2022-04-08,Comm,9,2,0.4,True,0.249230769231,183,5,0.692279069767
2022-04-08,Consumer,17,5,1,True,0.91746031746,506,5,0.950852304379
2022-04-08,Energy,20,4,0.8,True,0.754716981132,519,5,0.800823534658
2022-04-08,Financials,31,5,1,True,0.550716332378,365,5,0.794922282884
2022-04-08,Healthcare,14,5,1,True,0.7,224,5,0.777440347072
2022-04-08,Industrials,8,3,0.6,True,0.533333333333,311,5,0.562478555436
2022-04-08,Materials,5,3,0.6,True,0.555555555556,92,5,0.797737983035
2022-04-08,RealEstate,3,3,0.6,True,0.6,127,5,0.909444601071
2022-04-08,Tech,25,5,1,True,0.494071146245,695,5,0.838446783951
2022-04-08,Utilities,0,0,0,False,,80,5,0.717488789238
2022-04-11,Comm,20,3,0.6,True,0.272108843537,192,5,0.654313099042
2022-04-11,Consumer,33,5,1,True,0.888979591837,516,5,0.952819925565
2022-04-11,Energy,20,4,0.8,True,0.666666666667,512,5,0.79686293583
2022-04-11,Financials,40,5,1,True,0.780487804878,394,5,0.802128868909
2022-04-11,Healthcare,14,5,1,True,0.753846153846,222,5,0.791710843373
2022-04-11,Industrials,17,4,0.8,True,0.485714285714,318,5,0.558634405038
2022-04-11,Materials,4,2,0.4,True,0.32,91,5,0.787541607228
2022-04-11,RealEstate,9,4,0.8,True,0.771428571429,132,5,0.894455852156
2022-04-11,Tech,55,5,1,True,0.675977653631,729,5,0.827899332466
2022-04-11,Utilities,4,3,0.6,True,0.533333333333,83,5,0.720983778127
2022-04-12,Comm,9,3,0.6,True,0.317647058824,188,5,0.636255625563
2022-04-12,Consumer,13,3,0.6,True,0.489855072464,501,5,0.941012615517
2022-04-12,Energy,21,5,1,True,0.694488188976,501,5,0.794973632952
2022-04-12,Financials,26,4,0.8,True,0.631775700935,397,5,0.79378006094
2022-04-12,Healthcare,16,5,1,True,0.775757575758,230,5,0.790496114764
2022-04-12,Industrials,10,4,0.8,True,0.555555555556,316,5,0.566912683093
2022-04-12,Materials,14,4,0.8,True,0.725925925926,102,5,0.79663093415
2022-04-12,RealEstate,9,5,1,True,0.852631578947,133,5,0.884671167792
2022-04-12,Tech,15,5,1,True,0.652173913043,718,5,0.828896678136
2022-04-12,Utilities,4,4,0.8,True,0.8,80,5,0.728929384966
2022-04-13,Comm,10,4,0.8,True,0.666666666667,189,5,0.656817137078
2022-04-13,Consumer,16,5,1,True,0.914285714286,489,5,0.941810590992
2022-04-13,Energy,28,4,0.8,True,0.761165048544,496,5,0.800624837282
2022-04-13,Financials,36,5,1,True,0.766863905325,413,5,0.806072635335
2022-04-13,Healthcare,12,5,1,True,0.847058823529,232,5,0.804905039629
2022-04-13,Industrials,5,3,0.6,True,0.555555555556,309,5,0.553657475863
2022-04-13,Materials,9,4,0.8,True,0.6,108,5,0.807197231834
2022-04-13,RealEstate,5,2,0.4,True,0.384615384615,129,5,0.841091736164
2022-04-13,Tech,26,5,1,True,0.662745098039,708,5,0.816656891496
2022-04-13,Utilities,1,1,0.2,True,0.2,79,5,0.716944284894
2022-04-14,Comm,10,4,0.8,True,0.588235294118,196,5,0.660636285469
2022-04-14,Consumer,21,5,1,True,0.794594594595,485,5,0.942237977929
2022-04-14,Energy,8,4,0.8,True,0.711111111111,475,5,0.801467062146
2022-04-14,Financials,83,5,1,True,0.734043686734,482,5,0.806428546635
2022-04-14,Healthcare,15,4,0.8,True,0.569620253165,231,5,0.797563709738
2022-04-14,Industrials,4,3,0.6,True,0.533333333333,295,5,0.547516436503
2022-04-14,Materials,11,5,1,True,0.78064516129,116,5,0.792928697702
2022-04-14,RealEstate,8,3,0.6,True,0.581818181818,133,5,0.871593988667
2022-04-14,Tech,25,5,1,True,0.641025641026,702,5,0.818788110389
2022-04-14,Utilities,2,2,0.4,True,0.4,75,5,0.698324022346
2022-04-18,Comm,17,5,1,True,0.770666666667,207,5,0.669986709405
2022-04-18,Consumer,30,5,1,True,0.656934306569,490,5,0.935187349069
2022-04-18,Energy,15,4,0.8,True,0.483870967742,458,5,0.801451877889
2022-04-18,Financials,27,5,1,True,0.718226600985,493,5,0.807726691148
2022-04-18,Healthcare,9,3,0.6,True,0.558620689655,227,5,0.805329374072
2022-04-18,Industrials,8,4,0.8,True,0.64,285,5,0.558996593373
2022-04-18,Materials,8,5,1,True,0.64,118,5,0.812368728121
2022-04-18,RealEstate,6,3,0.6,True,0.4,138,5,0.869986295112
2022-04-18,Tech,24,5,1,True,0.606315789474,700,5,0.801164140547
2022-04-18,Utilities,5,2,0.4,True,0.294117647059,75,5,0.666864256076
2022-04-19,Comm,16,5,1,True,0.457142857143,216,5,0.635900231702
2022-04-19,Consumer,25,5,1,True,0.827814569536,496,5,0.933859702399
2022-04-19,Energy,13,5,1,True,0.71914893617,460,5,0.804287506177
2022-04-19,Financials,23,5,1,True,0.860162601626,508,5,0.816916745806
2022-04-19,Healthcare,19,5,1,True,0.793406593407,240,5,0.832129442358
2022-04-19,Industrials,10,4,0.8,True,0.588235294118,277,5,0.591793606109
2022-04-19,Materials,12,4,0.8,True,0.411428571429,124,5,0.772275238574
2022-04-19,RealEstate,11,5,1,True,0.691428571429,139,5,0.858139018432
2022-04-19,Tech,24,5,1,True,0.757894736842,700,5,0.808847804556
2022-04-19,Utilities,3,3,0.6,True,0.6,77,5,0.670322215941
2022-04-20,Comm,12,3,0.6,True,0.514285714286,219,5,0.636467387698
2022-04-20,Consumer,28,5,1,True,0.572262773723,488,5,0.910928355583
2022-04-20,Energy,10,5,1,True,0.769230769231,435,5,0.805572702697
2022-04-20,Financials,11,5,1,True,0.834482758621,502,5,0.812785034672
2022-04-20,Healthcare,16,4,0.8,True,0.595348837209,240,5,0.841490138787
2022-04-20,Industrials,14,5,1,True,0.784,249,5,0.649599245639
2022-04-20,Materials,15,3,0.6,True,0.584415584416,129,5,0.754522783949
2022-04-20,RealEstate,7,3,0.6,True,0.466666666667,133,5,0.889117868811
2022-04-20,Tech,17,4,0.8,True,0.791780821918,686,5,0.812142548969
2022-04-20,Utilities,2,2,0.4,True,0.4,70,5,0.629011553273
2022-04-21,Comm,27,4,0.8,True,0.372890025575,237,5,0.609770395701
2022-04-21,Consumer,25,5,1,True,0.730994152047,488,5,0.881720907846
2022-04-21,Energy,23,4,0.8,True,0.597740112994,423,5,0.800487641203
2022-04-21,Financials,14,5,1,True,0.933333333333,508,5,0.824696408028
2022-04-21,Healthcare,17,5,1,True,0.979661016949,246,5,0.854625052959
2022-04-21,Industrials,12,5,1,True,0.847058823529,252,5,0.670935023772
2022-04-21,Materials,20,5,1,True,0.666666666667,146,5,0.741426086957
2022-04-21,RealEstate,11,5,1,True,0.78064516129,138,5,0.911632359981
2022-04-21,Tech,23,5,1,True,0.92,684,5,0.80042428701
2022-04-21,Utilities,18,5,1,True,0.415384615385,85,5,0.590519002861
2022-04-22,Comm,12,4,0.8,True,0.48,241,5,0.595488798893
2022-04-22,Consumer,24,5,1,True,0.859701492537,497,5,0.898394224299
2022-04-22,Energy,28,5,1,True,0.580740740741,427,5,0.839742084053
2022-04-22,Financials,19,5,1,True,0.962666666667,518,5,0.828953628472
2022-04-22,Healthcare,9,4,0.8,True,0.648,248,5,0.852564457998
2022-04-22,Industrials,11,5,1,True,0.896296296296,253,5,0.691652709493
2022-04-22,Materials,20,4,0.8,True,0.606060606061,165,5,0.741724560687
2022-04-22,RealEstate,3,2,0.4,True,0.36,140,5,0.921485660555
2022-04-22,Tech,9,5,1,True,0.852631578947,643,5,0.775738074018
2022-04-22,Utilities,13,5,1,True,0.751111111111,97,5,0.643790626069
2022-04-25,Comm,17,3,0.6,True,0.448062015504,249,5,0.581213967659
2022-04-25,Consumer,58,5,1,True,0.696480331263,534,5,0.918613491399
2022-04-25,Energy,48,5,1,True,0.770568561873,442,5,0.858629631257
2022-04-25,Financials,30,5,1,True,0.796460176991,529,5,0.833840377825
2022-04-25,Healthcare,26,5,1,True,0.952112676056,264,5,0.864929262844
2022-04-25,Industrials,24,5,1,True,0.859701492537,268,5,0.732225507187
2022-04-25,Materials,15,5,1,True,0.569620253165,176,5,0.734899169632
2022-04-25,RealEstate,7,5,1,True,0.753846153846,142,5,0.942683496961
2022-04-25,Tech,39,5,1,True,0.802638522427,626,5,0.78076946066
2022-04-25,Utilities,13,4,0.8,True,0.59298245614,108,5,0.635294117647
2022-04-26,Comm,13,4,0.8,True,0.536507936508,261,5,0.582903350019
2022-04-26,Consumer,17,5,1,True,0.770666666667,529,5,0.911133540625
2022-04-26,Energy,25,4,0.8,True,0.730994152047,436,5,0.866712260065
2022-04-26,Financials,28,5,1,True,0.732710280374,541,5,0.834621800813
2022-04-26,Healthcare,25,5,1,True,0.838926174497,282,5,0.873698088332
2022-04-26,Industrials,60,5,1,True,0.772532188841,311,5,0.832044389006
2022-04-26,Materials,13,4,0.8,True,0.46301369863,185,5,0.768496687998
2022-04-26,RealEstate,5,4,0.8,True,0.714285714286,142,5,0.957909738717
2022-04-26,Tech,22,5,1,True,0.645333333333,615,5,0.78428424796
2022-04-26,Utilities,4,4,0.8,True,0.8,110,5,0.661563696009
2022-04-27,Comm,18,4,0.8,True,0.635294117647,265,5,0.595606632458
2022-04-27,Consumer,28,5,1,True,0.746666666667,520,5,0.918072861848
2022-04-27,Energy,28,5,1,True,0.732710280374,435,5,0.871944335645
2022-04-27,Financials,26,4,0.8,True,0.381920903955,542,5,0.835767731657
2022-04-27,Healthcare,20,5,1,True,0.851063829787,290,5,0.883496165564
2022-04-27,Industrials,31,5,1,True,0.377603143418,326,5,0.80299206649
2022-04-27,Materials,3,2,0.4,True,0.36,185,5,0.774408869782
2022-04-27,RealEstate,15,4,0.8,True,0.652173913043,149,5,0.969687704739
2022-04-27,Tech,32,5,1,True,0.832520325203,612,5,0.788165232213
2022-04-27,Utilities,6,3,0.6,True,0.514285714286,109,5,0.694186386211
2022-04-28,Comm,14,5,1,True,0.725925925926,268,5,0.592314035956
2022-04-28,Consumer,13,5,1,True,0.866666666667,509,5,0.914430424424
2022-04-28,Energy,33,5,1,True,0.695846645367,440,5,0.875661495319
2022-04-28,Financials,18,5,1,True,0.689361702128,545,5,0.834867542688
2022-04-28,Healthcare,31,5,1,True,0.817872340426,311,5,0.888938927439
2022-04-28,Industrials,23,5,1,True,0.474439461883,335,5,0.828014903899
2022-04-28,Materials,6,3,0.6,True,0.514285714286,187,5,0.768971962617
2022-04-28,RealEstate,4,2,0.4,True,0.4,147,5,0.968796234028
2022-04-28,Tech,46,4,0.8,True,0.753024911032,630,5,0.800540551443
2022-04-28,Utilities,23,5,1,True,0.936283185841,125,5,0.776011919543
2022-04-29,Comm,12,4,0.8,True,0.626086956522,275,5,0.592974477594
2022-04-29,Consumer,32,5,1,True,0.867796610169,529,5,0.927870156999
2022-04-29,Energy,58,5,1,True,0.601788908766,485,5,0.854571215782
2022-04-29,Financials,5,3,0.6,True,0.454545454545,538,5,0.844155389641
2022-04-29,Healthcare,23,5,1,True,0.578142076503,326,5,0.882544427836
2022-04-29,Industrials,18,5,1,True,0.830769230769,337,5,0.846487534007
2022-04-29,Materials,1,1,0.2,True,0.2,184,5,0.774382433669
2022-04-29,RealEstate,9,4,0.8,True,0.648,150,5,0.973183391003
2022-04-29,Tech,27,5,1,True,0.690995260664,635,5,0.803901631827
2022-04-29,Utilities,9,3,0.6,True,0.39512195122,130,5,0.790088826554
2022-05-02,Comm,12,5,1,True,0.757894736842,277,5,0.591428681543
2022-05-02,Consumer,25,5,1,True,0.827814569536,528,5,0.920291816591
2022-05-02,Energy,35,4,0.8,True,0.718475073314,497,5,0.852858006042
2022-05-02,Financials,14,4,0.8,True,0.753846153846,537,5,0.849380716042
2022-05-02,Healthcare,13,5,1,True,0.71914893617,330,5,0.882710545513
2022-05-02,Industrials,14,5,1,True,0.816666666667,342,5,0.845482145439
2022-05-02,Materials,3,3,0.6,True,0.6,183,5,0.772258734002
2022-05-02,RealEstate,5,3,0.6,True,0.555555555556,149,5,0.970535519126
2022-05-02,Tech,33,5,1,True,0.634985422741,633,5,0.786922238479
2022-05-02,Utilities,12,3,0.6,True,0.576,136,5,0.781741335587
2022-05-03,Comm,7,3,0.6,True,0.466666666667,279,5,0.588523040865
2022-05-03,Consumer,25,5,1,True,0.748502994012,530,5,0.915252028282
2022-05-03,Energy,31,5,1,True,0.784489795918,514,5,0.853980670395
2022-05-03,Financials,13,5,1,True,0.662745098039,521,5,0.85456892345
2022-05-03,Healthcare,3,2,0.4,True,0.36,327,5,0.883455198909
2022-05-03,Industrials,7,4,0.8,True,0.653333333333,338,5,0.847696074794
2022-05-03,Materials,9,1,0.2,True,0.2,189,5,0.817882083572
2022-05-03,RealEstate,4,2,0.4,True,0.32,150,5,0.980392156863
2022-05-03,Tech,41,5,1,True,0.584695652174,632,5,0.779090270734
2022-05-03,Utilities,10,5,1,True,0.909090909091,143,5,0.820421263791
2022-05-04,Comm,5,4,0.8,True,0.714285714286,268,5,0.604782755136
2022-05-04,Consumer,31,5,1,True,0.351371115174,522,5,0.917949063469
2022-05-04,Energy,20,4,0.8,True,0.645161290323,508,5,0.866073765815
2022-05-04,Financials,7,3,0.6,True,0.515789473684,504,5,0.864941432852
2022-05-04,Healthcare,6,4,0.8,True,0.72,313,5,0.88216649408
2022-05-04,Industrials,8,5,1,True,0.8,331,5,0.841191600445
2022-05-04,Materials,3,2,0.4,True,0.36,188,5,0.825601494978
2022-05-04,RealEstate,7,4,0.8,True,0.653333333333,150,5,0.977835723598
2022-05-04,Tech,45,4,0.8,True,0.515923566879,620,5,0.770695911943
2022-05-04,Utilities,11,3,0.6,True,0.410169491525,151,5,0.821805730762
2022-05-05,Comm,9,4,0.8,True,0.771428571429,265,5,0.609936161897
2022-05-05,Consumer,21,5,1,True,0.766956521739,526,5,0.920198223966
2022-05-05,Energy,40,5,1,True,0.744186046512,532,5,0.872184899846
2022-05-05,Financials,13,5,1,True,0.71914893617,499,5,0.862864073464
2022-05-05,Healthcare,14,5,1,True,0.725925925926,314,5,0.884983394668
2022-05-05,Industrials,18,5,1,True,0.549152542373,332,5,0.830187542366
2022-05-05,Materials,3,2,0.4,True,0.36,183,5,0.815909367767
2022-05-05,RealEstate,4,2,0.4,True,0.32,144,5,0.978574799434
2022-05-05,Tech,25,5,1,True,0.714285714286,608,5,0.771837808494
2022-05-05,Utilities,19,5,1,True,0.776344086022,168,5,0.823097112861
2022-05-06,Comm,14,5,1,True,0.753846153846,275,5,0.631234088728
2022-05-06,Consumer,30,5,1,True,0.841121495327,541,5,0.926542887443
2022-05-06,Energy,27,5,1,True,0.894478527607,548,5,0.880424521387
2022-05-06,Financials,20,5,1,True,0.816326530612,506,5,0.866244882769
2022-05-06,Healthcare,8,4,0.8,True,0.711111111111,315,5,0.889471561113
2022-05-06,Industrials,3,3,0.6,True,0.6,316,5,0.849476818375
2022-05-06,Materials,5,3,0.6,True,0.555555555556,181,5,0.817900386968
2022-05-06,RealEstate,6,3,0.6,True,0.514285714286,144,5,0.986019971469
2022-05-06,Tech,23,5,1,True,0.761151079137,598,5,0.779416316122
2022-05-06,Utilities,14,4,0.8,True,0.725925925926,178,5,0.829641267347
2022-05-09,Comm,14,5,1,True,0.52972972973,277,5,0.604379504549
2022-05-09,Consumer,29,5,1,True,0.782325581395,541,5,0.920539715989
2022-05-09,Energy,34,4,0.8,True,0.755555555556,565,5,0.872092229098
2022-05-09,Financials,13,4,0.8,True,0.751111111111,497,5,0.866561420127
2022-05-09,Healthcare,4,2,0.4,True,0.32,314,5,0.900666849365
2022-05-09,Industrials,17,5,1,True,0.608421052632,322,5,0.853085403982
2022-05-09,Materials,2,2,0.4,True,0.4,181,5,0.816677053471
2022-05-09,RealEstate,7,5,1,True,0.890909090909,145,5,0.984086122162
2022-05-09,Tech,33,5,1,True,0.743344709898,609,5,0.783879865155
2022-05-09,Utilities,12,4,0.8,True,0.533333333333,185,5,0.839156552654
2022-05-10,Comm,11,4,0.8,True,0.44,279,5,0.651416377254
2022-05-10,Consumer,24,5,1,True,0.78904109589,548,5,0.913222235738
2022-05-10,Energy,19,5,1,True,0.793406593407,564,5,0.880859548073
2022-05-10,Financials,13,4,0.8,True,0.450666666667,479,5,0.873212688626
2022-05-10,Healthcare,13,5,1,True,0.786046511628,313,5,0.910196497422
2022-05-10,Industrials,12,4,0.8,True,0.757894736842,326,5,0.865228364406
2022-05-10,Materials,8,4,0.8,True,0.581818181818,184,5,0.840933929459
2022-05-10,RealEstate,15,5,1,True,0.789473684211,157,5,0.985762847431
2022-05-10,Tech,25,5,1,True,0.576036866359,609,5,0.784941639594
2022-05-10,Utilities,1,1,0.2,True,0.2,186,5,0.840729040097
2022-05-11,Comm,14,3,0.6,True,0.362962962963,273,5,0.727502562351
2022-05-11,Consumer,26,5,1,True,0.466206896552,541,5,0.897670566946
2022-05-11,Energy,23,4,0.8,True,0.710067114094,567,5,0.885705627109
2022-05-11,Financials,14,5,1,True,0.852173913043,453,5,0.878256403672
2022-05-11,Healthcare,15,5,1,True,0.762711864407,314,5,0.914619666048
2022-05-11,Industrials,16,5,1,True,0.711111111111,325,5,0.870308573312
2022-05-11,Materials,1,1,0.2,True,0.2,181,5,0.854374755509
2022-05-11,RealEstate,5,3,0.6,True,0.555555555556,153,5,0.987929943026
2022-05-11,Tech,21,5,1,True,0.673282442748,575,5,0.789316621904
2022-05-11,Utilities,5,3,0.6,True,0.555555555556,187,5,0.849896706769
2022-05-12,Comm,11,4,0.8,True,0.620512820513,275,5,0.740731671482
2022-05-12,Consumer,33,5,1,True,0.603324099723,561,5,0.884731182796
2022-05-12,Energy,31,5,1,True,0.885714285714,577,5,0.890505931285
2022-05-12,Financials,11,4,0.8,True,0.691428571429,438,5,0.889360715776
2022-05-12,Healthcare,14,5,1,True,0.933333333333,312,5,0.925939313231
2022-05-12,Industrials,11,4,0.8,True,0.537777777778,326,5,0.867842560836
2022-05-12,Materials,8,4,0.8,True,0.64,175,5,0.856763183662
2022-05-12,RealEstate,5,3,0.6,True,0.454545454545,149,5,0.988248386379
2022-05-12,Tech,34,5,1,True,0.692215568862,594,5,0.787000646845
2022-05-12,Utilities,6,3,0.6,True,0.4,189,5,0.834310405232
2022-05-13,Comm,7,3,0.6,True,0.576470588235,272,5,0.735939520541
2022-05-13,Consumer,22,5,1,True,0.806666666667,567,5,0.880056391235
2022-05-13,Energy,34,4,0.8,True,0.649438202247,583,5,0.896201763985
2022-05-13,Financials,21,5,1,True,0.780530973451,423,5,0.885633677333
2022-05-13,Healthcare,12,4,0.8,True,0.685714285714,312,5,0.930897963087
2022-05-13,Industrials,11,4,0.8,True,0.620512820513,332,5,0.863892154558
2022-05-13,Materials,3,2,0.4,True,0.36,169,5,0.865878429589
2022-05-13,RealEstate,5,4,0.8,True,0.714285714286,149,5,0.989569868509
2022-05-13,Tech,24,5,1,True,0.662068965517,592,5,0.784632606457
2022-05-13,Utilities,4,2,0.4,True,0.4,192,5,0.825251846877
2022-05-16,Comm,10,3,0.6,True,0.454545454545,272,5,0.757955127548
2022-05-16,Consumer,60,5,1,True,0.577849117175,606,5,0.873186389899
2022-05-16,Energy,48,5,1,True,0.837818181818,623,5,0.897584496375
2022-05-16,Financials,22,5,1,True,0.733333333333,362,5,0.862983207112
2022-05-16,Healthcare,20,5,1,True,0.714285714286,317,5,0.944134918025
2022-05-16,Industrials,9,5,1,True,0.704347826087,337,5,0.858777269462
2022-05-16,Materials,4,1,0.2,True,0.2,162,5,0.866997026759
2022-05-16,RealEstate,9,4,0.8,True,0.771428571429,150,5,0.984251968504
2022-05-16,Tech,22,5,1,True,0.711764705882,589,5,0.785697946982
2022-05-16,Utilities,2,2,0.4,True,0.4,192,5,0.82562150056
2022-05-17,Comm,22,5,1,True,0.654054054054,277,5,0.783628657509
2022-05-17,Consumer,47,4,0.8,True,0.363621399177,623,5,0.873131994826
2022-05-17,Energy,24,4,0.8,True,0.61935483871,632,5,0.890696637231
2022-05-17,Financials,19,5,1,True,0.849411764706,354,5,0.875906898721
2022-05-17,Healthcare,14,4,0.8,True,0.502564102564,322,5,0.952015425581
2022-05-17,Industrials,14,5,1,True,0.376923076923,343,5,0.836615111111
2022-05-17,Materials,10,4,0.8,True,0.666666666667,164,5,0.880681074001
2022-05-17,RealEstate,9,4,0.8,True,0.704347826087,153,5,0.989182336784
2022-05-17,Tech,35,5,1,True,0.633074935401,600,5,0.782302577252
2022-05-17,Utilities,5,5,1,True,1,192,5,0.847058823529
2022-05-18,Comm,11,5,1,True,0.691428571429,272,5,0.807068833861
2022-05-18,Consumer,41,5,1,True,0.339939332659,639,5,0.866638367416
2022-05-18,Energy,29,5,1,True,0.680971659919,648,5,0.882151260504
2022-05-18,Financials,12,5,1,True,0.96,343,5,0.871764662295
2022-05-18,Healthcare,11,5,1,True,0.834482758621,314,5,0.961818359184
2022-05-18,Industrials,16,5,1,True,0.624390243902,349,5,0.820567925355
2022-05-18,Materials,1,1,0.2,True,0.2,153,5,0.904346146417
2022-05-18,RealEstate,5,3,0.6,True,0.555555555556,147,5,0.991921046592
2022-05-18,Tech,20,5,1,True,0.597014925373,596,5,0.776903897467
2022-05-18,Utilities,2,2,0.4,True,0.4,191,5,0.841836852429
2022-05-19,Comm,10,3,0.6,True,0.434782608696,270,5,0.804458177003
2022-05-19,Consumer,39,5,1,True,0.362574493445,650,5,0.850408598688
2022-05-19,Energy,21,4,0.8,True,0.741176470588,659,5,0.875363574978
2022-05-19,Financials,18,5,1,True,0.81,350,5,0.877507163324
2022-05-19,Healthcare,11,4,0.8,True,0.654054054054,309,5,0.962073656104
2022-05-19,Industrials,9,3,0.6,True,0.39512195122,344,5,0.807533779173
2022-05-19,Materials,5,3,0.6,True,0.454545454545,143,5,0.928444948922
2022-05-19,RealEstate,8,4,0.8,True,0.581818181818,148,5,0.970062001771
2022-05-19,Tech,25,4,0.8,True,0.609756097561,604,5,0.765744511146
2022-05-19,Utilities,3,2,0.4,True,0.36,192,5,0.833838498077
2022-05-20,Comm,7,5,1,True,0.890909090909,250,5,0.868779538504
2022-05-20,Consumer,43,5,1,True,0.582362204724,668,5,0.839919438327
2022-05-20,Energy,19,4,0.8,True,0.793406593407,655,5,0.878924455826
2022-05-20,Financials,10,4,0.8,True,0.47619047619,346,5,0.880005880623
2022-05-20,Healthcare,13,5,1,True,0.913513513514,305,5,0.960456352279
2022-05-20,Industrials,16,3,0.6,True,0.483018867925,348,5,0.793240322264
2022-05-20,Materials,4,3,0.6,True,0.533333333333,127,5,0.947371512482
2022-05-20,RealEstate,11,5,1,True,0.691428571429,148,5,0.948635773062
2022-05-20,Tech,21,5,1,True,0.728925619835,602,5,0.757739352249
2022-05-20,Utilities,9,3,0.6,True,0.558620689655,183,5,0.855511559586
2022-05-23,Comm,9,4,0.8,True,0.522580645161,247,5,0.875873950183
2022-05-23,Consumer,45,5,1,True,0.603576751118,689,5,0.822789943931
2022-05-23,Energy,19,5,1,True,0.829885057471,646,5,0.850589050589
2022-05-23,Financials,21,5,1,True,0.856310679612,348,5,0.87257006989
2022-05-23,Healthcare,17,5,1,True,0.791780821918,313,5,0.961470140831
2022-05-23,Industrials,10,4,0.8,True,0.666666666667,347,5,0.78629314004
2022-05-23,Materials,6,3,0.6,True,0.4,113,5,0.958273921201
2022-05-23,RealEstate,14,5,1,True,0.816666666667,159,5,0.950949783713
2022-05-23,Tech,37,5,1,True,0.604415011038,630,5,0.754376294832
2022-05-23,Utilities,8,4,0.8,True,0.8,178,5,0.840870488323
2022-05-24,Comm,11,5,1,True,0.691428571429,241,5,0.917044288308
2022-05-24,Consumer,28,5,1,True,0.526174496644,659,5,0.784899556295
2022-05-24,Energy,22,5,1,True,0.75625,620,5,0.83831290618
2022-05-24,Financials,13,5,1,True,0.71914893617,331,5,0.877365365365
2022-05-24,Healthcare,12,4,0.8,True,0.654545454545,299,5,0.952442337399
2022-05-24,Industrials,7,3,0.6,True,0.362962962963,330,5,0.759679107081
2022-05-24,Materials,2,2,0.4,True,0.4,100,5,0.974658869396
2022-05-24,RealEstate,4,3,0.6,True,0.533333333333,156,5,0.938526802931
2022-05-24,Tech,14,5,1,True,0.7,605,5,0.748724085381
2022-05-24,Utilities,5,2,0.4,True,0.294117647059,170,5,0.843549328663
2022-05-25,Comm,11,5,1,True,0.456603773585,239,5,0.907618971955
2022-05-25,Consumer,28,5,1,True,0.632258064516,670,5,0.773605390594
2022-05-25,Energy,26,4,0.8,True,0.620183486239,621,5,0.835525560334
2022-05-25,Financials,5,3,0.6,True,0.454545454545,308,5,0.883113014336
2022-05-25,Healthcare,16,4,0.8,True,0.711111111111,290,5,0.946326094295
2022-05-25,Industrials,11,4,0.8,True,0.620512820513,281,5,0.681726742931
2022-05-25,Materials,5,3,0.6,True,0.454545454545,92,5,0.922004357298
2022-05-25,RealEstate,5,4,0.8,True,0.714285714286,156,5,0.931343283582
2022-05-25,Tech,36,5,1,True,0.451567944251,619,5,0.73631707903
2022-05-25,Utilities,4,3,0.6,True,0.533333333333,170,5,0.847755940158
2022-05-26,Comm,11,5,1,True,0.896296296296,232,5,0.895276114438
2022-05-26,Consumer,28,5,1,True,0.526174496644,670,5,0.762657152565
2022-05-26,Energy,23,5,1,True,0.807633587786,616,5,0.835935056066
2022-05-26,Financials,17,5,1,True,0.947540983607,299,5,0.891558214909
2022-05-26,Healthcare,24,5,1,True,0.847058823529,294,5,0.933736631738
2022-05-26,Industrials,14,4,0.8,True,0.675862068966,264,5,0.730030376034
2022-05-26,Materials,7,4,0.8,True,0.515789473684,96,5,0.908875739645
2022-05-26,RealEstate,4,3,0.6,True,0.533333333333,145,5,0.902554196179
2022-05-26,Tech,31,5,1,True,0.467639902676,618,5,0.714798525201
2022-05-26,Utilities,3,2,0.4,True,0.36,167,5,0.828181143281
2022-05-27,Comm,9,4,0.8,True,0.6,227,5,0.870201806975
2022-05-27,Consumer,17,5,1,True,0.485714285714,674,5,0.748346072746
2022-05-27,Energy,20,5,1,True,0.769230769231,603,5,0.839986139186
2022-05-27,Financials,7,5,1,True,0.890909090909,288,5,0.892734904747
2022-05-27,Healthcare,14,4,0.8,True,0.725925925926,277,5,0.907123012354
2022-05-27,Industrials,9,5,1,True,0.852631578947,250,5,0.69793411502
2022-05-27,Materials,2,2,0.4,True,0.4,92,5,0.869886947585
2022-05-27,RealEstate,5,4,0.8,True,0.714285714286,146,5,0.902455546147
2022-05-27,Tech,17,5,1,True,0.583838383838,589,5,0.690781836464
2022-05-27,Utilities,1,1,0.2,True,0.2,145,5,0.788782592384
2022-05-31,Comm,10,3,0.6,True,0.526315789474,225,5,0.85841458245
2022-05-31,Consumer,26,5,1,True,0.676,668,5,0.724766112266
2022-05-31,Energy,31,5,1,True,0.742084942085,576,5,0.839344262295
2022-05-31,Financials,17,5,1,True,0.814084507042,300,5,0.890119671645
2022-05-31,Healthcare,18,5,1,True,0.689361702128,272,5,0.910684391925
2022-05-31,Industrials,11,4,0.8,True,0.562790697674,243,5,0.681426345854
2022-05-31,Materials,4,3,0.6,True,0.533333333333,95,5,0.863223338116
2022-05-31,RealEstate,6,3,0.6,True,0.4,143,5,0.868138399491
2022-05-31,Tech,27,5,1,True,0.610041841004,589,5,0.67674076097
2022-05-31,Utilities,10,5,1,True,0.714285714286,146,5,0.802258185924
2022-06-01,Comm,5,2,0.4,True,0.294117647059,218,5,0.846526540791
2022-06-01,Consumer,28,5,1,True,0.725925925926,671,5,0.710938647255
2022-06-01,Energy,21,5,1,True,0.809174311927,562,5,0.846539801662
2022-06-01,Financials,15,4,0.8,True,0.737704918033,301,5,0.888898700025
2022-06-01,Healthcare,9,4,0.8,True,0.6,268,5,0.898698698699
2022-06-01,Industrials,13,5,1,True,0.786046511628,242,5,0.696444285884
2022-06-01,Materials,8,4,0.8,True,0.711111111111,100,5,0.863557858377
2022-06-01,RealEstate,3,2,0.4,True,0.36,141,5,0.879884930294
2022-06-01,Tech,19,4,0.8,True,0.627826086957,575,5,0.684205080449
2022-06-01,Utilities,6,4,0.8,True,0.72,140,5,0.807248764415
2022-06-02,Comm,8,5,1,True,0.8,219,5,0.856828941492
2022-06-02,Consumer,16,5,1,True,0.853333333333,662,5,0.706013886875
2022-06-02,Energy,21,5,1,True,0.824299065421,552,5,0.844289276808
2022-06-02,Financials,11,4,0.8,True,0.562790697674,299,5,0.885377568705
2022-06-02,Healthcare,11,5,1,True,0.691428571429,276,5,0.906317668055
2022-06-02,Industrials,14,4,0.8,True,0.593939393939,249,5,0.697541767452
2022-06-02,Materials,3,3,0.6,True,0.6,94,5,0.781946902655
2022-06-02,RealEstate,6,4,0.8,True,0.72,143,5,0.876698821008
2022-06-02,Tech,27,5,1,True,0.665753424658,561,5,0.673178400693
2022-06-02,Utilities,3,2,0.4,True,0.36,133,5,0.800588368409
2022-06-03,Comm,13,4,0.8,True,0.662745098039,227,5,0.848004607916
2022-06-03,Consumer,14,4,0.8,True,0.632258064516,645,5,0.673686511696
2022-06-03,Energy,18,5,1,True,0.952941176471,550,5,0.852160685109
2022-06-03,Financials,9,4,0.8,True,0.648,301,5,0.891698243197
2022-06-03,Healthcare,10,4,0.8,True,0.714285714286,280,5,0.891212913493
2022-06-03,Industrials,8,3,0.6,True,0.492307692308,249,5,0.690934418009
2022-06-03,Materials,2,2,0.4,True,0.4,93,5,0.788063781321
2022-06-03,RealEstate,8,4,0.8,True,0.8,144,5,0.876045627376
2022-06-03,Tech,23,5,1,True,0.860162601626,539,5,0.685247602986
2022-06-03,Utilities,6,3,0.6,True,0.6,128,5,0.771738106453
2022-06-06,Comm,8,5,1,True,0.8,226,5,0.837174233732
2022-06-06,Consumer,36,4,0.8,True,0.771428571429,660,5,0.681956947162
2022-06-06,Energy,24,4,0.8,True,0.505263157895,534,5,0.838274980157
2022-06-06,Financials,14,5,1,True,0.933333333333,302,5,0.899713919306
2022-06-06,Healthcare,22,5,1,True,0.896296296296,288,5,0.886532706285
2022-06-06,Industrials,12,4,0.8,True,0.626086956522,243,5,0.705273215885
2022-06-06,Materials,5,4,0.8,True,0.714285714286,95,5,0.784441547153
2022-06-06,RealEstate,9,3,0.6,True,0.462857142857,149,5,0.867395975777
2022-06-06,Tech,17,5,1,True,0.814084507042,531,5,0.687533680399
2022-06-06,Utilities,6,3,0.6,True,0.514285714286,115,5,0.75549842902
2022-06-07,Comm,6,2,0.4,True,0.36,218,5,0.819096863151
2022-06-07,Consumer,30,5,1,True,0.566037735849,660,5,0.651364485981
2022-06-07,Energy,23,5,1,True,0.73986013986,530,5,0.828540247176
2022-06-07,Financials,13,5,1,True,0.751111111111,295,5,0.899622680519
2022-06-07,Healthcare,5,2,0.4,True,0.384615384615,285,5,0.87910601223
2022-06-07,Industrials,8,5,1,True,0.64,248,5,0.695510573335
2022-06-07,Materials,5,4,0.8,True,0.714285714286,95,5,0.794804051079
2022-06-07,RealEstate,8,5,1,True,0.8,151,5,0.86646399392
2022-06-07,Tech,22,5,1,True,0.744615384615,530,5,0.68560689268
2022-06-07,Utilities,5,4,0.8,True,0.714285714286,106,5,0.751069518717
2022-06-08,Comm,9,3,0.6,True,0.462857142857,213,5,0.838691191422
2022-06-08,Consumer,18,4,0.8,True,0.6,649,5,0.640030694657
2022-06-08,Energy,27,5,1,True,0.814525139665,523,5,0.837107312818
2022-06-08,Financials,10,3,0.6,True,0.37037037037,292,5,0.888259193666
2022-06-08,Healthcare,6,4,0.8,True,0.72,287,5,0.894197470553
2022-06-08,Industrials,7,4,0.8,True,0.753846153846,238,5,0.706901285411
2022-06-08,Materials,3,2,0.4,True,0.36,96,5,0.8
2022-06-08,RealEstate,7,2,0.4,True,0.337931034483,151,5,0.832913242009
2022-06-08,Tech,27,4,0.8,True,0.474918566775,524,5,0.693461295618
2022-06-08,Utilities,3,3,0.6,True,0.6,97,5,0.76155402671
2022-06-09,Comm,14,5,1,True,0.816666666667,216,5,0.842014076881
2022-06-09,Consumer,23,5,1,True,0.889075630252,648,5,0.642585621155
2022-06-09,Energy,10,4,0.8,True,0.555555555556,514,5,0.829735247009
2022-06-09,Financials,11,3,0.6,True,0.590243902439,290,5,0.897928678198
2022-06-09,Healthcare,7,4,0.8,True,0.653333333333,281,5,0.879837316842
2022-06-09,Industrials,19,4,0.8,True,0.67476635514,245,5,0.699469789664
2022-06-09,Materials,5,4,0.8,True,0.714285714286,93,5,0.765059708094
2022-06-09,RealEstate,4,2,0.4,True,0.32,140,5,0.825958702065
2022-06-09,Tech,15,5,1,True,0.762711864407,514,5,0.709612956944
2022-06-09,Utilities,11,5,1,True,0.78064516129,107,5,0.784984573192
2022-06-10,Comm,10,5,1,True,0.625,212,5,0.835545640454
2022-06-10,Consumer,24,5,1,True,0.66976744186,646,5,0.634112838279
2022-06-10,Energy,19,5,1,True,0.829885057471,510,5,0.82966507177
2022-06-10,Financials,14,4,0.8,True,0.753846153846,290,5,0.891550938196
2022-06-10,Healthcare,12,4,0.8,True,0.685714285714,278,5,0.87149300857
2022-06-10,Industrials,10,3,0.6,True,0.555555555556,239,5,0.700742194688
2022-06-10,Materials,5,3,0.6,True,0.454545454545,97,5,0.774084738791
2022-06-10,RealEstate,9,4,0.8,True,0.648,144,5,0.827124052653
2022-06-10,Tech,18,5,1,True,0.72,511,5,0.712851312431
2022-06-10,Utilities,8,4,0.8,True,0.711111111111,110,5,0.813172043011
2022-06-13,Comm,10,5,1,True,0.769230769231,211,5,0.851669057867
2022-06-13,Consumer,42,5,1,True,0.735,655,5,0.63608732718
2022-06-13,Energy,28,4,0.8,True,0.670085470085,507,5,0.818431903208
2022-06-13,Financials,14,5,1,True,0.753846153846,293,5,0.889488680516
2022-06-13,Healthcare,15,4,0.8,True,0.616438356164,279,5,0.870753397841
2022-06-13,Industrials,20,5,1,True,0.493827160494,248,5,0.688888888889
2022-06-13,Materials,10,3,0.6,True,0.555555555556,99,5,0.737749341362
2022-06-13,RealEstate,12,4,0.8,True,0.626086956522,151,5,0.829881710646
2022-06-13,Tech,36,5,1,True,0.967164179104,513,5,0.73864743113
2022-06-13,Utilities,11,5,1,True,0.834482758621,115,5,0.841552656697
2022-06-14,Comm,11,4,0.8,True,0.361194029851,215,5,0.826701242958
2022-06-14,Consumer,20,4,0.8,True,0.615384615385,653,5,0.639835842955
2022-06-14,Energy,19,4,0.8,True,0.687619047619,492,5,0.811614417435
2022-06-14,Financials,23,5,1,True,0.860162601626,295,5,0.90157990158
2022-06-14,Healthcare,11,5,1,True,0.834482758621,278,5,0.877628889394
2022-06-14,Industrials,14,5,1,True,0.816666666667,251,5,0.69787870396
2022-06-14,Materials,7,4,0.8,True,0.653333333333,103,5,0.765164082221
2022-06-14,RealEstate,8,5,1,True,0.914285714286,154,5,0.841291238028
2022-06-14,Tech,19,5,1,True,0.829885057471,508,5,0.753493532658
2022-06-14,Utilities,8,3,0.6,True,0.533333333333,119,5,0.846190618464
2022-06-15,Comm,10,5,1,True,0.833333333333,215,5,0.824930846792
2022-06-15,Consumer,22,5,1,True,0.66301369863,615,5,0.649341173441
2022-06-15,Energy,16,5,1,True,0.595348837209,460,5,0.799214382837
2022-06-15,Financials,15,5,1,True,0.789473684211,288,5,0.905205718651
2022-06-15,Healthcare,15,5,1,True,0.818181818182,273,5,0.88793709418
2022-06-15,Industrials,18,5,1,True,0.483582089552,260,5,0.680422747861
2022-06-15,Materials,10,4,0.8,True,0.588235294118,109,5,0.773754477369
2022-06-15,RealEstate,9,3,0.6,True,0.490909090909,154,5,0.813305898491
2022-06-15,Tech,20,5,1,True,0.869565217391,506,5,0.774247784935
2022-06-15,Utilities,4,3,0.6,True,0.533333333333,121,5,0.83495865412
2022-06-16,Comm,13,5,1,True,0.662745098039,206,5,0.78833364295
2022-06-16,Consumer,22,5,1,True,0.722388059701,590,5,0.682682878996
2022-06-16,Energy,10,5,1,True,0.909090909091,446,5,0.810710792305
2022-06-16,Financials,18,5,1,True,0.830769230769,287,5,0.903614722177
2022-06-16,Healthcare,4,4,0.8,True,0.8,263,5,0.90493883692
2022-06-16,Industrials,17,5,1,True,0.502608695652,263,5,0.688557065353
2022-06-16,Materials,6,2,0.4,True,0.276923076923,105,5,0.751277683135
2022-06-16,RealEstate,5,4,0.8,True,0.714285714286,150,5,0.810226863522
2022-06-16,Tech,30,5,1,True,0.818181818182,501,5,0.803293168835
2022-06-16,Utilities,9,5,1,True,0.704347826087,125,5,0.838475986048
2022-06-17,Comm,9,4,0.8,True,0.522580645161,204,5,0.773100501579
2022-06-17,Consumer,17,5,1,True,0.814084507042,566,5,0.718899510794
2022-06-17,Energy,24,5,1,True,0.748051948052,441,5,0.815314314461
2022-06-17,Financials,13,5,1,True,0.71914893617,288,5,0.896594962707
2022-06-17,Healthcare,11,4,0.8,True,0.537777777778,263,5,0.892906473891
2022-06-17,Industrials,9,3,0.6,True,0.39512195122,256,5,0.680610655312
2022-06-17,Materials,6,2,0.4,True,0.36,110,5,0.726726726727
2022-06-17,RealEstate,8,3,0.6,True,0.426666666667,153,5,0.806511627907
2022-06-17,Tech,19,4,0.8,True,0.559689922481,500,5,0.824347940779
2022-06-17,Utilities,6,5,1,True,0.9,129,5,0.854041570439
2022-06-21,Comm,12,4,0.8,True,0.496551724138,206,5,0.775937100018
2022-06-21,Consumer,48,5,1,True,0.876045627376,575,5,0.764495057518
2022-06-21,Energy,39,4,0.8,True,0.581644359465,459,5,0.801937460746
2022-06-21,Financials,26,5,1,True,0.845,296,5,0.89477124183
2022-06-21,Healthcare,18,4,0.8,True,0.635294117647,270,5,0.886969217666
2022-06-21,Industrials,18,5,1,True,0.830769230769,265,5,0.706098235383
2022-06-21,Materials,5,4,0.8,True,0.714285714286,110,5,0.733778047301
2022-06-21,RealEstate,11,4,0.8,True,0.78064516129,156,5,0.813913043478
2022-06-21,Tech,33,5,1,True,0.738305084746,508,5,0.834645363692
2022-06-21,Utilities,7,3,0.6,True,0.362962962963,133,5,0.844948650585
2022-06-22,Comm,8,3,0.6,True,0.533333333333,207,5,0.770457610357
2022-06-22,Consumer,23,5,1,True,0.633532934132,555,5,0.776556453341
2022-06-22,Energy,38,5,1,True,0.584615384615,478,5,0.782935270534
2022-06-22,Financials,8,3,0.6,True,0.581818181818,294,5,0.883894058697
2022-06-22,Healthcare,20,5,1,True,0.833333333333,277,5,0.890075981672
2022-06-22,Industrials,19,5,1,True,0.65045045045,268,5,0.715449745991
2022-06-22,Materials,9,3,0.6,True,0.39512195122,115,5,0.72366621067
2022-06-22,RealEstate,4,2,0.4,True,0.32,149,5,0.816964121435
2022-06-22,Tech,20,5,1,True,0.714285714286,507,5,0.836625494312
2022-06-22,Utilities,11,5,1,True,0.896296296296,135,5,0.850641773629
2022-06-23,Comm,9,3,0.6,True,0.462857142857,207,5,0.777447155947
2022-06-23,Consumer,29,5,1,True,0.754260089686,539,5,0.788655581948
2022-06-23,Energy,40,5,1,True,0.730593607306,499,5,0.77760567119
2022-06-23,Financials,25,5,1,True,0.862068965517,298,5,0.892592220324
2022-06-23,Healthcare,15,5,1,True,0.818181818182,275,5,0.899066753849
2022-06-23,Industrials,17,5,1,True,0.862686567164,275,5,0.726779107203
2022-06-23,Materials,12,5,1,True,0.9,121,5,0.759584954604
2022-06-23,RealEstate,6,4,0.8,True,0.6,141,5,0.791598646227
2022-06-23,Tech,22,5,1,True,0.91320754717,492,5,0.855077890424
2022-06-23,Utilities,6,3,0.6,True,0.514285714286,133,5,0.841331747919
2022-06-24,Comm,6,2,0.4,True,0.276923076923,202,5,0.771633888048
2022-06-24,Consumer,24,5,1,True,0.914285714286,535,5,0.815420993405
2022-06-24,Energy,18,5,1,True,0.689361702128,495,5,0.774256236867
2022-06-24,Financials,22,5,1,True,0.744615384615,307,5,0.888345350865
2022-06-24,Healthcare,11,4,0.8,True,0.44,274,5,0.907921151288
2022-06-24,Industrials,6,3,0.6,True,0.514285714286,274,5,0.735606505977
2022-06-24,Materials,2,2,0.4,True,0.4,121,5,0.772408335532
2022-06-24,RealEstate,4,3,0.6,True,0.533333333333,141,5,0.804084934277
2022-06-24,Tech,24,5,1,True,0.834782608696,502,5,0.861139967195
2022-06-24,Utilities,2,2,0.4,True,0.4,130,5,0.869788986104
2022-06-27,Comm,11,4,0.8,True,0.654054054054,202,5,0.78454143434
2022-06-27,Consumer,51,5,1,True,0.859834710744,558,5,0.850279909337
2022-06-27,Energy,26,5,1,True,0.682828282828,495,5,0.777326586615
2022-06-27,Financials,27,5,1,True,0.852631578947,329,5,0.892157428395
2022-06-27,Healthcare,22,4,0.8,True,0.681690140845,280,5,0.915032679739
2022-06-27,Industrials,24,5,1,True,0.859701492537,287,5,0.758706765532
2022-06-27,Materials,10,4,0.8,True,0.555555555556,126,5,0.754562737643
2022-06-27,RealEstate,8,5,1,True,0.914285714286,144,5,0.800617760618
2022-06-27,Tech,37,5,1,True,0.714882506527,503,5,0.880904548857
2022-06-27,Utilities,9,2,0.4,True,0.305660377358,135,5,0.835817473057
2022-06-28,Comm,5,4,0.8,True,0.714285714286,196,5,0.772802253068
2022-06-28,Consumer,37,5,1,True,0.54869739479,567,5,0.877342502763
2022-06-28,Energy,32,5,1,True,0.544680851064,504,5,0.788747088961
2022-06-28,Financials,26,4,0.8,True,0.72688172043,338,5,0.877989548109
2022-06-28,Healthcare,7,3,0.6,True,0.515789473684,263,5,0.918518026691
2022-06-28,Industrials,13,5,1,True,0.572881355932,286,5,0.750835322196
2022-06-28,Materials,4,3,0.6,True,0.533333333333,123,5,0.76583143508
2022-06-28,RealEstate,8,5,1,True,0.914285714286,148,5,0.809460458241
2022-06-28,Tech,27,5,1,True,0.814525139665,499,5,0.906793641545
2022-06-28,Utilities,7,4,0.8,True,0.653333333333,139,5,0.84834248079
2022-06-29,Comm,7,2,0.4,True,0.392,194,5,0.761862348178
2022-06-29,Consumer,31,5,1,True,0.817872340426,581,5,0.888914929755
2022-06-29,Energy,27,4,0.8,True,0.59028340081,511,5,0.782373297778
2022-06-29,Financials,15,4,0.8,True,0.692307692308,346,5,0.86782167452
2022-06-29,Healthcare,16,4,0.8,True,0.673684210526,265,5,0.912072212481
2022-06-29,Industrials,13,5,1,True,0.866666666667,290,5,0.754733913668
2022-06-29,Materials,3,2,0.4,True,0.36,124,5,0.788917393535
2022-06-29,RealEstate,7,4,0.8,True,0.653333333333,150,5,0.806162665711
2022-06-29,Tech,29,5,1,True,0.76803652968,511,5,0.913473614245
2022-06-29,Utilities,8,4,0.8,True,0.711111111111,146,5,0.864746450304
2022-06-30,Comm,14,5,1,True,0.933333333333,198,5,0.796505485575
2022-06-30,Consumer,30,5,1,True,0.681818181818,585,5,0.89502177239
2022-06-30,Energy,20,5,1,True,0.727272727273,500,5,0.779909530494
2022-06-30,Financials,18,5,1,True,0.753488372093,347,5,0.865722399971
2022-06-30,Healthcare,8,3,0.6,True,0.533333333333,255,5,0.896340202633
2022-06-30,Industrials,10,4,0.8,True,0.666666666667,289,5,0.758351114541
2022-06-30,Materials,3,2,0.4,True,0.36,123,5,0.778440957036
2022-06-30,RealEstate,3,2,0.4,True,0.36,147,5,0.828407130535
2022-06-30,Tech,31,5,1,True,0.810970464135,515,5,0.921384030154
2022-06-30,Utilities,6,5,1,True,0.9,142,5,0.882064741907
2022-07-01,Comm,8,4,0.8,True,0.711111111111,201,5,0.816264269118
2022-07-01,Consumer,18,4,0.8,True,0.549152542373,575,5,0.89072834301
2022-07-01,Energy,21,5,1,True,0.461780104712,500,5,0.772773639146
2022-07-01,Financials,10,5,1,True,0.833333333333,342,5,0.86582278481
2022-07-01,Healthcare,12,4,0.8,True,0.626086956522,258,5,0.885866382752
2022-07-01,Industrials,8,3,0.6,True,0.336842105263,284,5,0.723372197309
2022-07-01,Materials,2,2,0.4,True,0.4,117,5,0.783796163756
2022-07-01,RealEstate,6,5,1,True,0.9,150,5,0.834569732938
2022-07-01,Tech,23,5,1,True,0.761151079137,519,5,0.917957980473
2022-07-01,Utilities,4,3,0.6,True,0.533333333333,140,5,0.874609549308
2022-07-05,Comm,17,4,0.8,True,0.649438202247,210,5,0.810512773387
2022-07-05,Consumer,40,5,1,True,0.837696335079,599,5,0.887692821534
2022-07-05,Energy,55,5,1,True,0.865522174535,534,5,0.781078119864
2022-07-05,Financials,16,4,0.8,True,0.609523809524,347,5,0.862497761541
2022-07-05,Healthcare,24,5,1,True,0.859701492537,271,5,0.871548092328
2022-07-05,Industrials,17,4,0.8,True,0.550476190476,287,5,0.730254000621
2022-07-05,Materials,11,4,0.8,True,0.691428571429,125,5,0.766871165644
2022-07-05,RealEstate,9,4,0.8,True,0.771428571429,153,5,0.83232
2022-07-05,Tech,32,4,0.8,True,0.758518518519,524,5,0.922634408602
2022-07-05,Utilities,7,3,0.6,True,0.466666666667,144,5,0.872727272727
2022-07-06,Comm,8,3,0.6,True,0.492307692308,205,5,0.775011526049
2022-07-06,Consumer,23,5,1,True,0.92,608,5,0.889235284213
2022-07-06,Energy,28,5,1,True,0.922352941176,544,5,0.775818586971
2022-07-06,Financials,11,5,1,True,0.691428571429,349,5,0.859236005785
2022-07-06,Healthcare,13,5,1,True,0.476056338028,274,5,0.860765879385
2022-07-06,Industrials,11,5,1,True,0.691428571429,290,5,0.737589896509
2022-07-06,Materials,4,4,0.8,True,0.8,127,5,0.773387676816
2022-07-06,RealEstate,6,4,0.8,True,0.6,151,5,0.822102037137
2022-07-06,Tech,18,5,1,True,0.81,519,5,0.922232303347
2022-07-06,Utilities,4,3,0.6,True,0.533333333333,142,5,0.876314645806
2022-07-07,Comm,1,1,0.2,True,0.2,198,5,0.772340425532
2022-07-07,Consumer,17,5,1,True,0.696385542169,589,5,0.880186225881
2022-07-07,Energy,21,5,1,True,0.673282442748,541,5,0.784446737514
2022-07-07,Financials,17,5,1,True,0.862686567164,352,5,0.864707934957
2022-07-07,Healthcare,13,4,0.8,True,0.50447761194,265,5,0.822354938814
2022-07-07,Industrials,18,5,1,True,0.704347826087,296,5,0.734232799799
2022-07-07,Materials,6,4,0.8,True,0.72,128,5,0.773194903256
2022-07-07,RealEstate,8,4,0.8,True,0.711111111111,150,5,0.83395107487
2022-07-07,Tech,37,5,1,True,0.92813559322,539,5,0.926007617894
2022-07-07,Utilities,4,3,0.6,True,0.533333333333,140,5,0.885275519422
2022-07-08,Comm,8,2,0.4,True,0.32,200,5,0.766283524904
2022-07-08,Consumer,12,4,0.8,True,0.626086956522,571,5,0.880822898515
2022-07-08,Energy,17,4,0.8,True,0.791780821918,535,5,0.789597097891
2022-07-08,Financials,13,5,1,True,0.786046511628,352,5,0.871765285302
2022-07-08,Healthcare,9,5,1,True,0.704347826087,269,5,0.824110244291
2022-07-08,Industrials,10,4,0.8,True,0.714285714286,298,5,0.745187547201
2022-07-08,Materials,3,2,0.4,True,0.36,126,5,0.756720686368
2022-07-08,RealEstate,4,3,0.6,True,0.533333333333,146,5,0.821109399076
2022-07-08,Tech,13,5,1,True,0.786046511628,530,5,0.929978480384
2022-07-08,Utilities,7,4,0.8,True,0.653333333333,142,5,0.889849955869
2022-07-11,Comm,19,5,1,True,0.596694214876,210,5,0.763371992384
2022-07-11,Consumer,27,4,0.8,True,0.636681222707,580,5,0.878856754709
2022-07-11,Energy,30,4,0.8,True,0.588235294118,538,5,0.773356133273
2022-07-11,Financials,36,5,1,True,0.696774193548,378,5,0.88347245409
2022-07-11,Healthcare,25,5,1,True,0.827814569536,288,5,0.819847780963
2022-07-11,Industrials,10,4,0.8,True,0.47619047619,301,5,0.731154420369
2022-07-11,Materials,6,5,1,True,0.9,129,5,0.767396818077
2022-07-11,RealEstate,8,5,1,True,0.8,147,5,0.84724563811
2022-07-11,Tech,21,5,1,True,0.856310679612,524,5,0.925090124996
2022-07-11,Utilities,7,4,0.8,True,0.653333333333,146,5,0.88632016632
2022-07-12,Comm,9,5,1,True,0.852631578947,205,5,0.755098373911
2022-07-12,Consumer,31,5,1,True,0.765737051793,588,5,0.870146474052
2022-07-12,Energy,20,5,1,True,0.754716981132,548,5,0.781126284302
2022-07-12,Financials,22,4,0.8,True,0.597530864198,389,5,0.881541463983
2022-07-12,Healthcare,17,5,1,True,0.73164556962,298,5,0.815463728191
2022-07-12,Industrials,14,4,0.8,True,0.369811320755,296,5,0.707836484085
2022-07-12,Materials,1,1,0.2,True,0.2,125,5,0.772176921176
2022-07-12,RealEstate,4,4,0.8,True,0.8,147,5,0.858010720667
2022-07-12,Tech,22,5,1,True,0.849122807018,531,5,0.918963578587
2022-07-12,Utilities,0,0,0,False,,135,5,0.881073241479
2022-07-13,Comm,7,4,0.8,True,0.653333333333,202,5,0.76027575927
2022-07-13,Consumer,19,5,1,True,0.793406593407,583,5,0.870985431855
2022-07-13,Energy,23,5,1,True,0.936283185841,552,5,0.789429504119
2022-07-13,Financials,23,5,1,True,0.531658291457,398,5,0.883113118136
2022-07-13,Healthcare,25,5,1,True,0.541125541126,311,5,0.788690015085
2022-07-13,Industrials,14,5,1,True,0.445454545455,300,5,0.691403549205
2022-07-13,Materials,4,2,0.4,True,0.4,124,5,0.788917393535
2022-07-13,RealEstate,5,3,0.6,True,0.555555555556,143,5,0.849387331256
2022-07-13,Tech,22,5,1,True,0.672222222222,535,5,0.91447147718
2022-07-13,Utilities,3,3,0.6,True,0.6,130,5,0.845845845846
2022-07-14,Comm,8,3,0.6,True,0.426666666667,200,5,0.734888848062
2022-07-14,Consumer,23,5,1,True,0.889075630252,564,5,0.875983807452
2022-07-14,Energy,31,5,1,True,0.778137651822,555,5,0.800283194118
2022-07-14,Financials,50,4,0.8,True,0.51867219917,434,5,0.862672895484
2022-07-14,Healthcare,13,4,0.8,True,0.614545454545,309,5,0.780679448919
2022-07-14,Industrials,9,5,1,True,0.852631578947,289,5,0.723908992416
2022-07-14,Materials,7,4,0.8,True,0.653333333333,121,5,0.816336771675
2022-07-14,RealEstate,5,3,0.6,True,0.454545454545,136,5,0.8551086454
2022-07-14,Tech,28,5,1,True,0.80824742268,527,5,0.90352164224
2022-07-14,Utilities,6,3,0.6,True,0.6,125,5,0.852195254977
2022-07-15,Comm,4,3,0.6,True,0.533333333333,193,5,0.752277087751
2022-07-15,Consumer,24,5,1,True,0.66976744186,568,5,0.874936269458
2022-07-15,Energy,19,5,1,True,0.913924050633,555,5,0.810453475063
2022-07-15,Financials,55,5,1,True,0.7478368356,466,5,0.851892824919
2022-07-15,Healthcare,17,5,1,True,0.649438202247,315,5,0.768798667338
2022-07-15,Industrials,13,4,0.8,True,0.637735849057,288,5,0.716207581383
2022-07-15,Materials,1,1,0.2,True,0.2,115,5,0.808127100519
2022-07-15,RealEstate,9,4,0.8,True,0.522580645161,137,5,0.822300109529
2022-07-15,Tech,17,5,1,True,0.750649350649,525,5,0.9004263243
2022-07-15,Utilities,8,3,0.6,True,0.426666666667,125,5,0.844822925115
2022-07-18,Comm,18,4,0.8,True,0.549152542373,201,5,0.735968667456
2022-07-18,Consumer,31,5,1,True,0.693862815884,577,5,0.882363542398
2022-07-18,Energy,25,5,1,True,0.89928057554,564,5,0.821804841502
2022-07-18,Financials,55,5,1,True,0.467181467181,506,5,0.832799895915
2022-07-18,Healthcare,21,5,1,True,0.7056,321,5,0.761715024949
2022-07-18,Industrials,28,3,0.6,True,0.361290322581,298,5,0.691835462761
2022-07-18,Materials,5,2,0.4,True,0.384615384615,110,5,0.837370242215
2022-07-18,RealEstate,13,4,0.8,True,0.46301369863,141,5,0.808992878942
2022-07-18,Tech,28,5,1,True,0.834042553191,533,5,0.889626880862
2022-07-18,Utilities,13,5,1,True,0.751111111111,134,5,0.847780925401
2022-07-19,Comm,8,4,0.8,True,0.8,196,5,0.745941747573
2022-07-19,Consumer,24,5,1,True,0.677647058824,579,5,0.873307717356
2022-07-19,Energy,17,5,1,True,0.947540983607,571,5,0.824929472339
2022-07-19,Financials,16,5,1,True,0.731428571429,504,5,0.828547198121
2022-07-19,Healthcare,20,5,1,True,0.851063829787,337,5,0.766710548523
2022-07-19,Industrials,9,4,0.8,True,0.6,290,5,0.726064059397
2022-07-19,Materials,6,4,0.8,True,0.72,110,5,0.856940509915
2022-07-19,RealEstate,4,3,0.6,True,0.533333333333,140,5,0.79707198048
2022-07-19,Tech,20,5,1,True,0.56338028169,523,5,0.874327542393
2022-07-19,Utilities,7,4,0.8,True,0.653333333333,132,5,0.830109575989
2022-07-20,Comm,10,4,0.8,True,0.666666666667,197,5,0.754818632695
2022-07-20,Consumer,22,5,1,True,0.849122807018,584,5,0.874928811472
2022-07-20,Energy,23,5,1,True,0.874380165289,570,5,0.833782431288
2022-07-20,Financials,10,5,1,True,0.833333333333,501,5,0.833461174478
2022-07-20,Healthcare,32,5,1,True,0.731428571429,358,5,0.777788566574
2022-07-20,Industrials,12,4,0.8,True,0.496551724138,293,5,0.764087045525
2022-07-20,Materials,11,4,0.8,True,0.537777777778,115,5,0.856818918043
2022-07-20,RealEstate,7,5,1,True,0.753846153846,139,5,0.82976164913
2022-07-20,Tech,31,5,1,True,0.91961722488,535,5,0.86346290179
2022-07-20,Utilities,6,4,0.8,True,0.72,132,5,0.809289363679
2022-07-21,Comm,33,5,1,True,0.49164785553,218,5,0.74360819903
2022-07-21,Consumer,19,5,1,True,0.793406593407,555,5,0.867004433186
2022-07-21,Energy,21,5,1,True,0.969230769231,552,5,0.850867052023
2022-07-21,Financials,8,4,0.8,True,0.581818181818,483,5,0.832922148633
2022-07-21,Healthcare,14,3,0.6,True,0.466666666667,354,5,0.76055107119
2022-07-21,Industrials,7,3,0.6,True,0.576470588235,282,5,0.771029668412
2022-07-21,Materials,15,4,0.8,True,0.51724137931,125,5,0.817848730699
2022-07-21,RealEstate,7,3,0.6,True,0.515789473684,135,5,0.847083430165
2022-07-21,Tech,19,4,0.8,True,0.687619047619,521,5,0.8618405804
2022-07-21,Utilities,5,4,0.8,True,0.714285714286,130,5,0.831283817019
2022-07-22,Comm,19,4,0.8,True,0.714851485149,229,5,0.745165186501
2022-07-22,Consumer,22,5,1,True,0.91320754717,554,5,0.868417180692
2022-07-22,Energy,22,5,1,True,0.612658227848,536,5,0.880924784595
2022-07-22,Financials,16,5,1,True,0.948148148148,491,5,0.838965739242
2022-07-22,Healthcare,13,5,1,True,0.786046511628,347,5,0.751593271121
2022-07-22,Industrials,7,4,0.8,True,0.753846153846,270,5,0.795764654514
2022-07-22,Materials,5,3,0.6,True,0.555555555556,121,5,0.856449254168
2022-07-22,RealEstate,4,3,0.6,True,0.533333333333,135,5,0.84472769409
2022-07-22,Tech,23,5,1,True,0.719727891156,524,5,0.862063985432
2022-07-22,Utilities,13,5,1,True,0.824390243902,132,5,0.811551001397
2022-07-25,Comm,18,5,1,True,0.611320754717,238,5,0.74160775072
2022-07-25,Consumer,43,5,1,True,0.816335540839,568,5,0.867968792037
2022-07-25,Energy,35,5,1,True,0.859649122807,531,5,0.888920064944
2022-07-25,Financials,18,5,1,True,0.790243902439,484,5,0.83492889475
2022-07-25,Healthcare,15,5,1,True,0.762711864407,347,5,0.74402323354
2022-07-25,Industrials,16,3,0.6,True,0.568888888889,269,5,0.822330814251
2022-07-25,Materials,25,5,1,True,0.407166123779,134,5,0.823669724771
2022-07-25,RealEstate,12,5,1,True,0.72,141,5,0.872930845225
2022-07-25,Tech,33,5,1,True,0.867729083665,535,5,0.862214390071
2022-07-25,Utilities,8,3,0.6,True,0.533333333333,134,5,0.810288808664
2022-07-26,Comm,4,2,0.4,True,0.32,236,5,0.720237941291
2022-07-26,Consumer,83,5,1,True,0.449233778937,627,5,0.858088596405
2022-07-26,Energy,16,5,1,True,0.731428571429,529,5,0.887159002647
2022-07-26,Financials,10,3,0.6,True,0.454545454545,472,5,0.844999051773
2022-07-26,Healthcare,10,5,1,True,0.909090909091,346,5,0.760729491008
2022-07-26,Industrials,44,4,0.8,True,0.606896551724,307,5,0.88935126209
2022-07-26,Materials,7,4,0.8,True,0.753846153846,139,5,0.837313109426
2022-07-26,RealEstate,5,4,0.8,True,0.714285714286,142,5,0.884774023695
2022-07-26,Tech,12,3,0.6,True,0.514285714286,523,5,0.854257561798
2022-07-26,Utilities,12,5,1,True,0.757894736842,144,5,0.819604743083
2022-07-27,Comm,29,5,1,True,0.675502008032,254,5,0.735644241733
2022-07-27,Consumer,30,4,0.8,True,0.514285714286,606,5,0.829574410409
2022-07-27,Energy,27,5,1,True,0.779679144385,530,5,0.884529395094
2022-07-27,Financials,10,5,1,True,0.769230769231,455,5,0.84823714994
2022-07-27,Healthcare,22,5,1,True,0.78064516129,346,5,0.773059537647
2022-07-27,Industrials,2,2,0.4,True,0.4,285,5,0.890673830802
2022-07-27,Materials,8,2,0.4,True,0.256,137,5,0.855274550011
2022-07-27,RealEstate,16,5,1,True,0.8,150,5,0.898921294447
2022-07-27,Tech,28,5,1,True,0.761165048544,514,5,0.870841848507
2022-07-27,Utilities,10,5,1,True,0.769230769231,145,5,0.868981194462
2022-07-28,Comm,15,3,0.6,True,0.445544554455,264,5,0.731025802391
2022-07-28,Consumer,24,5,1,True,0.8,593,5,0.81438877245
2022-07-28,Energy,34,5,1,True,0.819858156028,532,5,0.892735703246
2022-07-28,Financials,22,5,1,True,0.864285714286,451,5,0.872647317502
2022-07-28,Healthcare,23,5,1,True,0.710067114094,362,5,0.773805727783
2022-07-28,Industrials,11,3,0.6,True,0.410169491525,283,5,0.912955257908
2022-07-28,Materials,5,3,0.6,True,0.555555555556,138,5,0.877199447259
2022-07-28,RealEstate,16,4,0.8,True,0.731428571429,158,5,0.917456817347
2022-07-28,Tech,40,4,0.8,True,0.717488789238,527,5,0.877653304682
2022-07-28,Utilities,18,5,1,True,0.81,156,5,0.869142857143
2022-07-29,Comm,5,4,0.8,True,0.714285714286,262,5,0.736760759901
2022-07-29,Consumer,18,5,1,True,0.753488372093,580,5,0.812953117448
2022-07-29,Energy,61,5,1,True,0.563361090083,566,5,0.875576691812
2022-07-29,Financials,11,5,1,True,0.78064516129,447,5,0.874074236094
2022-07-29,Healthcare,15,4,0.8,True,0.405405405405,361,5,0.780155048041
2022-07-29,Industrials,3,2,0.4,True,0.36,273,5,0.905412136306
2022-07-29,Materials,2,1,0.2,True,0.2,137,5,0.872773773541
2022-07-29,RealEstate,7,5,1,True,0.753846153846,158,5,0.94097248398
2022-07-29,Tech,37,5,1,True,0.581316348195,535,5,0.873369440842
2022-07-29,Utilities,12,5,1,True,0.847058823529,160,5,0.855901036443
2022-08-01,Comm,22,4,0.8,True,0.701449275362,270,5,0.730973628798
2022-08-01,Consumer,36,5,1,True,0.893793103448,586,5,0.81198363718
2022-08-01,Energy,35,5,1,True,0.830508474576,581,5,0.875247293706
2022-08-01,Financials,9,5,1,True,0.558620689655,438,5,0.881960279515
2022-08-01,Healthcare,18,5,1,True,0.952941176471,371,5,0.804236174004
2022-08-01,Industrials,15,4,0.8,True,0.737704918033,278,5,0.925446054365
2022-08-01,Materials,1,1,0.2,True,0.2,135,5,0.881073241479
2022-08-01,RealEstate,12,4,0.8,True,0.757894736842,167,5,0.958549578965
2022-08-01,Tech,24,5,1,True,0.70243902439,528,5,0.869976595413
2022-08-01,Utilities,8,3,0.6,True,0.581818181818,162,5,0.850145772595
2022-08-02,Comm,14,4,0.8,True,0.502564102564,276,5,0.748364279399
2022-08-02,Consumer,21,5,1,True,0.717073170732,589,5,0.831097802
2022-08-02,Energy,31,4,0.8,True,0.797510373444,591,5,0.887863343459
2022-08-02,Financials,12,4,0.8,True,0.626086956522,440,5,0.883977900552
2022-08-02,Healthcare,16,5,1,True,0.64,375,5,0.82800953867
2022-08-02,Industrials,19,4,0.8,True,0.398895027624,289,5,0.961835665342
2022-08-02,Materials,13,3,0.6,True,0.321904761905,146,5,0.932458442695
2022-08-02,RealEstate,8,2,0.4,True,0.4,169,5,0.972951796968
2022-08-02,Tech,44,5,1,True,0.638943894389,549,5,0.861921443585
2022-08-02,Utilities,6,2,0.4,True,0.36,164,5,0.831406491499
2022-08-03,Comm,12,5,1,True,0.757894736842,271,5,0.764254123524
2022-08-03,Consumer,28,4,0.8,True,0.706306306306,577,5,0.831522159921
2022-08-03,Energy,39,5,1,True,0.659869848156,575,5,0.883516160496
2022-08-03,Financials,8,4,0.8,True,0.581818181818,432,5,0.885313092979
2022-08-03,Healthcare,18,5,1,True,0.72,369,5,0.821013597033
2022-08-03,Industrials,4,2,0.4,True,0.32,276,5,0.972625127681
2022-08-03,Materials,3,3,0.6,True,0.6,138,5,0.93859043864
2022-08-03,RealEstate,8,4,0.8,True,0.711111111111,168,5,0.980681028492
2022-08-03,Tech,32,4,0.8,True,0.620606060606,549,5,0.855560128873
2022-08-03,Utilities,17,5,1,True,0.814084507042,174,5,0.845934618609
2022-08-04,Comm,11,4,0.8,True,0.733333333333,274,5,0.771989717224
2022-08-04,Consumer,18,4,0.8,True,0.753488372093,572,5,0.827120357964
2022-08-04,Energy,27,5,1,True,0.671889400922,574,5,0.888338860579
2022-08-04,Financials,9,2,0.4,True,0.39512195122,430,5,0.888643245062
2022-08-04,Healthcare,17,4,0.8,True,0.520720720721,373,5,0.845486311568
2022-08-04,Industrials,4,2,0.4,True,0.4,269,5,0.978975850639
2022-08-04,Materials,6,5,1,True,0.9,140,5,0.938697318008
2022-08-04,RealEstate,8,4,0.8,True,0.64,170,5,0.984667802385
2022-08-04,Tech,24,5,1,True,0.78904109589,555,5,0.856017341281
2022-08-04,Utilities,19,5,1,True,0.729292929293,189,5,0.882544780729
2022-08-05,Comm,7,4,0.8,True,0.653333333333,280,5,0.772033481044
2022-08-05,Consumer,10,4,0.8,True,0.769230769231,565,5,0.835372316066
2022-08-05,Energy,21,4,0.8,True,0.584105960265,574,5,0.887214562688
2022-08-05,Financials,6,3,0.6,True,0.514285714286,419,5,0.886201761692
2022-08-05,Healthcare,10,4,0.8,True,0.666666666667,370,5,0.854290171607
2022-08-05,Industrials,6,3,0.6,True,0.4,257,5,0.98972053645
2022-08-05,Materials,2,2,0.4,True,0.4,136,5,0.930850528435
2022-08-05,RealEstate,5,3,0.6,True,0.555555555556,167,5,0.983218755509
2022-08-05,Tech,12,4,0.8,True,0.685714285714,530,5,0.844888260595
2022-08-05,Utilities,16,4,0.8,True,0.624390243902,201,5,0.893530907885
2022-08-08,Comm,16,5,1,True,0.457142857143,288,5,0.824411092337
2022-08-08,Consumer,35,5,1,True,0.722713864307,588,5,0.84259985865
2022-08-08,Energy,29,3,0.6,True,0.574061433447,586,5,0.875697454991
2022-08-08,Financials,16,5,1,True,0.673684210526,422,5,0.88051421508
2022-08-08,Healthcare,9,3,0.6,True,0.462857142857,370,5,0.848360909711
2022-08-08,Industrials,8,3,0.6,True,0.426666666667,255,5,0.986946953024
2022-08-08,Materials,2,2,0.4,True,0.4,135,5,0.917904809872
2022-08-08,RealEstate,10,4,0.8,True,0.666666666667,173,5,0.97951235477
2022-08-08,Tech,44,4,0.8,True,0.453395784543,561,5,0.83401836467
2022-08-08,Utilities,14,4,0.8,True,0.725925925926,208,5,0.895920480431
2022-08-09,Comm,6,4,0.8,True,0.72,275,5,0.837903717246
2022-08-09,Consumer,21,5,1,True,0.634532374101,582,5,0.843835479933
2022-08-09,Energy,21,3,0.6,True,0.569032258065,577,5,0.877063712641
2022-08-09,Financials,6,3,0.6,True,0.4,392,5,0.890341271221
2022-08-09,Healthcare,10,3,0.6,True,0.454545454545,355,5,0.834133103882
2022-08-09,Industrials,7,4,0.8,True,0.753846153846,252,5,0.983490785194
2022-08-09,Materials,1,1,0.2,True,0.2,130,5,0.916983179598
2022-08-09,RealEstate,6,4,0.8,True,0.72,171,5,0.979762104205
2022-08-09,Tech,44,5,1,True,0.834482758621,584,5,0.832188956397
2022-08-09,Utilities,9,4,0.8,True,0.522580645161,210,5,0.884831460674
2022-08-10,Comm,13,5,1,True,0.786046511628,279,5,0.838668318698
2022-08-10,Consumer,22,4,0.8,True,0.590243902439,573,5,0.839941672316
2022-08-10,Energy,23,5,1,True,0.795488721805,580,5,0.878397785727
2022-08-10,Financials,16,4,0.8,True,0.544680851064,386,5,0.883358036402
2022-08-10,Healthcare,6,3,0.6,True,0.4,344,5,0.830952882522
2022-08-10,Industrials,8,3,0.6,True,0.492307692308,246,5,0.967791460099
2022-08-10,Materials,2,2,0.4,True,0.4,131,5,0.92636977058
2022-08-10,RealEstate,3,3,0.6,True,0.6,170,5,0.97999321804
2022-08-10,Tech,26,5,1,True,0.786046511628,588,5,0.830656127622
2022-08-10,Utilities,10,5,1,True,0.833333333333,220,5,0.890524379025
2022-08-11,Comm,18,5,1,True,0.72,290,5,0.828163466273
2022-08-11,Consumer,41,5,1,True,0.426108998733,595,5,0.831405657386
2022-08-11,Energy,15,5,1,True,0.849056603774,572,5,0.870656483674
2022-08-11,Financials,8,4,0.8,True,0.581818181818,371,5,0.891370656996
2022-08-11,Healthcare,14,5,1,True,0.784,333,5,0.850734588975
2022-08-11,Industrials,6,3,0.6,True,0.6,238,5,0.940773957814
2022-08-11,Materials,0,0,0,False,,127,5,0.927753810756
2022-08-11,RealEstate,9,4,0.8,True,0.771428571429,174,5,0.984585365854
2022-08-11,Tech,27,5,1,True,0.718226600985,593,5,0.831429618508
2022-08-11,Utilities,5,2,0.4,True,0.384615384615,222,5,0.880543148115
2022-08-12,Comm,6,3,0.6,True,0.4,288,5,0.828611388611
2022-08-12,Consumer,20,5,1,True,0.526315789474,592,5,0.820489769162
2022-08-12,Energy,15,4,0.8,True,0.737704918033,556,5,0.870413334835
2022-08-12,Financials,10,4,0.8,True,0.588235294118,331,5,0.881885137039
2022-08-12,Healthcare,10,3,0.6,True,0.526315789474,330,5,0.848725742343
2022-08-12,Industrials,7,3,0.6,True,0.515789473684,236,5,0.936854499579
2022-08-12,Materials,0,0,0,False,,120,5,0.921305182342
2022-08-12,RealEstate,8,4,0.8,True,0.581818181818,177,5,0.985343607485
2022-08-12,Tech,21,5,1,True,0.928421052632,586,5,0.84229684319
2022-08-12,Utilities,2,1,0.2,True,0.2,218,5,0.860162895928
2022-08-15,Comm,18,5,1,True,0.875675675676,302,5,0.839120434263
2022-08-15,Consumer,62,5,1,True,0.583308042489,630,5,0.799991937597
2022-08-15,Energy,44,5,1,True,0.82735042735,581,5,0.865086300791
2022-08-15,Financials,11,5,1,True,0.78064516129,287,5,0.837807048772
2022-08-15,Healthcare,12,3,0.6,True,0.464516129032,325,5,0.853776825769
2022-08-15,Industrials,6,4,0.8,True,0.72,229,5,0.908462537895
2022-08-15,Materials,4,2,0.4,True,0.32,123,5,0.931301939058
2022-08-15,RealEstate,6,4,0.8,True,0.72,174,5,0.985226163358
2022-08-15,Tech,23,5,1,True,0.860162601626,592,5,0.835512325371
2022-08-15,Utilities,7,4,0.8,True,0.515789473684,217,5,0.867120891262
2022-08-16,Comm,9,3,0.6,True,0.558620689655,293,5,0.837592077662
2022-08-16,Consumer,55,5,1,True,0.328983143013,654,5,0.756818543749
2022-08-16,Energy,18,4,0.8,True,0.72,574,5,0.855870739817
2022-08-16,Financials,6,3,0.6,True,0.6,238,5,0.863344002439
2022-08-16,Healthcare,10,4,0.8,True,0.47619047619,314,5,0.845809384919
2022-08-16,Industrials,4,4,0.8,True,0.8,205,4,0.781206431825
2022-08-16,Materials,5,4,0.8,True,0.714285714286,123,5,0.944087363495
2022-08-16,RealEstate,5,3,0.6,True,0.555555555556,166,5,0.97508846426
2022-08-16,Tech,16,5,1,True,0.8,580,5,0.8357556334
2022-08-16,Utilities,11,4,0.8,True,0.733333333333,215,5,0.869953891032
2022-08-17,Comm,6,4,0.8,True,0.6,291,5,0.83780361118
2022-08-17,Consumer,42,5,1,True,0.547826086957,672,5,0.747940440896
2022-08-17,Energy,15,4,0.8,True,0.789473684211,572,5,0.8505134004
2022-08-17,Financials,9,4,0.8,True,0.704347826087,231,5,0.855486973948
2022-08-17,Healthcare,6,3,0.6,True,0.4,300,5,0.833487682904
2022-08-17,Industrials,5,3,0.6,True,0.555555555556,201,4,0.783648530695
2022-08-17,Materials,3,2,0.4,True,0.36,120,5,0.939334637965
2022-08-17,RealEstate,11,4,0.8,True,0.733333333333,173,5,0.965607356025
2022-08-17,Tech,14,4,0.8,True,0.426086956522,574,5,0.837359900374
2022-08-17,Utilities,3,3,0.6,True,0.6,211,5,0.872704106635
2022-08-18,Comm,8,4,0.8,True,0.581818181818,289,5,0.846082155701
2022-08-18,Consumer,24,5,1,True,0.693975903614,674,5,0.73896055307
2022-08-18,Energy,22,5,1,True,0.91320754717,571,5,0.845027019322
2022-08-18,Financials,14,5,1,True,0.852173913043,235,5,0.856932267825
2022-08-18,Healthcare,12,5,1,True,0.72,280,5,0.823356437723
2022-08-18,Industrials,6,4,0.8,True,0.6,195,4,0.78507277795
2022-08-18,Materials,6,4,0.8,True,0.72,115,5,0.957986236871
2022-08-18,RealEstate,2,2,0.4,True,0.4,168,5,0.957394843962
2022-08-18,Tech,12,5,1,True,0.757894736842,555,5,0.833074145695
2022-08-18,Utilities,6,3,0.6,True,0.6,211,5,0.871337704276
2022-08-19,Comm,7,4,0.8,True,0.515789473684,263,5,0.884910126015
2022-08-19,Consumer,31,5,1,True,0.674385964912,686,5,0.72698005654
2022-08-19,Energy,16,3,0.6,True,0.595348837209,566,5,0.835457034815
2022-08-19,Financials,10,4,0.8,True,0.769230769231,237,5,0.880047003525
2022-08-19,Healthcare,9,5,1,True,0.852631578947,275,5,0.842383737121
2022-08-19,Industrials,7,3,0.6,True,0.466666666667,195,4,0.786534284828
2022-08-19,Materials,0,0,0,False,,100,5,0.921658986175
2022-08-19,RealEstate,5,4,0.8,True,0.714285714286,166,5,0.954155124654
2022-08-19,Tech,12,5,1,True,0.626086956522,548,5,0.835454166087
2022-08-19,Utilities,6,3,0.6,True,0.514285714286,212,5,0.890685691637
2022-08-22,Comm,11,5,1,True,0.968,255,5,0.90180986062
2022-08-22,Consumer,29,5,1,True,0.715744680851,693,5,0.719350224306
2022-08-22,Energy,23,5,1,True,0.719727891156,567,5,0.812692594512
2022-08-22,Financials,16,5,1,True,0.825806451613,237,5,0.871310013185
2022-08-22,Healthcare,12,5,1,True,0.626086956522,274,5,0.853039427338
2022-08-22,Industrials,13,4,0.8,True,0.536507936508,201,4,0.783344643723
2022-08-22,Materials,5,4,0.8,True,0.714285714286,100,5,0.946073793756
2022-08-22,RealEstate,11,4,0.8,True,0.562790697674,173,5,0.942497244528
2022-08-22,Tech,37,5,1,True,0.771267605634,562,5,0.840345882666
2022-08-22,Utilities,6,4,0.8,True,0.6,205,5,0.884643721714
2022-08-23,Comm,8,4,0.8,True,0.64,245,5,0.910918886107
2022-08-23,Consumer,17,5,1,True,0.696385542169,667,5,0.711031732713
2022-08-23,Energy,25,5,1,True,0.776397515528,557,5,0.808413784118
2022-08-23,Financials,7,3,0.6,True,0.362962962963,226,5,0.878802477632
2022-08-23,Healthcare,12,5,1,True,0.6,271,5,0.85262669066
2022-08-23,Industrials,3,3,0.6,True,0.6,188,4,0.784550499445
2022-08-23,Materials,7,3,0.6,True,0.515789473684,82,5,0.991740412979
2022-08-23,RealEstate,4,3,0.6,True,0.533333333333,165,5,0.952089526141
2022-08-23,Tech,14,5,1,True,0.784,543,5,0.836652809897
2022-08-23,Utilities,5,4,0.8,True,0.714285714286,202,5,0.898568597225
2022-08-24,Comm,15,5,1,True,0.762711864407,256,5,0.912884802897
2022-08-24,Consumer,19,5,1,True,0.729292929293,603,5,0.72531043356
2022-08-24,Energy,26,5,1,True,0.751111111111,567,5,0.808421449676
2022-08-24,Financials,10,5,1,True,0.909090909091,226,5,0.890756888734
2022-08-24,Healthcare,8,4,0.8,True,0.581818181818,269,5,0.856698040609
2022-08-24,Industrials,7,4,0.8,True,0.653333333333,151,4,0.79961423812
2022-08-24,Materials,2,2,0.4,True,0.4,77,5,0.995633921075
2022-08-24,RealEstate,9,5,1,True,0.704347826087,169,5,0.947453972466
2022-08-24,Tech,30,5,1,True,0.514285714286,561,5,0.832606251405
2022-08-24,Utilities,3,2,0.4,True,0.36,193,5,0.889740833632
2022-08-25,Comm,9,3,0.6,True,0.558620689655,236,5,0.904302646534
2022-08-25,Consumer,13,5,1,True,0.71914893617,586,5,0.737581888867
2022-08-25,Energy,25,5,1,True,0.748502994012,565,5,0.807398039836
2022-08-25,Financials,14,5,1,True,0.784,230,5,0.900425531915
2022-08-25,Healthcare,15,4,0.8,True,0.6,262,5,0.832856102888
2022-08-25,Industrials,5,3,0.6,True,0.555555555556,154,4,0.799865092749
2022-08-25,Materials,5,4,0.8,True,0.714285714286,74,5,0.959019264448
2022-08-25,RealEstate,6,4,0.8,True,0.72,159,5,0.916144229027
2022-08-25,Tech,27,4,0.8,True,0.522580645161,560,5,0.809457436374
2022-08-25,Utilities,6,2,0.4,True,0.276923076923,189,5,0.856310679612
2022-08-26,Comm,22,5,1,True,0.78064516129,243,5,0.930418340818
2022-08-26,Consumer,16,5,1,True,0.581818181818,578,5,0.728597910715
2022-08-26,Energy,10,3,0.6,True,0.526315789474,541,5,0.790100827406
2022-08-26,Financials,9,4,0.8,True,0.6,217,5,0.867600184247
2022-08-26,Healthcare,10,4,0.8,True,0.47619047619,249,5,0.826294395949
2022-08-26,Industrials,7,3,0.6,True,0.576470588235,150,4,0.796178343949
2022-08-26,Materials,4,3,0.6,True,0.533333333333,73,5,0.966273798731
2022-08-26,RealEstate,2,2,0.4,True,0.4,145,5,0.876955161627
2022-08-26,Tech,26,5,1,True,0.563333333333,546,5,0.782662116041
2022-08-26,Utilities,3,2,0.4,True,0.36,174,5,0.853566394136
2022-08-29,Comm,16,5,1,True,0.88275862069,254,5,0.940329398047
2022-08-29,Consumer,27,4,0.8,True,0.725373134328,587,5,0.725354973844
2022-08-29,Energy,21,4,0.8,True,0.616783216783,501,5,0.804683818226
2022-08-29,Financials,13,4,0.8,True,0.59298245614,219,5,0.847142983308
2022-08-29,Healthcare,11,5,1,True,0.562790697674,245,5,0.850513637974
2022-08-29,Industrials,11,4,0.8,True,0.620512820513,158,4,0.795285122651
2022-08-29,Materials,7,3,0.6,True,0.466666666667,78,5,0.934562211982
2022-08-29,RealEstate,9,4,0.8,True,0.6,147,5,0.859717525363
2022-08-29,Tech,32,5,1,True,0.812698412698,541,5,0.772011131187
2022-08-29,Utilities,5,4,0.8,True,0.714285714286,167,5,0.853527161438
2022-08-30,Comm,2,2,0.4,True,0.4,234,5,0.937442218798
2022-08-30,Consumer,20,5,1,True,0.78431372549,571,5,0.718302287924
2022-08-30,Energy,24,5,1,True,0.859701492537,490,5,0.807357342211
2022-08-30,Financials,10,4,0.8,True,0.769230769231,220,5,0.84452975048
2022-08-30,Healthcare,6,4,0.8,True,0.72,233,5,0.830932884365
2022-08-30,Industrials,11,4,0.8,True,0.654054054054,154,4,0.789743589744
2022-08-30,Materials,4,3,0.6,True,0.533333333333,81,5,0.954327272727
2022-08-30,RealEstate,3,2,0.4,True,0.36,138,5,0.842654867257
2022-08-30,Tech,20,5,1,True,0.689655172414,537,5,0.76033644022
2022-08-30,Utilities,7,4,0.8,True,0.515789473684,166,5,0.842433506573
2022-08-31,Comm,17,5,1,True,0.713580246914,237,5,0.915177189409
2022-08-31,Consumer,23,5,1,True,0.710067114094,573,5,0.70486362319
2022-08-31,Energy,19,4,0.8,True,0.478145695364,478,5,0.788827895736
2022-08-31,Financials,13,5,1,True,0.965714285714,221,5,0.860558541098
2022-08-31,Healthcare,11,5,1,True,0.78064516129,228,5,0.810350740452
2022-08-31,Industrials,6,3,0.6,True,0.514285714286,141,4,0.753210835385
2022-08-31,Materials,4,3,0.6,True,0.533333333333,72,5,0.907880910683
2022-08-31,RealEstate,7,5,1,True,0.890909090909,137,5,0.861160816701
2022-08-31,Tech,19,4,0.8,True,0.617094017094,512,5,0.744494618159
2022-08-31,Utilities,5,3,0.6,True,0.555555555556,165,5,0.865522174535
2022-09-01,Comm,6,4,0.8,True,0.6,231,5,0.917880794702
2022-09-01,Consumer,18,5,1,True,0.875675675676,563,5,0.699193752964
2022-09-01,Energy,21,5,1,True,0.741176470588,460,5,0.785361689493
2022-09-01,Financials,13,5,1,True,0.71914893617,226,5,0.856118002011
2022-09-01,Healthcare,14,5,1,True,0.852173913043,224,5,0.816400911162
2022-09-01,Industrials,11,4,0.8,True,0.562790697674,148,4,0.748343013324
2022-09-01,Materials,3,2,0.4,True,0.36,72,5,0.911072056239
2022-09-01,RealEstate,1,1,0.2,True,0.2,130,5,0.853966649823
2022-09-01,Tech,78,5,1,True,0.59530332681,558,5,0.716784456364
2022-09-01,Utilities,8,5,1,True,0.8,156,5,0.876025917927
2022-09-02,Comm,3,2,0.4,True,0.36,223,5,0.92579353998
2022-09-02,Consumer,20,5,1,True,0.78431372549,565,5,0.70274405345
2022-09-02,Energy,29,5,1,True,0.620664206642,462,5,0.756759439816
2022-09-02,Financials,15,5,1,True,0.818181818182,232,5,0.87518699187
2022-09-02,Healthcare,5,2,0.4,True,0.384615384615,212,5,0.789599437807
2022-09-02,Industrials,8,4,0.8,True,0.711111111111,152,4,0.759250739402
2022-09-02,Materials,2,2,0.4,True,0.4,68,5,0.908447937132
2022-09-02,RealEstate,4,2,0.4,True,0.32,126,5,0.837341772152
2022-09-02,Tech,26,5,1,True,0.734782608696,560,5,0.710708215297
2022-09-02,Utilities,5,3,0.6,True,0.454545454545,142,5,0.819674796748
2022-09-06,Comm,9,4,0.8,True,0.648,225,5,0.923224218109
2022-09-06,Consumer,35,5,1,True,0.674931129477,590,5,0.694851987145
2022-09-06,Energy,23,4,0.8,True,0.657142857143,464,5,0.752730578281
2022-09-06,Financials,19,5,1,True,0.627826086957,245,5,0.851841339672
2022-09-06,Healthcare,13,4,0.8,True,0.689795918367,215,5,0.828776333483
2022-09-06,Industrials,16,4,0.8,True,0.775757575758,162,4,0.766695880806
2022-09-06,Materials,3,3,0.6,True,0.6,69,5,0.894084507042
2022-09-06,RealEstate,7,4,0.8,True,0.515789473684,128,5,0.824144869215
2022-09-06,Tech,49,5,1,True,0.667872044506,597,5,0.703066468088
2022-09-06,Utilities,7,4,0.8,True,0.515789473684,133,5,0.778393839384
2022-09-07,Comm,13,4,0.8,True,0.536507936508,222,5,0.88401793722
2022-09-07,Consumer,31,4,0.8,True,0.570326409496,586,5,0.681111529841
2022-09-07,Energy,22,5,1,True,0.91320754717,457,5,0.774791786463
2022-09-07,Financials,9,5,1,True,0.771428571429,238,5,0.857073687396
2022-09-07,Healthcare,13,4,0.8,True,0.662745098039,219,5,0.853930383691
2022-09-07,Industrials,9,4,0.8,True,0.648,163,4,0.77045092069
2022-09-07,Materials,4,2,0.4,True,0.4,71,5,0.902596239928
2022-09-07,RealEstate,9,4,0.8,True,0.704347826087,127,5,0.835050478902
2022-09-07,Tech,18,5,1,True,0.981818181818,571,5,0.735793191384
2022-09-07,Utilities,9,5,1,True,0.852631578947,128,5,0.755371138774
2022-09-08,Comm,19,5,1,True,0.793406593407,235,5,0.887647673391
2022-09-08,Consumer,18,5,1,True,0.72,583,5,0.69057163465
2022-09-08,Energy,16,5,1,True,0.65641025641,452,5,0.783224075139
2022-09-08,Financials,8,4,0.8,True,0.457142857143,240,5,0.848181416581
2022-09-08,Healthcare,22,5,1,True,0.968,231,5,0.887648673376
2022-09-08,Industrials,12,4,0.8,True,0.533333333333,168,4,0.759322033898
2022-09-08,Materials,6,4,0.8,True,0.72,76,5,0.903912363067
2022-09-08,RealEstate,4,3,0.6,True,0.533333333333,125,5,0.815713912816
2022-09-08,Tech,19,5,1,True,0.729292929293,546,5,0.732435752543
2022-09-08,Utilities,9,5,1,True,0.852631578947,128,5,0.779819133746
2022-09-09,Comm,10,5,1,True,0.769230769231,232,5,0.882360655738
2022-09-09,Consumer,18,5,1,True,0.611320754717,579,5,0.699825691233
2022-09-09,Energy,15,5,1,True,0.737704918033,444,5,0.774936121703
2022-09-09,Financials,10,3,0.6,True,0.47619047619,234,5,0.855829946858
2022-09-09,Healthcare,11,5,1,True,0.834482758621,236,5,0.900064641241
2022-09-09,Industrials,7,3,0.6,True,0.576470588235,167,4,0.767340762141
2022-09-09,Materials,2,2,0.4,True,0.4,76,5,0.903912363067
2022-09-09,RealEstate,5,4,0.8,True,0.714285714286,127,5,0.830749420551
2022-09-09,Tech,17,5,1,True,0.862686567164,537,5,0.739132886491
2022-09-09,Utilities,8,4,0.8,True,0.581818181818,126,5,0.75636017151
2022-09-12,Comm,17,4,0.8,True,0.608421052632,231,5,0.876566735113
2022-09-12,Consumer,27,5,1,True,0.755440414508,565,5,0.699832290171
2022-09-12,Energy,21,4,0.8,True,0.643795620438,450,5,0.765682308012
2022-09-12,Financials,16,4,0.8,True,0.731428571429,242,5,0.855573411249
2022-09-12,Healthcare,33,5,1,True,0.847470817121,255,5,0.934200129301
2022-09-12,Industrials,9,2,0.4,True,0.39512195122,170,4,0.755160700287
2022-09-12,Materials,6,4,0.8,True,0.72,82,5,0.909878213802
2022-09-12,RealEstate,10,3,0.6,True,0.588235294118,128,5,0.802350636631
2022-09-12,Tech,26,5,1,True,0.855696202532,536,5,0.748693091497
2022-09-12,Utilities,11,4,0.8,True,0.733333333333,132,5,0.777510040161
2022-09-13,Comm,11,4,0.8,True,0.620512820513,236,5,0.876688178813
2022-09-13,Consumer,19,5,1,True,0.849411764706,564,5,0.714148444165
2022-09-13,Energy,20,5,1,True,0.8,455,5,0.767854162417
2022-09-13,Financials,11,4,0.8,True,0.44,243,5,0.850666282504
2022-09-13,Healthcare,13,5,1,True,0.866666666667,258,5,0.941366143403
2022-09-13,Industrials,10,4,0.8,True,0.588235294118,173,4,0.760101587302
2022-09-13,Materials,1,1,0.2,True,0.2,83,5,0.902292075966
2022-09-13,RealEstate,8,4,0.8,True,0.711111111111,128,5,0.81189296333
2022-09-13,Tech,26,5,1,True,0.696907216495,541,5,0.737315312819
2022-09-13,Utilities,3,3,0.6,True,0.6,133,5,0.795905511811
2022-09-14,Comm,11,4,0.8,True,0.654054054054,229,5,0.876573338905
2022-09-14,Consumer,32,5,1,True,0.696598639456,534,5,0.758696288413
2022-09-14,Energy,26,4,0.8,True,0.751111111111,437,5,0.763219631117
2022-09-14,Financials,21,5,1,True,0.909278350515,253,5,0.855335070488
2022-09-14,Healthcare,8,4,0.8,True,0.581818181818,254,5,0.940055369372
2022-09-14,Industrials,14,4,0.8,True,0.784,181,4,0.760910463361
2022-09-14,Materials,12,3,0.6,True,0.389189189189,91,5,0.902561307902
2022-09-14,RealEstate,7,3,0.6,True,0.466666666667,129,5,0.79337306317
2022-09-14,Tech,24,5,1,True,0.886153846154,542,5,0.744215033061
2022-09-14,Utilities,4,3,0.6,True,0.533333333333,130,5,0.805913209347
2022-09-15,Comm,14,5,1,True,0.675862068966,234,5,0.879190751445
2022-09-15,Consumer,15,4,0.8,True,0.633802816901,494,5,0.809325771897
2022-09-15,Energy,24,5,1,True,0.748051948052,443,5,0.764790241811
2022-09-15,Financials,14,4,0.8,True,0.56,261,5,0.837536116063
2022-09-15,Healthcare,15,5,1,True,0.918367346939,259,5,0.954549982213
2022-09-15,Industrials,8,4,0.8,True,0.711111111111,185,4,0.758280713415
2022-09-15,Materials,6,3,0.6,True,0.514285714286,92,5,0.902345415778
2022-09-15,RealEstate,6,4,0.8,True,0.72,130,5,0.808225729316
2022-09-15,Tech,41,5,1,True,0.529448818898,567,5,0.778207036782
2022-09-15,Utilities,14,5,1,True,0.515789473684,133,5,0.749692731511
2022-09-16,Comm,9,3,0.6,True,0.558620689655,237,5,0.882952133931
2022-09-16,Consumer,12,5,1,True,0.72,464,5,0.840179512195
2022-09-16,Energy,15,5,1,True,0.542168674699,443,5,0.755108793936
2022-09-16,Financials,13,5,1,True,0.786046511628,265,5,0.84096760673
2022-09-16,Healthcare,13,4,0.8,True,0.71914893617,266,5,0.958493633162
2022-09-16,Industrials,18,2,0.4,True,0.223448275862,198,4,0.760209424084
2022-09-16,Materials,2,2,0.4,True,0.4,91,5,0.902561307902
2022-09-16,RealEstate,10,4,0.8,True,0.588235294118,129,5,0.808404177799
2022-09-16,Tech,20,5,1,True,0.816326530612,573,5,0.792768407963
2022-09-16,Utilities,8,5,1,True,0.8,138,5,0.76176
2022-09-19,Comm,20,4,0.8,True,0.519480519481,249,5,0.898369919583
2022-09-19,Consumer,33,5,1,True,0.792,473,5,0.84322623198
2022-09-19,Energy,22,5,1,True,0.88,443,5,0.754934507896
2022-09-19,Financials,14,5,1,True,0.933333333333,265,5,0.85645466187
2022-09-19,Healthcare,21,5,1,True,0.873267326733,275,5,0.966886147158
2022-09-19,Industrials,14,3,0.6,True,0.52972972973,206,4,0.759684926602
2022-09-19,Materials,6,4,0.8,True,0.72,91,5,0.890909090909
2022-09-19,RealEstate,7,3,0.6,True,0.362962962963,134,5,0.790664905328
2022-09-19,Tech,27,5,1,True,0.873053892216,588,5,0.798927812182
2022-09-19,Utilities,8,3,0.6,True,0.426666666667,140,5,0.733532934132
2022-09-20,Comm,7,4,0.8,True,0.515789473684,249,5,0.901767144208
2022-09-20,Consumer,19,5,1,True,0.849411764706,461,5,0.868017236098
2022-09-20,Energy,9,5,1,True,0.852631578947,436,5,0.764512366781
2022-09-20,Financials,14,4,0.8,True,0.725925925926,269,5,0.853363995519
2022-09-20,Healthcare,12,4,0.8,True,0.48,278,5,0.955184773205
2022-09-20,Industrials,10,4,0.8,True,0.47619047619,209,4,0.745473163239
2022-09-20,Materials,0,0,0,False,,91,5,0.890909090909
2022-09-20,RealEstate,7,2,0.4,True,0.392,136,5,0.768106312292
2022-09-20,Tech,21,4,0.8,True,0.741176470588,597,5,0.808009612442
2022-09-20,Utilities,6,4,0.8,True,0.72,140,5,0.725657164013
2022-09-21,Comm,13,5,1,True,0.751111111111,251,5,0.889656146297
2022-09-21,Consumer,16,4,0.8,True,0.522448979592,448,5,0.869375379018
2022-09-21,Energy,14,4,0.8,True,0.675862068966,427,5,0.781571897036
2022-09-21,Financials,10,5,1,True,0.714285714286,263,5,0.845845307245
2022-09-21,Healthcare,7,5,1,True,0.890909090909,273,5,0.954093323945
2022-09-21,Industrials,7,3,0.6,True,0.362962962963,203,4,0.737785337033
2022-09-21,Materials,6,4,0.8,True,0.72,92,5,0.874380165289
2022-09-21,RealEstate,8,4,0.8,True,0.711111111111,133,5,0.764599092284
2022-09-21,Tech,23,5,1,True,0.531658291457,583,5,0.801256497601
2022-09-21,Utilities,2,2,0.4,True,0.4,136,5,0.72790240063
2022-09-22,Comm,9,5,1,True,0.704347826087,252,5,0.890659186536
2022-09-22,Consumer,25,5,1,True,0.838926174497,456,5,0.88213134227
2022-09-22,Energy,10,4,0.8,True,0.666666666667,412,5,0.789984641876
2022-09-22,Financials,15,5,1,True,0.957446808511,271,5,0.872998514116
2022-09-22,Healthcare,15,5,1,True,0.762711864407,276,5,0.958550396376
2022-09-22,Industrials,12,4,0.8,True,0.685714285714,212,4,0.743490488007
2022-09-22,Materials,7,4,0.8,True,0.653333333333,92,5,0.893769799366
2022-09-22,RealEstate,6,5,1,True,0.9,135,5,0.761119231572
2022-09-22,Tech,22,5,1,True,0.88,591,5,0.804544669285
2022-09-22,Utilities,14,4,0.8,True,0.632258064516,145,5,0.723627602822
2022-09-23,Comm,13,4,0.8,True,0.662745098039,250,5,0.884893104913
2022-09-23,Consumer,19,5,1,True,0.829885057471,456,5,0.887212527201
2022-09-23,Energy,18,4,0.8,True,0.635294117647,404,5,0.807041139241
2022-09-23,Financials,12,5,1,True,0.847058823529,273,5,0.874086670967
2022-09-23,Healthcare,11,4,0.8,True,0.654054054054,279,5,0.947258898692
2022-09-23,Industrials,7,3,0.6,True,0.362962962963,212,4,0.736907689785
2022-09-23,Materials,8,4,0.8,True,0.711111111111,98,5,0.880293308891
2022-09-23,RealEstate,5,3,0.6,True,0.454545454545,131,5,0.750864143513
2022-09-23,Tech,20,5,1,True,0.816326530612,581,5,0.821786179446
2022-09-23,Utilities,5,3,0.6,True,0.555555555556,147,5,0.732632649602
2022-09-26,Comm,14,5,1,True,0.725925925926,255,5,0.889839206295
2022-09-26,Consumer,27,5,1,True,0.916981132075,470,5,0.896146044625
2022-09-26,Energy,17,4,0.8,True,0.377777777778,396,5,0.807123372279
2022-09-26,Financials,16,5,1,True,0.731428571429,275,5,0.867209448999
2022-09-26,Healthcare,13,5,1,True,0.866666666667,277,5,0.959052559215
2022-09-26,Industrials,10,4,0.8,True,0.714285714286,217,4,0.750242969808
2022-09-26,Materials,5,3,0.6,True,0.454545454545,98,5,0.869140271493
2022-09-26,RealEstate,15,5,1,True,0.633802816901,140,5,0.737674068498
2022-09-26,Tech,26,5,1,True,0.814457831325,580,5,0.84039071673
2022-09-26,Utilities,11,5,1,True,0.691428571429,152,5,0.758254020348
2022-09-27,Comm,13,4,0.8,True,0.786046511628,246,5,0.880616996508
2022-09-27,Consumer,12,5,1,True,0.757894736842,466,5,0.902672818722
2022-09-27,Energy,10,3,0.6,True,0.37037037037,396,5,0.808038336683
2022-09-27,Financials,20,4,0.8,True,0.634920634921,286,5,0.852396832013
2022-09-27,Healthcare,11,5,1,True,0.78064516129,278,5,0.966654158849
2022-09-27,Industrials,6,3,0.6,True,0.4,216,4,0.751304347826
2022-09-27,Materials,2,1,0.2,True,0.2,96,5,0.862114125351
2022-09-27,RealEstate,4,3,0.6,True,0.533333333333,142,5,0.763209689629
2022-09-27,Tech,29,5,1,True,0.862564102564,583,5,0.855658631758
2022-09-27,Utilities,6,3,0.6,True,0.514285714286,155,5,0.76330420969
2022-09-28,Comm,15,4,0.8,True,0.569620253165,245,5,0.853779958751
2022-09-28,Consumer,21,5,1,True,0.717073170732,460,5,0.901384451544
2022-09-28,Energy,20,4,0.8,True,0.47619047619,395,5,0.813583626646
2022-09-28,Financials,17,5,1,True,0.572277227723,290,5,0.851990679769
2022-09-28,Healthcare,11,5,1,True,0.834482758621,278,5,0.954948721117
2022-09-28,Industrials,5,3,0.6,True,0.454545454545,210,4,0.745562130178
2022-09-28,Materials,6,4,0.8,True,0.6,95,5,0.862398471094
2022-09-28,RealEstate,7,4,0.8,True,0.653333333333,140,5,0.764728833398
2022-09-28,Tech,38,5,1,True,0.854437869822,589,5,0.867096564566
2022-09-28,Utilities,10,5,1,True,0.714285714286,160,5,0.75205640423
2022-09-29,Comm,11,4,0.8,True,0.691428571429,254,5,0.851022292574
2022-09-29,Consumer,36,5,1,True,0.736363636364,476,5,0.922165242165
2022-09-29,Energy,16,4,0.8,True,0.691891891892,387,5,0.817449444642
2022-09-29,Financials,23,5,1,True,0.783703703704,303,5,0.847689395688
2022-09-29,Healthcare,5,4,0.8,True,0.714285714286,277,5,0.954875241118
2022-09-29,Industrials,6,4,0.8,True,0.72,205,4,0.748775055679
2022-09-29,Materials,1,1,0.2,True,0.2,92,5,0.835538005923
2022-09-29,RealEstate,1,1,0.2,True,0.2,138,5,0.763286573146
2022-09-29,Tech,38,5,1,True,0.806703910615,607,5,0.870986348325
2022-09-29,Utilities,1,1,0.2,True,0.2,154,5,0.755286624204
2022-09-30,Comm,6,3,0.6,True,0.4,243,5,0.854605977278
2022-09-30,Consumer,37,5,1,True,0.498724954463,490,5,0.948374609946
2022-09-30,Energy,12,3,0.6,True,0.464516129032,380,5,0.821574874829
2022-09-30,Financials,7,3,0.6,True,0.515789473684,297,5,0.839086801427
2022-09-30,Healthcare,6,3,0.6,True,0.514285714286,272,5,0.951440329218
2022-09-30,Industrials,3,3,0.6,True,0.6,202,4,0.740141483766
2022-09-30,Materials,6,3,0.6,True,0.514285714286,94,5,0.836742424242
2022-09-30,RealEstate,3,2,0.4,True,0.36,134,5,0.738626079803
2022-09-30,Tech,11,5,1,True,0.896296296296,599,5,0.87938188547
2022-09-30,Utilities,3,1,0.2,True,0.2,152,5,0.771161548732
2022-10-03,Comm,13,5,1,True,0.71914893617,250,5,0.854058485925
2022-10-03,Consumer,30,5,1,True,0.947368421053,502,5,0.953441035148
2022-10-03,Energy,33,5,1,True,0.642477876106,392,5,0.811105832674
2022-10-03,Financials,12,4,0.8,True,0.626086956522,296,5,0.829382809542
2022-10-03,Healthcare,16,5,1,True,0.948148148148,274,5,0.954558169104
2022-10-03,Industrials,8,3,0.6,True,0.426666666667,199,4,0.737792268281
2022-10-03,Materials,5,3,0.6,True,0.555555555556,96,5,0.809841827768
2022-10-03,RealEstate,4,2,0.4,True,0.4,137,5,0.727057912067
2022-10-03,Tech,27,4,0.8,True,0.796721311475,548,5,0.911918860648
2022-10-03,Utilities,7,4,0.8,True,0.653333333333,151,5,0.746716882266
2022-10-04,Comm,6,5,1,True,0.9,253,5,0.856823505789
2022-10-04,Consumer,15,5,1,True,0.918367346939,497,5,0.955196349504
2022-10-04,Energy,14,4,0.8,True,0.632258064516,377,5,0.811169135063
2022-10-04,Financials,21,4,0.8,True,0.717073170732,302,5,0.822992239668
2022-10-04,Healthcare,6,5,1,True,0.9,275,5,0.960866526904
2022-10-04,Industrials,5,4,0.8,True,0.714285714286,196,4,0.734672021419
2022-10-04,Materials,2,2,0.4,True,0.4,96,5,0.797922077922
2022-10-04,RealEstate,8,5,1,True,0.8,141,5,0.745304592315
2022-10-04,Tech,25,5,1,True,0.668449197861,547,5,0.906625255662
2022-10-04,Utilities,10,4,0.8,True,0.714285714286,156,5,0.758603491272
2022-10-05,Comm,5,3,0.6,True,0.555555555556,249,5,0.8611848045
2022-10-05,Consumer,16,5,1,True,0.8,478,5,0.963417102378
2022-10-05,Energy,29,5,1,True,0.797156398104,383,5,0.815958837436
2022-10-05,Financials,11,4,0.8,True,0.78064516129,294,5,0.842291950887
2022-10-05,Healthcare,7,3,0.6,True,0.576470588235,269,5,0.943982779988
2022-10-05,Industrials,7,3,0.6,True,0.515789473684,187,4,0.727233024852
2022-10-05,Materials,4,3,0.6,True,0.533333333333,97,5,0.802473347548
2022-10-05,RealEstate,10,4,0.8,True,0.714285714286,144,5,0.77692019483
2022-10-05,Tech,27,5,1,True,0.796721311475,525,5,0.917939153748
2022-10-05,Utilities,7,5,1,True,0.753846153846,156,5,0.769639468691
2022-10-06,Comm,11,4,0.8,True,0.654054054054,247,5,0.867776118342
2022-10-06,Consumer,24,5,1,True,0.78904109589,471,5,0.968294013662
2022-10-06,Energy,28,5,1,True,0.732710280374,389,5,0.820768584059
2022-10-06,Financials,19,5,1,True,0.776344086022,304,5,0.832276657061
2022-10-06,Healthcare,4,2,0.4,True,0.32,260,5,0.933186085036
2022-10-06,Industrials,5,3,0.6,True,0.555555555556,183,4,0.726836679327
2022-10-06,Materials,5,3,0.6,True,0.555555555556,98,5,0.825795356836
2022-10-06,RealEstate,4,4,0.8,True,0.8,139,5,0.781751972486
2022-10-06,Tech,24,4,0.8,True,0.677647058824,531,5,0.905535126455
2022-10-06,Utilities,7,4,0.8,True,0.753846153846,154,5,0.770750731232
2022-10-07,Comm,7,3,0.6,True,0.576470588235,235,5,0.856002480043
2022-10-07,Consumer,21,5,1,True,0.873267326733,474,5,0.966639418319
2022-10-07,Energy,20,5,1,True,0.769230769231,393,5,0.827545744367
2022-10-07,Financials,15,5,1,True,0.849056603774,311,5,0.844614242676
2022-10-07,Healthcare,6,4,0.8,True,0.72,244,5,0.926630350195
2022-10-07,Industrials,9,4,0.8,True,0.648,180,4,0.710059171598
2022-10-07,Materials,2,2,0.4,True,0.4,94,5,0.838330170778
2022-10-07,RealEstate,10,4,0.8,True,0.666666666667,145,5,0.789968063122
2022-10-07,Tech,65,5,1,True,0.491564863293,577,5,0.899431319312
2022-10-07,Utilities,8,5,1,True,0.8,153,5,0.777578475336
2022-10-10,Comm,5,4,0.8,True,0.714285714286,230,5,0.849526256624
2022-10-10,Consumer,29,5,1,True,0.929281767956,485,5,0.96890124601
2022-10-10,Energy,26,5,1,True,0.631775700935,404,5,0.82034579815
2022-10-10,Financials,26,5,1,True,0.759550561798,327,5,0.866067306524
2022-10-10,Healthcare,18,5,1,True,0.875675675676,251,5,0.924378255447
2022-10-10,Industrials,6,4,0.8,True,0.6,179,4,0.691358291078
2022-10-10,Materials,6,5,1,True,0.9,98,5,0.859033989267
2022-10-10,RealEstate,13,5,1,True,0.824390243902,153,5,0.779910044978
2022-10-10,Tech,38,5,1,True,0.834682080925,598,5,0.894211197519
2022-10-10,Utilities,3,2,0.4,True,0.36,148,5,0.775362831858
2022-10-11,Comm,10,3,0.6,True,0.526315789474,223,5,0.852472786492
2022-10-11,Consumer,9,3,0.6,True,0.558620689655,467,5,0.96797230421
2022-10-11,Energy,11,3,0.6,True,0.537777777778,394,5,0.828676666845
2022-10-11,Financials,21,5,1,True,0.728925619835,332,5,0.862405132619
2022-10-11,Healthcare,26,5,1,True,0.55867768595,244,5,0.913268906274
2022-10-11,Industrials,5,3,0.6,True,0.555555555556,175,4,0.670938766568
2022-10-11,Materials,4,3,0.6,True,0.533333333333,96,5,0.872727272727
2022-10-11,RealEstate,3,3,0.6,True,0.6,146,5,0.789481481481
2022-10-11,Tech,20,4,0.8,True,0.666666666667,592,5,0.891539048588
2022-10-11,Utilities,3,3,0.6,True,0.6,140,5,0.771349862259
2022-10-12,Comm,8,5,1,True,0.914285714286,220,5,0.86660698299
2022-10-12,Consumer,20,5,1,True,0.851063829787,468,5,0.968961245797
2022-10-12,Energy,20,4,0.8,True,0.408163265306,394,5,0.814844365125
2022-10-12,Financials,12,4,0.8,True,0.685714285714,333,5,0.867981683691
2022-10-12,Healthcare,21,4,0.8,True,0.7056,252,5,0.914647846752
2022-10-12,Industrials,3,3,0.6,True,0.6,168,4,0.681245474294
2022-10-12,Materials,1,1,0.2,True,0.2,96,5,0.865352112676
2022-10-12,RealEstate,3,2,0.4,True,0.36,141,5,0.775843902439
2022-10-12,Tech,34,5,1,True,0.755555555556,600,5,0.890912690556
2022-10-12,Utilities,6,3,0.6,True,0.4,143,5,0.751939694797
2022-10-13,Comm,8,4,0.8,True,0.581818181818,217,5,0.871614993059
2022-10-13,Consumer,18,5,1,True,0.661224489796,454,5,0.956854370735
2022-10-13,Energy,19,5,1,True,0.627826086957,387,5,0.82261280312
2022-10-13,Financials,17,5,1,True,0.83768115942,329,5,0.87055937588
2022-10-13,Healthcare,9,4,0.8,True,0.648,253,5,0.923717439931
2022-10-13,Industrials,6,4,0.8,True,0.72,160,4,0.664762399377
2022-10-13,Materials,5,4,0.8,True,0.714285714286,89,5,0.913083573487
2022-10-13,RealEstate,1,1,0.2,True,0.2,135,5,0.78471474704
2022-10-13,Tech,29,5,1,True,0.853807106599,605,5,0.886355656185
2022-10-13,Utilities,2,2,0.4,True,0.4,141,5,0.762454458293
2022-10-14,Comm,4,2,0.4,True,0.32,207,5,0.871357397051
2022-10-14,Consumer,19,5,1,True,0.67476635514,458,5,0.957345625485
2022-10-14,Energy,28,5,1,True,0.598473282443,391,5,0.822183979134
2022-10-14,Financials,66,5,1,True,0.605,381,5,0.889439661775
2022-10-14,Healthcare,11,5,1,True,0.834482758621,249,5,0.922290814429
2022-10-14,Industrials,8,3,0.6,True,0.492307692308,160,4,0.661840744571
2022-10-14,Materials,2,2,0.4,True,0.4,85,5,0.931656995487
2022-10-14,RealEstate,2,2,0.4,True,0.4,131,5,0.775638418079
2022-10-14,Tech,17,5,1,True,0.791780821918,581,5,0.868782251734
2022-10-14,Utilities,6,4,0.8,True,0.6,133,5,0.784608560656
2022-10-17,Comm,10,4,0.8,True,0.588235294118,208,5,0.862004383343
2022-10-17,Consumer,24,5,1,True,0.929032258065,470,5,0.95310005609
2022-10-17,Energy,20,5,1,True,0.740740740741,396,5,0.8294070979
2022-10-17,Financials,33,5,1,True,0.650149253731,401,5,0.886322171696
2022-10-17,Healthcare,13,5,1,True,0.824390243902,249,5,0.93171538057
2022-10-17,Industrials,6,4,0.8,True,0.72,148,4,0.717223313687
2022-10-17,Materials,5,2,0.4,True,0.294117647059,88,5,0.91862396204
2022-10-17,RealEstate,9,4,0.8,True,0.522580645161,130,5,0.760576057606
2022-10-17,Tech,24,5,1,True,0.729113924051,585,5,0.860651099627
2022-10-17,Utilities,9,5,1,True,0.704347826087,134,5,0.765061780997
2022-10-18,Comm,15,5,1,True,0.818181818182,203,5,0.844706364661
2022-10-18,Consumer,19,5,1,True,0.729292929293,456,5,0.951652173913
2022-10-18,Energy,17,4,0.8,True,0.59587628866,391,5,0.819232108887
2022-10-18,Financials,40,5,1,True,0.365296803653,427,5,0.850474613429
2022-10-18,Healthcare,13,5,1,True,0.913513513514,241,5,0.920970427337
2022-10-18,Industrials,12,4,0.8,True,0.757894736842,146,4,0.7386001386
2022-10-18,Materials,6,3,0.6,True,0.514285714286,88,5,0.897334878331
2022-10-18,RealEstate,7,3,0.6,True,0.466666666667,130,5,0.801707779886
2022-10-18,Tech,32,5,1,True,0.652229299363,590,5,0.848134882928
2022-10-18,Utilities,3,3,0.6,True,0.6,129,5,0.786622547861
2022-10-19,Comm,13,4,0.8,True,0.450666666667,209,5,0.822075844547
2022-10-19,Consumer,19,5,1,True,0.5776,456,5,0.948613138686
2022-10-19,Energy,16,5,1,True,0.711111111111,398,5,0.819260408585
2022-10-19,Financials,27,5,1,True,0.823728813559,440,5,0.853088922182
2022-10-19,Healthcare,22,5,1,True,0.444036697248,251,5,0.92764485018
2022-10-19,Industrials,4,2,0.4,True,0.32,140,4,0.743833017078
2022-10-19,Materials,4,3,0.6,True,0.533333333333,92,5,0.893769799366
2022-10-19,RealEstate,12,4,0.8,True,0.576,135,5,0.843945357722
2022-10-19,Tech,17,5,1,True,0.83768115942,586,5,0.844181129849
2022-10-19,Utilities,6,4,0.8,True,0.6,129,5,0.764576154376
2022-10-20,Comm,24,3,0.6,True,0.336842105263,220,5,0.76630778974
2022-10-20,Consumer,20,5,1,True,0.952380952381,460,5,0.948751289064
2022-10-20,Energy,19,5,1,True,0.829885057471,403,5,0.814427199559
2022-10-20,Financials,11,4,0.8,True,0.691428571429,441,5,0.856310679612
2022-10-20,Healthcare,16,5,1,True,0.88275862069,260,5,0.922237380628
2022-10-20,Industrials,9,4,0.8,True,0.771428571429,142,4,0.760045231813
2022-10-20,Materials,14,5,1,True,0.675862068966,100,5,0.87489063867
2022-10-20,RealEstate,6,4,0.8,True,0.6,133,5,0.854334701763
2022-10-20,Tech,16,5,1,True,0.624390243902,579,5,0.847242124417
2022-10-20,Utilities,8,5,1,True,0.8,135,5,0.783029001074
2022-10-21,Comm,13,4,0.8,True,0.388505747126,224,5,0.746555572087
2022-10-21,Consumer,15,3,0.6,True,0.555555555556,450,5,0.944011934176
2022-10-21,Energy,33,5,1,True,0.540446650124,426,5,0.825866933649
2022-10-21,Financials,14,4,0.8,True,0.753846153846,440,5,0.84283848498
2022-10-21,Healthcare,11,5,1,True,0.691428571429,256,5,0.930380465645
2022-10-21,Industrials,6,2,0.4,True,0.4,136,4,0.769064449064
2022-10-21,Materials,3,2,0.4,True,0.36,96,5,0.862114125351
2022-10-21,RealEstate,10,5,1,True,0.769230769231,137,5,0.846403607666
2022-10-21,Tech,21,5,1,True,0.856310679612,578,5,0.845140399696
2022-10-21,Utilities,12,5,1,True,0.9,133,5,0.823701979045
2022-10-24,Comm,14,4,0.8,True,0.502564102564,225,5,0.728260087751
2022-10-24,Consumer,28,5,1,True,0.956097560976,459,5,0.949762199932
2022-10-24,Energy,32,5,1,True,0.793798449612,440,5,0.817187961673
2022-10-24,Financials,14,4,0.8,True,0.435555555556,442,5,0.826762589928
2022-10-24,Healthcare,11,5,1,True,0.78064516129,256,5,0.929193251099
2022-10-24,Industrials,20,4,0.8,True,0.615384615385,149,4,0.776394474558
2022-10-24,Materials,8,4,0.8,True,0.711111111111,96,5,0.892158760891
2022-10-24,RealEstate,12,5,1,True,0.847058823529,144,5,0.884641638225
2022-10-24,Tech,22,5,1,True,0.849122807018,580,5,0.838463647466
2022-10-24,Utilities,8,5,1,True,0.8,136,5,0.823141967067
2022-10-25,Comm,19,5,1,True,0.662385321101,230,5,0.722776335565
2022-10-25,Consumer,33,5,1,True,0.559897172237,465,5,0.951045721449
2022-10-25,Energy,9,4,0.8,True,0.522580645161,432,5,0.812822299652
2022-10-25,Financials,18,4,0.8,True,0.635294117647,444,5,0.827502833396
2022-10-25,Healthcare,14,5,1,True,0.933333333333,257,5,0.938129394219
2022-10-25,Industrials,37,4,0.8,True,0.612527964206,176,4,0.770547263682
2022-10-25,Materials,5,3,0.6,True,0.454545454545,96,5,0.89912195122
2022-10-25,RealEstate,7,5,1,True,0.890909090909,136,5,0.915643564356
2022-10-25,Tech,17,4,0.8,True,0.73164556962,571,5,0.831111790872
2022-10-25,Utilities,10,4,0.8,True,0.47619047619,135,5,0.808741956956
2022-10-26,Comm,6,2,0.4,True,0.4,223,5,0.692459792522
2022-10-26,Consumer,18,5,1,True,0.689361702128,471,5,0.950740351855
2022-10-26,Energy,16,4,0.8,True,0.449122807018,438,5,0.797820843384
2022-10-26,Financials,17,3,0.6,True,0.409929078014,441,5,0.838153726808
2022-10-26,Healthcare,12,3,0.6,True,0.514285714286,258,5,0.944572158365
2022-10-26,Industrials,13,4,0.8,True,0.71914893617,183,4,0.779993012694
2022-10-26,Materials,2,2,0.4,True,0.4,96,5,0.920679320679
2022-10-26,RealEstate,10,4,0.8,True,0.714285714286,142,5,0.926228755168
2022-10-26,Tech,13,5,1,True,0.689795918367,555,5,0.83192664515
2022-10-26,Utilities,7,4,0.8,True,0.653333333333,136,5,0.815520282187
2022-10-27,Comm,20,4,0.8,True,0.547945205479,228,5,0.70793953425
2022-10-27,Consumer,20,5,1,True,0.78431372549,470,5,0.950925527335
2022-10-27,Energy,26,5,1,True,0.58275862069,444,5,0.773385641428
2022-10-27,Financials,17,5,1,True,0.770666666667,441,5,0.845735035116
2022-10-27,Healthcare,23,4,0.8,True,0.56577540107,270,5,0.94466761695
2022-10-27,Industrials,22,4,0.8,True,0.293333333333,200,4,0.789577575997
2022-10-27,Materials,5,3,0.6,True,0.555555555556,95,5,0.938637545502
2022-10-27,RealEstate,13,5,1,True,0.71914893617,148,5,0.93407249467
2022-10-27,Tech,36,5,1,True,0.635294117647,553,5,0.817944500167
2022-10-27,Utilities,15,4,0.8,True,0.633802816901,141,5,0.812630288167
2022-10-28,Comm,11,4,0.8,True,0.44,228,5,0.729292929293
2022-10-28,Consumer,18,5,1,True,0.9,452,5,0.951401695073
2022-10-28,Energy,47,5,1,True,0.58208168643,475,5,0.742053246945
2022-10-28,Financials,9,5,1,True,0.852631578947,427,5,0.851388013355
2022-10-28,Healthcare,24,5,1,True,0.729113924051,289,5,0.95131841221
2022-10-28,Industrials,5,4,0.8,True,0.714285714286,199,4,0.789100328784
2022-10-28,Materials,2,2,0.4,True,0.4,96,5,0.926231155779
2022-10-28,RealEstate,3,1,0.2,True,0.2,150,5,0.946173254836
2022-10-28,Tech,33,4,0.8,True,0.408630393996,548,5,0.811303525598
2022-10-28,Utilities,12,4,0.8,True,0.342857142857,152,5,0.774003350084
2022-10-31,Comm,8,4,0.8,True,0.457142857143,230,5,0.734926368436
2022-10-31,Consumer,30,5,1,True,0.58064516129,445,5,0.919741761687
2022-10-31,Energy,40,5,1,True,0.75117370892,503,5,0.73588703227
2022-10-31,Financials,15,5,1,True,0.737704918033,435,5,0.848713866027
2022-10-31,Healthcare,5,3,0.6,True,0.555555555556,288,5,0.956237030205
2022-10-31,Industrials,8,3,0.6,True,0.581818181818,204,4,0.788629903354
2022-10-31,Materials,1,1,0.2,True,0.2,91,5,0.913513513514
2022-10-31,RealEstate,13,5,1,True,0.572881355932,160,5,0.966767371601
2022-10-31,Tech,25,5,1,True,0.862068965517,562,5,0.810729503568
2022-10-31,Utilities,8,5,1,True,0.8,157,5,0.766091686092
2022-11-01,Comm,13,4,0.8,True,0.46301369863,230,5,0.767222625091
2022-11-01,Consumer,17,5,1,True,0.696385542169,432,5,0.91151704601
2022-11-01,Energy,21,4,0.8,True,0.504,491,5,0.728704641286
2022-11-01,Financials,9,4,0.8,True,0.704347826087,432,5,0.853919011668
2022-11-01,Healthcare,13,5,1,True,0.866666666667,285,5,0.95452141724
2022-11-01,Industrials,3,3,0.6,True,0.6,199,4,0.790675851053
2022-11-01,Materials,6,2,0.4,True,0.36,92,5,0.949943883277
2022-11-01,RealEstate,7,4,0.8,True,0.653333333333,163,5,0.969848512502
2022-11-01,Tech,29,5,1,True,0.590175438596,564,5,0.803130759714
2022-11-01,Utilities,2,2,0.4,True,0.4,152,5,0.775562269218
2022-11-02,Comm,7,4,0.8,True,0.653333333333,231,5,0.758561376075
2022-11-02,Consumer,19,5,1,True,0.913924050633,436,5,0.910116340307
2022-11-02,Energy,24,5,1,True,0.886153846154,501,5,0.739162188029
2022-11-02,Financials,11,4,0.8,True,0.78064516129,422,5,0.864191779492
2022-11-02,Healthcare,13,5,1,True,0.786046511628,292,5,0.948537100901
2022-11-02,Industrials,2,2,0.4,True,0.4,196,4,0.790615352953
2022-11-02,Materials,4,2,0.4,True,0.32,94,5,0.978516057586
2022-11-02,RealEstate,10,3,0.6,True,0.526315789474,165,5,0.960825833774
2022-11-02,Tech,38,5,1,True,0.644642857143,577,5,0.811695293358
2022-11-02,Utilities,6,4,0.8,True,0.72,148,5,0.778393745558
2022-11-03,Comm,14,5,1,True,0.725925925926,240,5,0.755013763272
2022-11-03,Consumer,19,5,1,True,0.776344086022,439,5,0.910242059275
2022-11-03,Energy,20,5,1,True,0.816326530612,492,5,0.743371310997
2022-11-03,Financials,9,4,0.8,True,0.6,420,5,0.863267103847
2022-11-03,Healthcare,11,4,0.8,True,0.562790697674,296,5,0.965678386421
2022-11-03,Industrials,12,4,0.8,True,0.654545454545,201,4,0.79132308295
2022-11-03,Materials,4,3,0.6,True,0.533333333333,94,5,0.979600886918
2022-11-03,RealEstate,9,3,0.6,True,0.558620689655,164,5,0.948377997179
2022-11-03,Tech,30,4,0.8,True,0.620689655172,580,5,0.827531918034
2022-11-03,Utilities,11,4,0.8,True,0.691428571429,152,5,0.786653047327
2022-11-04,Comm,8,4,0.8,True,0.581818181818,237,5,0.727719116409
2022-11-04,Consumer,31,5,1,True,0.541408450704,446,5,0.906305813742
2022-11-04,Energy,14,5,1,True,0.675862068966,478,5,0.739047742269
2022-11-04,Financials,7,4,0.8,True,0.653333333333,408,5,0.867723102585
2022-11-04,Healthcare,15,5,1,True,0.714285714286,307,5,0.970488595994
2022-11-04,Industrials,4,4,0.8,True,0.8,200,4,0.792864222002
2022-11-04,Materials,0,0,0,False,,89,5,0.97729796422
2022-11-04,RealEstate,1,1,0.2,True,0.2,161,5,0.940700417347
2022-11-04,Tech,9,4,0.8,True,0.6,565,5,0.831087853582
2022-11-04,Utilities,16,4,0.8,True,0.673684210526,161,5,0.793054918158
2022-11-07,Comm,17,5,1,True,0.770666666667,247,5,0.737670032042
2022-11-07,Consumer,35,5,1,True,0.841924398625,460,5,0.899010069253
2022-11-07,Energy,34,5,1,True,0.781081081081,492,5,0.756852077666
2022-11-07,Financials,10,5,1,True,0.833333333333,403,5,0.869310852402
2022-11-07,Healthcare,16,5,1,True,0.948148148148,317,5,0.972458508734
2022-11-07,Industrials,7,4,0.8,True,0.653333333333,198,4,0.793442622951
2022-11-07,Materials,5,4,0.8,True,0.714285714286,92,5,0.980764774044
2022-11-07,RealEstate,13,4,0.8,True,0.751111111111,164,5,0.926809097174
2022-11-07,Tech,27,5,1,True,0.928662420382,527,5,0.863115531039
2022-11-07,Utilities,12,5,1,True,0.847058823529,165,5,0.787874403125
2022-11-08,Comm,17,4,0.8,True,0.330285714286,259,5,0.78014770018
2022-11-08,Consumer,31,5,1,True,0.651525423729,462,5,0.869248625535
2022-11-08,Energy,21,4,0.8,True,0.643795620438,487,5,0.766805153656
2022-11-08,Financials,7,3,0.6,True,0.576470588235,384,5,0.858050625546
2022-11-08,Healthcare,20,5,1,True,0.666666666667,319,5,0.973649715352
2022-11-08,Industrials,5,4,0.8,True,0.714285714286,197,4,0.792748442447
2022-11-08,Materials,12,4,0.8,True,0.48,98,5,0.997300103842
2022-11-08,RealEstate,2,2,0.4,True,0.4,153,5,0.930960429509
2022-11-08,Tech,23,5,1,True,0.92,512,5,0.873202091869
2022-11-08,Utilities,3,3,0.6,True,0.6,165,5,0.806547178196
2022-11-09,Comm,6,3,0.6,True,0.4,255,5,0.789569546476
2022-11-09,Consumer,33,4,0.8,True,0.352998379254,486,5,0.831617491726
2022-11-09,Energy,14,4,0.8,True,0.632258064516,490,5,0.775291420453
2022-11-09,Financials,6,4,0.8,True,0.6,369,5,0.862296950698
2022-11-09,Healthcare,17,4,0.8,True,0.73164556962,310,5,0.975733577013
2022-11-09,Industrials,4,3,0.6,True,0.533333333333,196,4,0.793719008264
2022-11-09,Materials,3,2,0.4,True,0.36,97,5,0.990942601369
2022-11-09,RealEstate,3,2,0.4,True,0.36,153,5,0.9232498521
2022-11-09,Tech,13,4,0.8,True,0.751111111111,505,5,0.876088562153
2022-11-09,Utilities,5,4,0.8,True,0.714285714286,167,5,0.814158517005
2022-11-10,Comm,6,5,1,True,0.9,253,5,0.779124825026
2022-11-10,Consumer,23,5,1,True,0.700662251656,489,5,0.820804942933
2022-11-10,Energy,15,5,1,True,0.818181818182,485,5,0.795122281001
2022-11-10,Financials,9,5,1,True,0.952941176471,366,5,0.868997729484
2022-11-10,Healthcare,8,5,1,True,0.8,297,5,0.980481298283
2022-11-10,Industrials,6,3,0.6,True,0.514285714286,199,4,0.795920008039
2022-11-10,Materials,3,2,0.4,True,0.36,99,5,0.986512330146
2022-11-10,RealEstate,7,4,0.8,True,0.515789473684,157,5,0.922319925164
2022-11-10,Tech,28,5,1,True,0.687719298246,499,5,0.883279828311
2022-11-10,Utilities,4,2,0.4,True,0.4,165,5,0.844840961986
2022-11-11,Comm,7,5,1,True,0.890909090909,252,5,0.777282741738
2022-11-11,Consumer,19,5,1,True,0.869879518072,490,5,0.832668631871
2022-11-11,Energy,16,5,1,True,0.64,482,5,0.804028378612
2022-11-11,Financials,8,5,1,True,0.8,357,5,0.861869822485
2022-11-11,Healthcare,5,3,0.6,True,0.454545454545,293,5,0.976166922508
2022-11-11,Industrials,5,2,0.4,True,0.384615384615,198,4,0.794729373606
2022-11-11,Materials,5,2,0.4,True,0.384615384615,99,5,0.98453038674
2022-11-11,RealEstate,3,3,0.6,True,0.6,159,5,0.929277706304
2022-11-11,Tech,14,5,1,True,0.576470588235,484,5,0.882619343657
2022-11-11,Utilities,6,5,1,True,0.9,169,5,0.847633179997
2022-11-14,Comm,17,5,1,True,0.73164556962,265,5,0.789799246471
2022-11-14,Consumer,37,5,1,True,0.626544622426,508,5,0.827711848098
2022-11-14,Energy,36,5,1,True,0.749132947977,490,5,0.811916677939
2022-11-14,Financials,16,5,1,True,0.775757575758,307,5,0.794579100451
2022-11-14,Healthcare,18,5,1,True,0.852631578947,300,5,0.972657516481
2022-11-14,Industrials,11,4,0.8,True,0.537777777778,201,4,0.791168119064
2022-11-14,Materials,4,3,0.6,True,0.533333333333,101,5,0.984177520502
2022-11-14,RealEstate,5,3,0.6,True,0.454545454545,162,5,0.923759239704
2022-11-14,Tech,32,5,1,True,0.673684210526,499,5,0.87083078322
2022-11-14,Utilities,12,5,1,True,0.847058823529,175,5,0.856763183662
2022-11-15,Comm,7,4,0.8,True,0.653333333333,262,5,0.796611349658
2022-11-15,Consumer,49,5,1,True,0.472173058014,533,5,0.829590153163
2022-11-15,Energy,16,5,1,True,0.691891891892,486,5,0.818590143481
2022-11-15,Financials,7,3,0.6,True,0.466666666667,281,5,0.802163864479
2022-11-15,Healthcare,15,5,1,True,0.762711864407,302,5,0.967579036707
2022-11-15,Industrials,4,3,0.6,True,0.533333333333,199,4,0.789414930729
2022-11-15,Materials,5,4,0.8,True,0.714285714286,101,5,0.977575467178
2022-11-15,RealEstate,1,1,0.2,True,0.2,154,5,0.936650868878
2022-11-15,Tech,21,4,0.8,True,0.717073170732,496,5,0.870544939844
2022-11-15,Utilities,1,1,0.2,True,0.2,167,5,0.865714729163
2022-11-16,Comm,5,3,0.6,True,0.454545454545,252,5,0.804357188094
2022-11-16,Consumer,36,5,1,True,0.549152542373,550,5,0.834782128763
2022-11-16,Energy,12,5,1,True,0.654545454545,481,5,0.819513663815
2022-11-16,Financials,15,5,1,True,0.737704918033,256,5,0.845844088797
2022-11-16,Healthcare,8,4,0.8,True,0.711111111111,297,5,0.966409202958
2022-11-16,Industrials,8,4,0.8,True,0.711111111111,195,4,0.783455238488
2022-11-16,Materials,0,0,0,False,,95,5,0.969908651263
2022-11-16,RealEstate,5,3,0.6,True,0.454545454545,152,5,0.909606299213
2022-11-16,Tech,40,5,1,True,0.698689956332,504,5,0.872127995605
2022-11-16,Utilities,6,4,0.8,True,0.72,170,5,0.866566716642
2022-11-17,Comm,7,4,0.8,True,0.653333333333,246,5,0.827173318753
2022-11-17,Consumer,23,5,1,True,0.682580645161,554,5,0.839922279084
2022-11-17,Energy,19,4,0.8,True,0.776344086022,484,5,0.817134086787
2022-11-17,Financials,13,5,1,True,0.866666666667,242,5,0.825426356589
2022-11-17,Healthcare,10,5,1,True,0.833333333333,285,5,0.950277859023
2022-11-17,Industrials,7,3,0.6,True,0.466666666667,198,4,0.787070869303
2022-11-17,Materials,1,1,0.2,True,0.2,92,5,0.965108323831
2022-11-17,RealEstate,0,0,0,False,,140,5,0.878136200717
2022-11-17,Tech,27,5,1,True,0.54606741573,514,5,0.865336870722
2022-11-17,Utilities,0,0,0,False,,164,5,0.872680077872
2022-11-18,Comm,2,1,0.2,True,0.2,224,5,0.874298658303
2022-11-18,Consumer,17,5,1,True,0.572277227723,551,5,0.825462553868
2022-11-18,Energy,12,3,0.6,True,0.576,477,5,0.807771367711
2022-11-18,Financials,8,3,0.6,True,0.533333333333,239,5,0.822891305914
2022-11-18,Healthcare,13,5,1,True,0.786046511628,282,5,0.941001064963
2022-11-18,Industrials,3,1,0.2,True,0.2,192,4,0.78819756254
2022-11-18,Materials,5,3,0.6,True,0.454545454545,83,5,0.949552033081
2022-11-18,RealEstate,3,3,0.6,True,0.6,137,5,0.874807737124
2022-11-18,Tech,10,4,0.8,True,0.666666666667,508,5,0.863841467497
2022-11-18,Utilities,7,4,0.8,True,0.515789473684,163,5,0.849528377298
2022-11-21,Comm,7,4,0.8,True,0.653333333333,218,5,0.898544148232
2022-11-21,Consumer,48,5,1,True,0.524829157175,584,5,0.808400293915
2022-11-21,Energy,25,5,1,True,0.766871165644,469,5,0.778471448037
2022-11-21,Financials,19,4,0.8,True,0.700970873786,244,5,0.813889268626
2022-11-21,Healthcare,17,4,0.8,True,0.561165048544,288,5,0.917014925373
2022-11-21,Industrials,7,3,0.6,True,0.576470588235,193,4,0.791269251195
2022-11-21,Materials,6,3,0.6,True,0.514285714286,86,5,0.968062827225
2022-11-21,RealEstate,9,4,0.8,True,0.704347826087,136,5,0.885399712781
2022-11-21,Tech,19,5,1,True,0.869879518072,506,5,0.86727186505
2022-11-21,Utilities,9,4,0.8,True,0.648,160,5,0.818414322251
2022-11-22,Comm,3,1,0.2,True,0.2,207,5,0.91645813282
2022-11-22,Consumer,24,5,1,True,0.61935483871,580,5,0.792704479581
2022-11-22,Energy,12,4,0.8,True,0.654545454545,449,5,0.767989181158
2022-11-22,Financials,10,4,0.8,True,0.588235294118,240,5,0.815517485488
2022-11-22,Healthcare,26,5,1,True,0.913513513514,303,5,0.912025033527
2022-11-22,Industrials,11,4,0.8,True,0.620512820513,184,4,0.77633570282
2022-11-22,Materials,1,1,0.2,True,0.2,79,5,0.959415833974
2022-11-22,RealEstate,2,2,0.4,True,0.4,126,5,0.871350164654
2022-11-22,Tech,12,5,1,True,0.8,496,5,0.864883107752
2022-11-22,Utilities,5,3,0.6,True,0.555555555556,157,5,0.819856976551
2022-11-23,Comm,4,2,0.4,True,0.4,192,5,0.930674072204
2022-11-23,Consumer,26,4,0.8,True,0.479432624113,573,5,0.756039375971
2022-11-23,Energy,23,5,1,True,0.92,463,5,0.78249712544
2022-11-23,Financials,7,3,0.6,True,0.515789473684,229,5,0.826167782592
2022-11-23,Healthcare,16,4,0.8,True,0.65641025641,305,5,0.910358663209
2022-11-23,Industrials,2,2,0.4,True,0.4,149,4,0.724457497145
2022-11-23,Materials,2,1,0.2,True,0.2,76,5,0.93918699187
2022-11-23,RealEstate,4,3,0.6,True,0.533333333333,123,5,0.863773908079
2022-11-23,Tech,14,4,0.8,True,0.725925925926,493,5,0.863974548104
2022-11-23,Utilities,5,4,0.8,True,0.714285714286,152,5,0.839840058161
2022-11-25,Comm,6,3,0.6,True,0.4,192,5,0.937299771167
2022-11-25,Consumer,37,5,1,True,0.722427440633,592,5,0.763222195605
2022-11-25,Energy,13,5,1,True,0.71914893617,460,5,0.78664634373
2022-11-25,Financials,13,5,1,True,0.786046511628,225,5,0.8619221929
2022-11-25,Healthcare,15,4,0.8,True,0.569620253165,308,5,0.907789473684
2022-11-25,Industrials,3,3,0.6,True,0.6,139,4,0.732272124313
2022-11-25,Materials,2,2,0.4,True,0.4,76,5,0.946885245902
2022-11-25,RealEstate,4,3,0.6,True,0.533333333333,117,5,0.86067274442
2022-11-25,Tech,10,4,0.8,True,0.555555555556,490,5,0.861901855907
2022-11-25,Utilities,5,4,0.8,True,0.714285714286,150,5,0.840179238237
2022-11-28,Comm,4,2,0.4,True,0.32,176,5,0.91536643026
2022-11-28,Consumer,27,4,0.8,True,0.59028340081,599,5,0.755330772065
2022-11-28,Energy,32,5,1,True,0.585142857143,466,5,0.788654439804
2022-11-28,Financials,12,4,0.8,True,0.8,220,5,0.864285714286
2022-11-28,Healthcare,24,5,1,True,0.914285714286,309,5,0.931113169828
2022-11-28,Industrials,11,4,0.8,True,0.620512820513,128,4,0.781679389313
2022-11-28,Materials,1,1,0.2,True,0.2,72,5,0.912676056338
2022-11-28,RealEstate,3,2,0.4,True,0.36,107,5,0.834171220401
2022-11-28,Tech,33,5,1,True,0.76961130742,487,5,0.880049722629
2022-11-28,Utilities,2,2,0.4,True,0.4,137,5,0.836967670011
2022-11-29,Comm,7,3,0.6,True,0.515789473684,172,5,0.866295754026
2022-11-29,Consumer,23,4,0.8,True,0.604571428571,604,5,0.743021242795
2022-11-29,Energy,29,5,1,True,0.670119521912,448,5,0.803941518125
2022-11-29,Financials,8,3,0.6,True,0.581818181818,219,5,0.848641953464
2022-11-29,Healthcare,13,5,1,True,0.866666666667,298,5,0.930469404862
2022-11-29,Industrials,5,4,0.8,True,0.714285714286,128,4,0.781679389313
2022-11-29,Materials,7,3,0.6,True,0.466666666667,77,5,0.894943396226
2022-11-29,RealEstate,0,0,0,False,,104,5,0.828812260536
2022-11-29,Tech,15,5,1,True,0.818181818182,469,5,0.878982597055
2022-11-29,Utilities,5,3,0.6,True,0.555555555556,130,5,0.898936170213
2022-11-30,Comm,4,3,0.6,True,0.533333333333,168,5,0.858916615946
2022-11-30,Consumer,20,4,0.8,True,0.56338028169,594,5,0.747930047695
2022-11-30,Energy,19,4,0.8,True,0.65045045045,427,5,0.803689418817
2022-11-30,Financials,10,3,0.6,True,0.434782608696,214,5,0.845724838412
2022-11-30,Healthcare,17,5,1,True,0.814084507042,310,5,0.940313111546
2022-11-30,Industrials,14,4,0.8,True,0.632258064516,134,4,0.794864984506
2022-11-30,Materials,5,5,1,True,1,81,5,0.896924128503
2022-11-30,RealEstate,4,3,0.6,True,0.533333333333,95,5,0.781047165729
2022-11-30,Tech,16,5,1,True,0.825806451613,460,5,0.875248180013
2022-11-30,Utilities,4,3,0.6,True,0.533333333333,126,5,0.894422535211
2022-12-01,Comm,7,5,1,True,0.753846153846,162,5,0.81579110973
2022-12-01,Consumer,18,5,1,True,0.689361702128,595,5,0.738837352478
2022-12-01,Energy,12,5,1,True,0.9,418,5,0.825532719112
2022-12-01,Financials,16,5,1,True,0.853333333333,221,5,0.854835039818
2022-12-01,Healthcare,15,5,1,True,0.762711864407,312,5,0.934203454894
2022-12-01,Industrials,7,4,0.8,True,0.653333333333,138,4,0.796820083682
2022-12-01,Materials,7,4,0.8,True,0.653333333333,82,5,0.885902503294
2022-12-01,RealEstate,9,4,0.8,True,0.522580645161,97,5,0.797710894447
2022-12-01,Tech,22,5,1,True,0.744615384615,453,5,0.872542891766
2022-12-01,Utilities,5,4,0.8,True,0.714285714286,129,5,0.896847210994
2022-12-02,Comm,10,5,1,True,0.909090909091,165,5,0.833716123105
2022-12-02,Consumer,24,4,0.8,True,0.647191011236,600,5,0.731811436587
2022-12-02,Energy,8,4,0.8,True,0.711111111111,402,5,0.819991881469
2022-12-02,Financials,16,4,0.8,True,0.691891891892,226,5,0.841311151375
2022-12-02,Healthcare,10,5,1,True,0.909090909091,309,5,0.93320627474
2022-12-02,Industrials,7,3,0.6,True,0.362962962963,143,4,0.79152312754
2022-12-02,Materials,2,2,0.4,True,0.4,80,5,0.895104895105
2022-12-02,RealEstate,4,3,0.6,True,0.533333333333,91,5,0.817069560927
2022-12-02,Tech,27,5,1,True,0.862721893491,442,5,0.858516435226
2022-12-02,Utilities,2,2,0.4,True,0.4,125,5,0.905534627644
2022-12-05,Comm,15,4,0.8,True,0.569620253165,166,5,0.829750075279
2022-12-05,Consumer,39,5,1,True,0.953605015674,620,5,0.742758873882
2022-12-05,Energy,21,4,0.8,True,0.6,403,5,0.799001303717
2022-12-05,Financials,11,4,0.8,True,0.562790697674,228,5,0.852616040676
2022-12-05,Healthcare,16,4,0.8,True,0.731428571429,314,5,0.919996267612
2022-12-05,Industrials,10,4,0.8,True,0.666666666667,141,4,0.792229527794
2022-12-05,Materials,2,2,0.4,True,0.4,78,5,0.890775988287
2022-12-05,RealEstate,3,2,0.4,True,0.36,85,5,0.812254075323
2022-12-05,Tech,18,5,1,True,0.790243902439,430,5,0.82618409294
2022-12-05,Utilities,8,4,0.8,True,0.581818181818,122,5,0.916502463054
2022-12-06,Comm,10,4,0.8,True,0.555555555556,168,5,0.829142185664
2022-12-06,Consumer,19,5,1,True,0.891358024691,608,5,0.723087455744
2022-12-06,Energy,14,5,1,True,0.753846153846,403,5,0.808870184526
2022-12-06,Financials,18,3,0.6,True,0.432,239,5,0.854784885896
2022-12-06,Healthcare,15,5,1,True,0.849056603774,314,5,0.921716369075
2022-12-06,Industrials,5,3,0.6,True,0.454545454545,142,4,0.792921745969
2022-12-06,Materials,4,2,0.4,True,0.32,82,5,0.885902503294
2022-12-06,RealEstate,3,2,0.4,True,0.36,87,5,0.803929899097
2022-12-06,Tech,15,5,1,True,0.818181818182,436,5,0.815477671486
2022-12-06,Utilities,3,2,0.4,True,0.36,109,5,0.91216890595
2022-12-07,Comm,7,4,0.8,True,0.753846153846,158,5,0.856691832533
2022-12-07,Consumer,14,5,1,True,0.675862068966,587,5,0.712574577866
2022-12-07,Energy,19,5,1,True,0.793406593407,388,5,0.796866398476
2022-12-07,Financials,28,5,1,True,0.428415300546,257,5,0.823810414718
2022-12-07,Healthcare,16,4,0.8,True,0.568888888889,314,5,0.913179586922
2022-12-07,Industrials,2,1,0.2,True,0.2,137,4,0.791773887366
2022-12-07,Materials,0,0,0,False,,77,5,0.866179693207
2022-12-07,RealEstate,5,4,0.8,True,0.714285714286,79,5,0.772879256966
2022-12-07,Tech,25,5,1,True,0.89928057554,434,5,0.81331663716
2022-12-07,Utilities,3,3,0.6,True,0.6,100,5,0.910746812386
2022-12-08,Comm,11,3,0.6,True,0.49387755102,152,5,0.789340621797
2022-12-08,Consumer,28,5,1,True,0.852173913043,584,5,0.718057982609
2022-12-08,Energy,28,5,1,True,0.653333333333,395,5,0.806309914472
2022-12-08,Financials,13,5,1,True,0.71914893617,263,5,0.824078155716
2022-12-08,Healthcare,12,5,1,True,0.847058823529,306,5,0.907149777175
2022-12-08,Industrials,10,4,0.8,True,0.588235294118,142,4,0.793545848091
2022-12-08,Materials,2,2,0.4,True,0.4,67,5,0.7952170062
2022-12-08,RealEstate,3,2,0.4,True,0.36,80,5,0.772946859903
2022-12-08,Tech,15,3,0.6,True,0.483870967742,426,5,0.795598421745
2022-12-08,Utilities,2,2,0.4,True,0.4,99,5,0.906241331484
2022-12-09,Comm,9,5,1,True,0.704347826087,155,5,0.771887550201
2022-12-09,Consumer,24,5,1,True,0.711111111111,575,5,0.734779371729
2022-12-09,Energy,24,5,1,True,0.748051948052,405,5,0.802804493062
2022-12-09,Financials,11,5,1,True,0.78064516129,268,5,0.831585041102
2022-12-09,Healthcare,17,4,0.8,True,0.68,306,5,0.897068403909
2022-12-09,Industrials,5,4,0.8,True,0.714285714286,143,4,0.790299516908
2022-12-09,Materials,3,2,0.4,True,0.36,67,5,0.80376007162
2022-12-09,RealEstate,4,3,0.6,True,0.533333333333,81,5,0.805524861878
2022-12-09,Tech,13,4,0.8,True,0.46301369863,426,5,0.784591439689
2022-12-09,Utilities,7,4,0.8,True,0.653333333333,101,5,0.892085701793
2022-12-12,Comm,6,3,0.6,True,0.514285714286,155,5,0.760405127394
2022-12-12,Consumer,20,5,1,True,0.754716981132,572,5,0.737149938042
2022-12-12,Energy,19,5,1,True,0.793406593407,409,5,0.803443721332
2022-12-12,Financials,23,5,1,True,0.783703703704,282,5,0.825622923588
2022-12-12,Healthcare,33,5,1,True,0.510070257611,331,5,0.901773735545
2022-12-12,Industrials,5,3,0.6,True,0.454545454545,142,4,0.783067961165
2022-12-12,Materials,2,2,0.4,True,0.4,66,5,0.757565217391
2022-12-12,RealEstate,3,3,0.6,True,0.6,77,5,0.817229496899
2022-12-12,Tech,24,5,1,True,0.872727272727,422,5,0.804136187122
2022-12-12,Utilities,6,4,0.8,True,0.72,103,5,0.870660648338
2022-12-13,Comm,7,3,0.6,True,0.362962962963,155,5,0.73572194151
2022-12-13,Consumer,24,5,1,True,0.811267605634,577,5,0.731270111471
2022-12-13,Energy,12,5,1,True,0.8,405,5,0.806316824382
2022-12-13,Financials,8,4,0.8,True,0.711111111111,282,5,0.822293454658
2022-12-13,Healthcare,28,5,1,True,0.544444444444,354,5,0.886439838721
2022-12-13,Industrials,14,4,0.8,True,0.675862068966,151,4,0.786919758412
2022-12-13,Materials,3,2,0.4,True,0.36,64,5,0.777229601518
2022-12-13,RealEstate,2,2,0.4,True,0.4,76,5,0.841982507289
2022-12-13,Tech,27,4,0.8,True,0.747692307692,435,5,0.807463355309
2022-12-13,Utilities,7,4,0.8,True,0.515789473684,104,5,0.832640492687
2022-12-14,Comm,8,3,0.6,True,0.492307692308,146,5,0.72062204192
2022-12-14,Consumer,17,4,0.8,True,0.621505376344,557,5,0.741114362496
2022-12-14,Energy,17,5,1,True,0.770666666667,386,5,0.809496903184
2022-12-14,Financials,11,4,0.8,True,0.620512820513,277,5,0.809676568353
2022-12-14,Healthcare,10,4,0.8,True,0.47619047619,346,5,0.872120638158
2022-12-14,Industrials,5,4,0.8,True,0.714285714286,145,4,0.788486780424
2022-12-14,Materials,4,3,0.6,True,0.533333333333,64,5,0.80156555773
2022-12-14,RealEstate,7,3,0.6,True,0.576470588235,78,5,0.825508819539
2022-12-14,Tech,11,5,1,True,0.896296296296,414,5,0.808967763251
2022-12-14,Utilities,1,1,0.2,True,0.2,93,5,0.828051699378
2022-12-15,Comm,12,5,1,True,0.654545454545,151,5,0.735634779803
2022-12-15,Consumer,19,4,0.8,True,0.627826086957,527,5,0.749595821919
2022-12-15,Energy,20,5,1,True,0.740740740741,390,5,0.807882296702
2022-12-15,Financials,14,4,0.8,True,0.675862068966,284,5,0.809392875063
2022-12-15,Healthcare,19,5,1,True,0.700970873786,350,5,0.869719559815
2022-12-15,Industrials,14,3,0.6,True,0.593939393939,155,4,0.78705978706
2022-12-15,Materials,3,2,0.4,True,0.36,62,5,0.776565656566
2022-12-15,RealEstate,4,2,0.4,True,0.32,81,5,0.857086871326
2022-12-15,Tech,30,5,1,True,0.769230769231,423,5,0.814442750176
2022-12-15,Utilities,5,4,0.8,True,0.714285714286,97,5,0.825713032032
2022-12-16,Comm,11,5,1,True,0.834482758621,157,5,0.739654913728
2022-12-16,Consumer,21,5,1,True,0.890909090909,512,5,0.756788590895
2022-12-16,Energy,9,4,0.8,True,0.522580645161,387,5,0.810109533469
2022-12-16,Financials,8,4,0.8,True,0.581818181818,277,5,0.800135564941
2022-12-16,Healthcare,15,5,1,True,0.714285714286,357,5,0.875607158806
2022-12-16,Industrials,8,3,0.6,True,0.426666666667,155,4,0.783211083945
2022-12-16,Materials,1,1,0.2,True,0.2,63,5,0.769932104753
2022-12-16,RealEstate,2,2,0.4,True,0.4,78,5,0.859322033898
2022-12-16,Tech,27,4,0.8,True,0.48762541806,410,5,0.840373943908
2022-12-16,Utilities,6,2,0.4,True,0.36,97,5,0.793673555462
2022-12-19,Comm,11,4,0.8,True,0.361194029851,161,5,0.697832817337
2022-12-19,Consumer,29,5,1,True,0.686530612245,518,5,0.754779184248
2022-12-19,Energy,21,5,1,True,0.694488188976,389,5,0.803936777793
2022-12-19,Financials,20,5,1,True,0.8,284,5,0.809474106784
2022-12-19,Healthcare,20,5,1,True,0.888888888889,367,5,0.886257608159
2022-12-19,Industrials,11,4,0.8,True,0.733333333333,159,4,0.779916705229
2022-12-19,Materials,4,2,0.4,True,0.32,66,5,0.749741824441
2022-12-19,RealEstate,14,5,1,True,0.890909090909,92,5,0.878920041537
2022-12-19,Tech,24,5,1,True,0.72,407,5,0.850332383666
2022-12-19,Utilities,6,3,0.6,True,0.514285714286,103,5,0.786143015932
2022-12-20,Comm,4,3,0.6,True,0.533333333333,163,5,0.704467718414
2022-12-20,Consumer,22,4,0.8,True,0.537777777778,523,5,0.768221201781
2022-12-20,Energy,17,5,1,True,0.68,394,5,0.810081928717
2022-12-20,Financials,17,5,1,True,0.434586466165,293,5,0.831346535612
2022-12-20,Healthcare,18,5,1,True,0.6,372,5,0.899239716681
2022-12-20,Industrials,13,4,0.8,True,0.751111111111,169,4,0.786479416219
2022-12-20,Materials,7,4,0.8,True,0.653333333333,68,5,0.790427350427
2022-12-20,RealEstate,5,2,0.4,True,0.294117647059,94,5,0.854545454545
2022-12-20,Tech,15,4,0.8,True,0.789473684211,412,5,0.859463291139
2022-12-20,Utilities,8,4,0.8,True,0.64,104,5,0.84302416212
2022-12-21,Comm,8,3,0.6,True,0.336842105263,164,5,0.715128955065
2022-12-21,Consumer,46,5,1,True,0.369284467714,521,5,0.822062720514
2022-12-21,Energy,10,4,0.8,True,0.666666666667,379,5,0.807811489469
2022-12-21,Financials,14,4,0.8,True,0.56,288,5,0.832520325203
2022-12-21,Healthcare,16,5,1,True,0.775757575758,371,5,0.908611413671
2022-12-21,Industrials,14,4,0.8,True,0.593939393939,176,4,0.776730190572
2022-12-21,Materials,3,3,0.6,True,0.6,65,5,0.803996194101
2022-12-21,RealEstate,5,3,0.6,True,0.454545454545,90,5,0.852631578947
2022-12-21,Tech,20,5,1,True,0.769230769231,413,5,0.85226971794
2022-12-21,Utilities,2,2,0.4,True,0.4,97,5,0.867588750576
2022-12-22,Comm,9,3,0.6,True,0.558620689655,170,5,0.719442369928
2022-12-22,Consumer,23,4,0.8,True,0.604571428571,520,5,0.827771995347
2022-12-22,Energy,12,5,1,True,0.757894736842,379,5,0.815423916437
2022-12-22,Financials,12,5,1,True,0.72,290,5,0.847611368676
2022-12-22,Healthcare,13,4,0.8,True,0.751111111111,358,5,0.912004554188
2022-12-22,Industrials,16,4,0.8,True,0.624390243902,181,4,0.778078612991
2022-12-22,Materials,2,2,0.4,True,0.4,66,5,0.808163265306
2022-12-22,RealEstate,0,0,0,False,,88,5,0.851925192519
2022-12-22,Tech,30,5,1,True,0.918367346939,431,5,0.859268681916
2022-12-22,Utilities,2,2,0.4,True,0.4,94,5,0.880957128614
2022-12-23,Comm,4,2,0.4,True,0.32,170,5,0.707812882684
2022-12-23,Consumer,13,4,0.8,True,0.614545454545,507,5,0.835429091441
2022-12-23,Energy,9,4,0.8,True,0.522580645161,365,5,0.801811561494
2022-12-23,Financials,10,4,0.8,True,0.588235294118,293,5,0.856562733849
2022-12-23,Healthcare,7,3,0.6,True,0.466666666667,349,5,0.909268037774
2022-12-23,Industrials,7,4,0.8,True,0.753846153846,186,4,0.778663065496
2022-12-23,Materials,1,1,0.2,True,0.2,65,5,0.818005808325
2022-12-23,RealEstate,0,0,0,False,,84,5,0.835029585799
2022-12-23,Tech,17,3,0.6,True,0.550476190476,434,5,0.852443881245
2022-12-23,Utilities,3,2,0.4,True,0.36,92,5,0.88814270724
2022-12-27,Comm,11,3,0.6,True,0.49387755102,175,5,0.699600228441
2022-12-27,Consumer,35,5,1,True,0.813953488372,505,5,0.83060563128
2022-12-27,Energy,37,5,1,True,0.771267605634,389,5,0.805863400346
2022-12-27,Financials,12,5,1,True,0.96,292,5,0.860991618701
2022-12-27,Healthcare,20,5,1,True,0.851063829787,354,5,0.92015566488
2022-12-27,Industrials,20,4,0.8,True,0.727272727273,203,4,0.776283319205
2022-12-27,Materials,2,2,0.4,True,0.4,65,5,0.793427230047
2022-12-27,RealEstate,10,5,1,True,0.769230769231,90,5,0.849947534103
2022-12-27,Tech,28,5,1,True,0.753846153846,452,5,0.852723402479
2022-12-27,Utilities,9,3,0.6,True,0.462857142857,96,5,0.875213675214
2022-12-28,Comm,10,3,0.6,True,0.47619047619,181,5,0.699946586903
2022-12-28,Consumer,8,4,0.8,True,0.8,486,5,0.847248726594
2022-12-28,Energy,13,3,0.6,True,0.50447761194,370,5,0.811307336731
2022-12-28,Financials,11,3,0.6,True,0.537777777778,291,5,0.867322169304
2022-12-28,Healthcare,12,5,1,True,0.654545454545,342,5,0.92468969879
2022-12-28,Industrials,9,3,0.6,True,0.558620689655,201,4,0.774930468975
2022-12-28,Materials,4,3,0.6,True,0.533333333333,68,5,0.77976391231
2022-12-28,RealEstate,4,2,0.4,True,0.32,91,5,0.831008529854
2022-12-28,Tech,14,4,0.8,True,0.675862068966,433,5,0.851622720356
2022-12-28,Utilities,4,3,0.6,True,0.533333333333,98,5,0.87547857794
2022-12-29,Comm,4,3,0.6,True,0.533333333333,178,5,0.70739004242
2022-12-29,Consumer,22,5,1,True,0.768253968254,485,5,0.855783748386
2022-12-29,Energy,16,4,0.8,True,0.65641025641,357,5,0.822490400439
2022-12-29,Financials,12,5,1,True,0.9,295,5,0.873964348481
2022-12-29,Healthcare,12,4,0.8,True,0.626086956522,341,5,0.92865072076
2022-12-29,Industrials,10,4,0.8,True,0.666666666667,206,4,0.776505032022
2022-12-29,Materials,4,2,0.4,True,0.4,65,5,0.736704446382
2022-12-29,RealEstate,6,4,0.8,True,0.72,97,5,0.833023461709
2022-12-29,Tech,13,5,1,True,0.913513513514,431,5,0.855548647093
2022-12-29,Utilities,2,2,0.4,True,0.4,95,5,0.843852267415
2022-12-30,Comm,8,3,0.6,True,0.426666666667,182,5,0.696907216495
2022-12-30,Consumer,25,5,1,True,0.668449197861,490,5,0.85078487651
2022-12-30,Energy,14,5,1,True,0.852173913043,352,5,0.825036622719
2022-12-30,Financials,3,2,0.4,True,0.36,288,5,0.8610401744
2022-12-30,Healthcare,7,3,0.6,True,0.362962962963,331,5,0.913122473643
2022-12-30,Industrials,5,3,0.6,True,0.555555555556,197,4,0.76994345799
2022-12-30,Materials,2,1,0.2,True,0.2,62,5,0.71582867784
2022-12-30,RealEstate,3,2,0.4,True,0.36,96,5,0.817021276596
2022-12-30,Tech,22,5,1,True,0.834482758621,437,5,0.858770095559
2022-12-30,Utilities,5,5,1,True,1,96,5,0.85890027959
2023-01-03,Comm,16,3,0.6,True,0.568888888889,191,5,0.683740980227
2023-01-03,Consumer,34,5,1,True,0.709202453988,506,5,0.851013760553
2023-01-03,Energy,32,5,1,True,0.8192,372,5,0.814071415966
2023-01-03,Financials,18,5,1,True,0.952941176471,290,5,0.874129508367
2023-01-03,Healthcare,14,5,1,True,0.675862068966,330,5,0.918599746942
2023-01-03,Industrials,13,4,0.8,True,0.662745098039,203,4,0.775698823529
2023-01-03,Materials,4,4,0.8,True,0.8,59,5,0.725964546403
2023-01-03,RealEstate,9,4,0.8,True,0.415384615385,96,5,0.806299212598
2023-01-03,Tech,51,5,1,True,0.687186261559,466,5,0.850958109644
2023-01-03,Utilities,4,4,0.8,True,0.8,95,5,0.853427895981
2023-01-04,Comm,6,3,0.6,True,0.514285714286,187,5,0.658116119319
2023-01-04,Consumer,24,5,1,True,0.847058823529,506,5,0.854165137615
2023-01-04,Energy,27,5,1,True,0.928662420382,391,5,0.826584844962
2023-01-04,Financials,14,4,0.8,True,0.593939393939,288,5,0.876045627376
2023-01-04,Healthcare,13,4,0.8,True,0.689795918367,333,5,0.910605625128
2023-01-04,Industrials,13,3,0.6,True,0.554098360656,209,4,0.78064516129
2023-01-04,Materials,4,2,0.4,True,0.4,61,5,0.682126489459
2023-01-04,RealEstate,2,2,0.4,True,0.4,94,5,0.807678244973
2023-01-04,Tech,26,5,1,True,0.824390243902,465,5,0.853918606718
2023-01-04,Utilities,8,4,0.8,True,0.581818181818,101,5,0.817060472567
2023-01-05,Comm,8,3,0.6,True,0.426666666667,180,5,0.661764705882
2023-01-05,Consumer,21,5,1,True,0.634532374101,488,5,0.833312338162
2023-01-05,Energy,22,5,1,True,0.733333333333,392,5,0.832912352973
2023-01-05,Financials,15,5,1,True,0.762711864407,292,5,0.868888209518
2023-01-05,Healthcare,12,5,1,True,0.757894736842,329,5,0.91284840818
2023-01-05,Industrials,6,4,0.8,True,0.72,205,4,0.780191218788
2023-01-05,Materials,7,5,1,True,0.890909090909,66,5,0.733333333333
2023-01-05,RealEstate,4,2,0.4,True,0.32,95,5,0.80978017048
2023-01-05,Tech,27,5,1,True,0.916981132075,474,5,0.861586838977
2023-01-05,Utilities,8,4,0.8,True,0.64,101,5,0.816406562625
2023-01-06,Comm,9,5,1,True,0.852631578947,179,5,0.693303040138
2023-01-06,Consumer,10,4,0.8,True,0.666666666667,479,5,0.83165449372
2023-01-06,Energy,22,5,1,True,0.806666666667,400,5,0.832726137192
2023-01-06,Financials,13,4,0.8,True,0.450666666667,287,5,0.885640556959
2023-01-06,Healthcare,9,5,1,True,0.852631578947,323,5,0.912405439678
2023-01-06,Industrials,6,2,0.4,True,0.36,206,4,0.778785098183
2023-01-06,Materials,5,2,0.4,True,0.384615384615,67,5,0.732897959184
2023-01-06,RealEstate,4,1,0.2,True,0.2,96,5,0.806299212598
2023-01-06,Tech,21,5,1,True,0.890909090909,480,5,0.86450789839
2023-01-06,Utilities,2,1,0.2,True,0.2,100,5,0.807102502018
2023-01-09,Comm,9,4,0.8,True,0.522580645161,181,5,0.65633577081
2023-01-09,Consumer,25,4,0.8,True,0.714285714286,490,5,0.850423263557
2023-01-09,Energy,22,5,1,True,0.78064516129,403,5,0.826193564797
2023-01-09,Financials,25,5,1,True,0.786163522013,284,5,0.895381882771
2023-01-09,Healthcare,14,4,0.8,True,0.784,321,5,0.928339114375
2023-01-09,Industrials,11,4,0.8,True,0.733333333333,215,4,0.782744898823
2023-01-09,Materials,10,5,1,True,0.769230769231,77,5,0.762572347267
2023-01-09,RealEstate,9,3,0.6,True,0.490909090909,100,5,0.782472613459
2023-01-09,Tech,24,5,1,True,0.847058823529,479,5,0.863160468747
2023-01-09,Utilities,8,5,1,True,0.8,105,5,0.809174311927
2023-01-10,Comm,7,3,0.6,True,0.576470588235,177,5,0.665512480085
2023-01-10,Consumer,13,5,1,True,0.554098360656,475,5,0.844926695003
2023-01-10,Energy,16,5,1,True,0.64,391,5,0.823912047641
2023-01-10,Financials,25,4,0.8,True,0.730994152047,296,5,0.886353060192
2023-01-10,Healthcare,13,4,0.8,True,0.50447761194,322,5,0.929401219075
2023-01-10,Industrials,11,4,0.8,True,0.44,216,4,0.768126440566
2023-01-10,Materials,3,3,0.6,True,0.6,78,5,0.75671641791
2023-01-10,RealEstate,5,4,0.8,True,0.714285714286,102,5,0.794805194805
2023-01-10,Tech,21,5,1,True,0.717073170732,485,5,0.866470209043
2023-01-10,Utilities,2,1,0.2,True,0.2,105,5,0.814554857776
2023-01-11,Comm,8,4,0.8,True,0.711111111111,176,5,0.672076372315
2023-01-11,Consumer,21,5,1,True,0.909278350515,472,5,0.848668622148
2023-01-11,Energy,9,3,0.6,True,0.490909090909,376,5,0.817769551134
2023-01-11,Financials,24,4,0.8,True,0.677647058824,309,5,0.867102574581
2023-01-11,Healthcare,13,5,1,True,0.786046511628,318,5,0.928595041322
2023-01-11,Industrials,4,3,0.6,True,0.533333333333,215,4,0.770609318996
2023-01-11,Materials,10,4,0.8,True,0.666666666667,85,5,0.760926803581
2023-01-11,RealEstate,5,3,0.6,True,0.555555555556,103,5,0.79083115915
2023-01-11,Tech,17,5,1,True,0.814084507042,489,5,0.87591714134
2023-01-11,Utilities,4,3,0.6,True,0.533333333333,102,5,0.822450592885
2023-01-12,Comm,14,4,0.8,True,0.593939393939,184,5,0.667507886435
2023-01-12,Consumer,28,5,1,True,0.681739130435,480,5,0.841643835616
2023-01-12,Energy,20,4,0.8,True,0.615384615385,377,5,0.80706964595
2023-01-12,Financials,23,5,1,True,0.73986013986,309,5,0.862793114354
2023-01-12,Healthcare,7,4,0.8,True,0.653333333333,292,5,0.915930819637
2023-01-12,Industrials,14,4,0.8,True,0.632258064516,224,4,0.770397666206
2023-01-12,Materials,5,4,0.8,True,0.714285714286,88,5,0.78301314459
2023-01-12,RealEstate,5,4,0.8,True,0.714285714286,105,5,0.793450881612
2023-01-12,Tech,13,5,1,True,0.866666666667,478,5,0.871743609309
2023-01-12,Utilities,7,4,0.8,True,0.653333333333,103,5,0.837662850375
2023-01-13,Comm,2,1,0.2,True,0.2,179,5,0.663718280684
2023-01-13,Consumer,17,5,1,True,0.770666666667,473,5,0.842020285655
2023-01-13,Energy,14,4,0.8,True,0.56,379,5,0.796788240189
2023-01-13,Financials,48,5,1,True,0.538317757009,349,5,0.825909476182
2023-01-13,Healthcare,8,4,0.8,True,0.711111111111,272,5,0.928980411853
2023-01-13,Industrials,11,4,0.8,True,0.620512820513,221,4,0.768967960324
2023-01-13,Materials,10,5,1,True,0.909090909091,95,5,0.826086956522
2023-01-13,RealEstate,4,3,0.6,True,0.533333333333,107,5,0.773842514363
2023-01-13,Tech,14,5,1,True,0.890909090909,465,5,0.879338742146
2023-01-13,Utilities,4,3,0.6,True,0.533333333333,100,5,0.875656742557
2023-01-17,Comm,13,4,0.8,True,0.614545454545,184,5,0.662414400313
2023-01-17,Consumer,51,5,1,True,0.647820672478,507,5,0.836434928331
2023-01-17,Energy,40,5,1,True,0.594795539033,402,5,0.778214388905
2023-01-17,Financials,100,5,1,True,0.575373993096,438,5,0.813242899534
2023-01-17,Healthcare,33,5,1,True,0.797802197802,295,5,0.930102068081
2023-01-17,Industrials,13,4,0.8,True,0.751111111111,229,4,0.770454712407
2023-01-17,Materials,7,3,0.6,True,0.515789473684,98,5,0.808417508418
2023-01-17,RealEstate,8,4,0.8,True,0.581818181818,108,5,0.7776
2023-01-17,Tech,46,5,1,True,0.810727969349,500,5,0.873545546665
2023-01-17,Utilities,8,4,0.8,True,0.581818181818,107,5,0.85856767904
2023-01-18,Comm,3,3,0.6,True,0.6,175,5,0.651665070752
2023-01-18,Consumer,27,5,1,True,0.873053892216,515,5,0.845163551774
2023-01-18,Energy,21,5,1,True,0.728925619835,403,5,0.781921475169
2023-01-18,Financials,26,5,1,True,0.777011494253,450,5,0.819042226177
2023-01-18,Healthcare,10,4,0.8,True,0.714285714286,286,5,0.921645070423
2023-01-18,Industrials,8,4,0.8,True,0.581818181818,223,4,0.769381913824
2023-01-18,Materials,7,3,0.6,True,0.466666666667,102,5,0.79724137931
2023-01-18,RealEstate,8,3,0.6,True,0.336842105263,112,5,0.74180958013
2023-01-18,Tech,18,5,1,True,0.736363636364,488,5,0.882243544623
2023-01-18,Utilities,3,3,0.6,True,0.6,105,5,0.852338616158
2023-01-19,Comm,11,3,0.6,True,0.590243902439,175,5,0.632290698875
2023-01-19,Consumer,24,5,1,True,0.929032258065,518,5,0.845567705543
2023-01-19,Energy,14,4,0.8,True,0.653333333333,408,5,0.782365935047
2023-01-19,Financials,22,5,1,True,0.820338983051,464,5,0.82466771364
2023-01-19,Healthcare,10,4,0.8,True,0.666666666667,281,5,0.926391740482
2023-01-19,Industrials,7,4,0.8,True,0.753846153846,222,4,0.7689811203
2023-01-19,Materials,11,4,0.8,True,0.733333333333,112,5,0.802046035806
2023-01-19,RealEstate,10,4,0.8,True,0.666666666667,120,5,0.740359897172
2023-01-19,Tech,12,3,0.6,True,0.533333333333,473,5,0.84824553089
2023-01-19,Utilities,5,5,1,True,1,104,5,0.893146160198
2023-01-20,Comm,11,3,0.6,True,0.410169491525,175,5,0.658106801332
2023-01-20,Consumer,18,5,1,True,0.852631578947,507,5,0.857931011465
2023-01-20,Energy,31,4,0.8,True,0.679151943463,418,5,0.802480135948
2023-01-20,Financials,24,5,1,True,0.811267605634,468,5,0.821915340739
2023-01-20,Healthcare,14,5,1,True,0.753846153846,275,5,0.934738273283
2023-01-20,Industrials,5,3,0.6,True,0.555555555556,216,4,0.774630582766
2023-01-20,Materials,5,3,0.6,True,0.454545454545,113,5,0.80232485077
2023-01-20,RealEstate,8,3,0.6,True,0.492307692308,114,5,0.731344963421
2023-01-20,Tech,26,5,1,True,0.777011494253,475,5,0.849475725231
2023-01-20,Utilities,7,3,0.6,True,0.576470588235,105,5,0.89816700611
2023-01-23,Comm,10,3,0.6,True,0.47619047619,181,5,0.651895333798
2023-01-23,Consumer,31,5,1,True,0.797510373444,516,5,0.8592506535
2023-01-23,Energy,31,5,1,True,0.50182767624,432,5,0.782950159423
2023-01-23,Financials,21,5,1,True,0.643795620438,472,5,0.820839320585
2023-01-23,Healthcare,18,5,1,True,0.952941176471,275,5,0.924228536511
2023-01-23,Industrials,23,4,0.8,True,0.761151079137,226,4,0.777767626009
2023-01-23,Materials,9,3,0.6,True,0.558620689655,115,5,0.795967499248
2023-01-23,RealEstate,13,5,1,True,0.866666666667,122,5,0.756685307575
2023-01-23,Tech,54,5,1,True,0.738227848101,514,5,0.842569205256
2023-01-23,Utilities,12,5,1,True,0.96,109,5,0.883017465626
2023-01-24,Comm,9,5,1,True,0.704347826087,182,5,0.645440374123
2023-01-24,Consumer,33,5,1,True,0.76961130742,503,5,0.835909804245
2023-01-24,Energy,21,5,1,True,0.794594594595,443,5,0.785388694347
2023-01-24,Financials,10,5,1,True,0.714285714286,468,5,0.830233880444
2023-01-24,Healthcare,8,4,0.8,True,0.711111111111,267,5,0.93096963761
2023-01-24,Industrials,52,4,0.8,True,0.539720558882,264,4,0.774313965115
2023-01-24,Materials,7,3,0.6,True,0.466666666667,119,5,0.783891502906
2023-01-24,RealEstate,5,4,0.8,True,0.714285714286,122,5,0.764458140729
2023-01-24,Tech,32,4,0.8,True,0.775757575758,526,5,0.835954920386
2023-01-24,Utilities,12,4,0.8,True,0.6,119,5,0.848726400959
2023-01-25,Comm,27,5,1,True,0.321854304636,200,5,0.5999700015
2023-01-25,Consumer,21,5,1,True,0.928421052632,501,5,0.838668827372
2023-01-25,Energy,29,5,1,True,0.828571428571,460,5,0.784779141787
2023-01-25,Financials,22,4,0.8,True,0.793442622951,478,5,0.841035079324
2023-01-25,Healthcare,29,4,0.8,True,0.49616519174,283,5,0.929699924546
2023-01-25,Industrials,6,3,0.6,True,0.4,254,4,0.77459478929
2023-01-25,Materials,11,5,1,True,0.654054054054,128,5,0.778337292162
2023-01-25,RealEstate,5,3,0.6,True,0.454545454545,127,5,0.791607361963
2023-01-25,Tech,29,5,1,True,0.845226130653,525,5,0.835670431289
2023-01-25,Utilities,14,4,0.8,True,0.369811320755,131,5,0.787021325384
2023-01-26,Comm,20,4,0.8,True,0.533333333333,216,5,0.628787061995
2023-01-26,Consumer,19,5,1,True,0.849411764706,507,5,0.847633179997
2023-01-26,Energy,39,3,0.6,True,0.406141522029,490,5,0.755577933726
2023-01-26,Financials,35,5,1,True,0.60794044665,503,5,0.858021195422
2023-01-26,Healthcare,18,5,1,True,0.830769230769,294,5,0.930419806243
2023-01-26,Industrials,19,4,0.8,True,0.700970873786,266,4,0.770510726342
2023-01-26,Materials,26,5,1,True,0.742857142857,153,5,0.795548003398
2023-01-26,RealEstate,6,3,0.6,True,0.514285714286,133,5,0.799141630901
2023-01-26,Tech,37,5,1,True,0.730133333333,545,5,0.84046632051
2023-01-26,Utilities,14,5,1,True,0.852173913043,142,5,0.795424063116
2023-01-27,Comm,13,5,1,True,0.751111111111,218,5,0.643433522881
2023-01-27,Consumer,19,5,1,True,0.662385321101,491,5,0.84183675251
2023-01-27,Energy,46,5,1,True,0.465054945055,499,5,0.73268990275
2023-01-27,Financials,29,4,0.8,True,0.537380191693,520,5,0.862052475532
2023-01-27,Healthcare,8,4,0.8,True,0.64,282,5,0.933599436487
2023-01-27,Industrials,8,3,0.6,True,0.581818181818,254,4,0.769421586166
2023-01-27,Materials,3,2,0.4,True,0.36,154,5,0.793708165997
2023-01-27,RealEstate,2,2,0.4,True,0.4,125,5,0.781836377283
2023-01-27,Tech,51,4,0.8,True,0.54244004171,568,5,0.825251956822
2023-01-27,Utilities,6,4,0.8,True,0.6,139,5,0.798553420128
2023-01-30,Comm,7,3,0.6,True,0.466666666667,215,5,0.650369328174
2023-01-30,Consumer,30,5,1,True,0.714285714286,513,5,0.840970169524
2023-01-30,Energy,29,5,1,True,0.76803652968,515,5,0.742667133357
2023-01-30,Financials,20,5,1,True,0.754716981132,529,5,0.86430700332
2023-01-30,Healthcare,19,5,1,True,0.700970873786,289,5,0.916353063799
2023-01-30,Industrials,17,4,0.8,True,0.73164556962,262,4,0.780222777904
2023-01-30,Materials,6,2,0.4,True,0.36,156,5,0.796074582924
2023-01-30,RealEstate,10,4,0.8,True,0.666666666667,131,5,0.799860172454
2023-01-30,Tech,31,5,1,True,0.660481099656,585,5,0.820201560234
2023-01-30,Utilities,6,3,0.6,True,0.6,141,5,0.806040948713
2023-01-31,Comm,16,5,1,True,0.544680851064,227,5,0.705538440474
2023-01-31,Consumer,21,5,1,True,0.856310679612,512,5,0.844590501965
2023-01-31,Energy,36,5,1,True,0.36404494382,535,5,0.720888060547
2023-01-31,Financials,12,4,0.8,True,0.576,529,5,0.862548738576
2023-01-31,Healthcare,23,5,1,True,0.860162601626,300,5,0.913612831185
2023-01-31,Industrials,39,3,0.6,True,0.438961038961,291,4,0.792930380636
2023-01-31,Materials,4,3,0.6,True,0.533333333333,156,5,0.808504983389
2023-01-31,RealEstate,8,4,0.8,True,0.711111111111,133,5,0.80790134734
2023-01-31,Tech,50,4,0.8,True,0.62656641604,622,5,0.809346889251
2023-01-31,Utilities,8,4,0.8,True,0.711111111111,147,5,0.806456428438
2023-02-01,Comm,24,5,1,True,0.662068965517,243,5,0.771831906411
2023-02-01,Consumer,22,5,1,True,0.636842105263,509,5,0.840258160767
2023-02-01,Energy,22,5,1,True,0.744615384615,543,5,0.718486749924
2023-02-01,Financials,6,3,0.6,True,0.514285714286,532,5,0.865914027842
2023-02-01,Healthcare,26,5,1,True,0.824390243902,319,5,0.930471357381
2023-02-01,Industrials,8,4,0.8,True,0.581818181818,294,4,0.790308128372
2023-02-01,Materials,1,1,0.2,True,0.2,155,5,0.801233950308
2023-02-01,RealEstate,6,4,0.8,True,0.72,136,5,0.816600441501
2023-02-01,Tech,50,5,1,True,0.538793103448,650,5,0.793829735265
2023-02-01,Utilities,7,5,1,True,0.890909090909,149,5,0.804821460939
2023-02-02,Comm,15,5,1,True,0.882352941176,242,5,0.801478034761
2023-02-02,Consumer,20,5,1,True,0.588235294118,495,5,0.855489412217
2023-02-02,Energy,23,5,1,True,0.807633587786,534,5,0.720800788655
2023-02-02,Financials,21,5,1,True,0.694488188976,535,5,0.854390232982
2023-02-02,Healthcare,29,4,0.8,True,0.530599369085,334,5,0.920353106179
2023-02-02,Industrials,5,4,0.8,True,0.714285714286,286,4,0.787636013481
2023-02-02,Materials,6,3,0.6,True,0.4,157,5,0.785875976407
2023-02-02,RealEstate,5,4,0.8,True,0.714285714286,132,5,0.837289764536
2023-02-02,Tech,31,5,1,True,0.839301310044,630,5,0.803701603758
2023-02-02,Utilities,8,4,0.8,True,0.64,153,5,0.812389380531
2023-02-03,Comm,6,5,1,True,0.9,242,5,0.811135734072
2023-02-03,Consumer,19,5,1,True,0.793406593407,490,5,0.857806359414
2023-02-03,Energy,13,5,1,True,0.866666666667,520,5,0.713512942977
2023-02-03,Financials,15,4,0.8,True,0.652173913043,536,5,0.857523206877
2023-02-03,Healthcare,17,3,0.6,True,0.550476190476,338,5,0.931615428525
2023-02-03,Industrials,8,4,0.8,True,0.581818181818,281,4,0.788230596456
2023-02-03,Materials,9,4,0.8,True,0.522580645161,162,5,0.780374665477
2023-02-03,RealEstate,6,3,0.6,True,0.514285714286,136,5,0.818769366977
2023-02-03,Tech,25,5,1,True,0.886524822695,629,5,0.808792354474
2023-02-03,Utilities,9,4,0.8,True,0.771428571429,154,5,0.832140350877
2023-02-06,Comm,20,5,1,True,0.769230769231,254,5,0.865754159957
2023-02-06,Consumer,38,5,1,True,0.596694214876,507,5,0.8472420442
2023-02-06,Energy,22,5,1,True,0.722388059701,520,5,0.713663596294
2023-02-06,Financials,19,4,0.8,True,0.638938053097,540,5,0.850616959832
2023-02-06,Healthcare,22,5,1,True,0.930769230769,348,5,0.944575306138
2023-02-06,Industrials,12,3,0.6,True,0.514285714286,287,4,0.782789261107
2023-02-06,Materials,17,4,0.8,True,0.290452261307,172,5,0.810964912281
2023-02-06,RealEstate,19,5,1,True,0.662385321101,151,5,0.872765550239
2023-02-06,Tech,31,5,1,True,0.747859922179,633,5,0.802397044246
2023-02-06,Utilities,15,5,1,True,0.882352941176,161,5,0.844469783352
2023-02-07,Comm,13,5,1,True,0.71914893617,258,5,0.864467532468
2023-02-07,Consumer,14,4,0.8,True,0.784,511,5,0.855223122902
2023-02-07,Energy,17,5,1,True,0.68,515,5,0.704065515456
2023-02-07,Financials,19,5,1,True,0.729292929293,546,5,0.84511977321
2023-02-07,Healthcare,13,5,1,True,0.965714285714,352,5,0.94706107162
2023-02-07,Industrials,6,2,0.4,True,0.36,287,4,0.790603253827
2023-02-07,Materials,19,5,1,True,0.442944785276,186,5,0.891649484536
2023-02-07,RealEstate,6,3,0.6,True,0.514285714286,153,5,0.910324713202
2023-02-07,Tech,17,5,1,True,0.770666666667,629,5,0.80013954476
2023-02-07,Utilities,10,4,0.8,True,0.666666666667,169,5,0.845125018494
2023-02-08,Comm,5,4,0.8,True,0.714285714286,254,5,0.879563735515
2023-02-08,Consumer,39,5,1,True,0.570731707317,525,5,0.831109502917
2023-02-08,Energy,19,5,1,True,0.662385321101,512,5,0.700189641817
2023-02-08,Financials,16,5,1,True,0.775757575758,537,5,0.844678451647
2023-02-08,Healthcare,15,5,1,True,0.762711864407,353,5,0.941689023238
2023-02-08,Industrials,4,2,0.4,True,0.32,280,4,0.787781350482
2023-02-08,Materials,3,3,0.6,True,0.6,179,5,0.882307586397
2023-02-08,RealEstate,5,4,0.8,True,0.714285714286,149,5,0.929106507638
2023-02-08,Tech,17,4,0.8,True,0.635164835165,622,5,0.793868756925
2023-02-08,Utilities,18,3,0.6,True,0.443835616438,179,5,0.836470434669
2023-02-09,Comm,6,3,0.6,True,0.4,253,5,0.875576225976
2023-02-09,Consumer,43,5,1,True,0.413184357542,555,5,0.80096992706
2023-02-09,Energy,23,5,1,True,0.860162601626,519,5,0.710836950928
2023-02-09,Financials,15,5,1,True,0.918367346939,527,5,0.851211401425
2023-02-09,Healthcare,29,5,1,True,0.570169491525,369,5,0.950479913441
2023-02-09,Industrials,9,3,0.6,True,0.462857142857,278,4,0.7925751205
2023-02-09,Materials,8,4,0.8,True,0.581818181818,184,5,0.87619047619
2023-02-09,RealEstate,8,4,0.8,True,0.711111111111,152,5,0.942251223491
2023-02-09,Tech,19,5,1,True,0.849411764706,620,5,0.798421435248
2023-02-09,Utilities,15,5,1,True,0.584415584416,192,5,0.845310708553
2023-02-10,Comm,5,4,0.8,True,0.714285714286,250,5,0.873148924281
2023-02-10,Consumer,18,5,1,True,0.648,552,5,0.800946297611
2023-02-10,Energy,24,4,0.8,True,0.685714285714,534,5,0.718150452061
2023-02-10,Financials,6,2,0.4,True,0.36,509,5,0.849738434543
2023-02-10,Healthcare,5,3,0.6,True,0.454545454545,361,5,0.952604071489
2023-02-10,Industrials,5,3,0.6,True,0.555555555556,279,4,0.790946502058
2023-02-10,Materials,3,2,0.4,True,0.36,177,5,0.872795653991
2023-02-10,RealEstate,4,3,0.6,True,0.533333333333,151,5,0.943945352929
2023-02-10,Tech,18,4,0.8,True,0.531147540984,621,5,0.794587243862
2023-02-10,Utilities,4,3,0.6,True,0.533333333333,192,5,0.849988471294
2023-02-13,Comm,9,4,0.8,True,0.522580645161,245,5,0.866099127047
2023-02-13,Consumer,41,5,1,True,0.752125279642,565,5,0.804427532854
2023-02-13,Energy,31,5,1,True,0.709225092251,545,5,0.722521558277
2023-02-13,Financials,9,4,0.8,True,0.704347826087,495,5,0.853165967374
2023-02-13,Healthcare,12,5,1,True,0.847058823529,366,5,0.954918733961
2023-02-13,Industrials,8,4,0.8,True,0.711111111111,273,4,0.793832880652
2023-02-13,Materials,8,4,0.8,True,0.711111111111,180,5,0.875912408759
2023-02-13,RealEstate,10,4,0.8,True,0.666666666667,156,5,0.939613899614
2023-02-13,Tech,39,5,1,True,0.722565320665,647,5,0.801510698387
2023-02-13,Utilities,9,4,0.8,True,0.6,194,5,0.839152731327
2023-02-14,Comm,4,3,0.6,True,0.533333333333,247,5,0.881696654383
2023-02-14,Consumer,37,5,1,True,0.500548446069,585,5,0.821382711901
2023-02-14,Energy,12,5,1,True,0.72,543,5,0.726291675391
2023-02-14,Financials,20,5,1,True,0.615384615385,467,5,0.821969282955
2023-02-14,Healthcare,12,4,0.8,True,0.626086956522,370,5,0.953874024526
2023-02-14,Industrials,9,3,0.6,True,0.462857142857,271,4,0.791859399429
2023-02-14,Materials,3,3,0.6,True,0.6,173,5,0.864125884221
2023-02-14,RealEstate,8,5,1,True,0.914285714286,160,5,0.952380952381
2023-02-14,Tech,21,5,1,True,0.584105960265,654,5,0.799036036541
2023-02-14,Utilities,11,5,1,True,0.691428571429,201,5,0.833439917483
2023-02-15,Comm,9,5,1,True,0.852631578947,243,5,0.904618919954
2023-02-15,Consumer,16,4,0.8,True,0.691891891892,550,5,0.836351571788
2023-02-15,Energy,10,3,0.6,True,0.434782608696,513,5,0.730791552698
2023-02-15,Financials,15,4,0.8,True,0.555555555556,382,5,0.838643678161
2023-02-15,Healthcare,7,3,0.6,True,0.576470588235,344,5,0.961846704056
2023-02-15,Industrials,6,3,0.6,True,0.6,264,4,0.791190827563
2023-02-15,Materials,10,2,0.4,True,0.344827586207,176,5,0.862841225627
2023-02-15,RealEstate,5,3,0.6,True,0.454545454545,157,5,0.954093284304
2023-02-15,Tech,11,5,1,True,0.691428571429,619,5,0.796352450924
2023-02-15,Utilities,5,4,0.8,True,0.714285714286,198,5,0.83948608137
2023-02-16,Comm,7,5,1,True,0.753846153846,247,5,0.901766314389
2023-02-16,Consumer,24,5,1,True,0.929032258065,547,5,0.839213541448
2023-02-16,Energy,21,5,1,True,0.7056,513,5,0.72828382062
2023-02-16,Financials,15,5,1,True,0.714285714286,371,5,0.833253624724
2023-02-16,Healthcare,22,5,1,True,0.744615384615,356,5,0.959467030055
2023-02-16,Industrials,12,4,0.8,True,0.757894736842,268,4,0.791449035813
2023-02-16,Materials,7,4,0.8,True,0.753846153846,176,5,0.88075063975
2023-02-16,RealEstate,6,3,0.6,True,0.514285714286,155,5,0.948292875469
2023-02-16,Tech,27,5,1,True,0.718226600985,628,5,0.794744478478
2023-02-16,Utilities,16,4,0.8,True,0.568888888889,211,5,0.872875208313
2023-02-17,Comm,4,3,0.6,True,0.533333333333,240,5,0.901831845937
2023-02-17,Consumer,14,4,0.8,True,0.593939393939,537,5,0.839147957922
2023-02-17,Energy,14,4,0.8,True,0.56,513,5,0.726354139354
2023-02-17,Financials,14,5,1,True,0.784,363,5,0.823787940358
2023-02-17,Healthcare,14,5,1,True,0.816666666667,360,5,0.965363128492
2023-02-17,Industrials,9,4,0.8,True,0.704347826087,270,4,0.790844000868
2023-02-17,Materials,6,3,0.6,True,0.4,171,5,0.875610121276
2023-02-17,RealEstate,5,2,0.4,True,0.294117647059,150,5,0.957446808511
2023-02-17,Tech,23,5,1,True,0.665408805031,639,5,0.80336241921
2023-02-17,Utilities,10,4,0.8,True,0.714285714286,216,5,0.863520266519
2023-02-21,Comm,20,5,1,True,0.78431372549,249,5,0.895644637053
2023-02-21,Consumer,91,5,1,True,0.500513750378,610,5,0.863621594021
2023-02-21,Energy,34,5,1,True,0.831654676259,516,5,0.71136284699
2023-02-21,Financials,18,5,1,True,0.790243902439,357,5,0.820003216986
2023-02-21,Healthcare,26,5,1,True,0.92602739726,372,5,0.964146868251
2023-02-21,Industrials,15,4,0.8,True,0.762711864407,280,4,0.789288231149
2023-02-21,Materials,10,3,0.6,True,0.555555555556,176,5,0.874287327124
2023-02-21,RealEstate,18,4,0.8,True,0.558620689655,160,5,0.915921288014
2023-02-21,Tech,39,5,1,True,0.542245989305,652,5,0.80315894878
2023-02-21,Utilities,18,5,1,True,0.635294117647,227,5,0.853199768193
2023-02-22,Comm,9,3,0.6,True,0.558620689655,248,5,0.904736687261
2023-02-22,Consumer,29,5,1,True,0.828571428571,608,5,0.867878104897
2023-02-22,Energy,17,5,1,True,0.770666666667,502,5,0.726697041352
2023-02-22,Financials,16,4,0.8,True,0.731428571429,352,5,0.827737323803
2023-02-22,Healthcare,20,5,1,True,0.952380952381,374,5,0.964795144158
2023-02-22,Industrials,5,4,0.8,True,0.714285714286,262,4,0.789556015643
2023-02-22,Materials,8,3,0.6,True,0.492307692308,175,5,0.852707782264
2023-02-22,RealEstate,11,4,0.8,True,0.691428571429,158,5,0.913094367228
2023-02-22,Tech,41,5,1,True,0.645297504798,639,5,0.806934577038
2023-02-22,Utilities,7,3,0.6,True,0.576470588235,222,5,0.850163877868
2023-02-23,Comm,9,5,1,True,0.704347826087,248,5,0.904736687261
2023-02-23,Consumer,21,5,1,True,0.890909090909,596,5,0.870712814982
2023-02-23,Energy,19,4,0.8,True,0.700970873786,500,5,0.730951406351
2023-02-23,Financials,14,5,1,True,0.933333333333,356,5,0.824835665473
2023-02-23,Healthcare,5,3,0.6,True,0.555555555556,371,5,0.96390629924
2023-02-23,Industrials,7,4,0.8,True,0.653333333333,217,4,0.777752085226
2023-02-23,Materials,13,4,0.8,True,0.59298245614,181,5,0.847084680026
2023-02-23,RealEstate,20,5,1,True,0.93023255814,173,5,0.928174910839
2023-02-23,Tech,82,5,1,True,0.603049327354,689,5,0.79004951113
2023-02-23,Utilities,12,4,0.8,True,0.654545454545,222,5,0.869359675428
2023-02-24,Comm,7,3,0.6,True,0.466666666667,228,5,0.956115504874
2023-02-24,Consumer,14,4,0.8,True,0.632258064516,589,5,0.866684986947
2023-02-24,Energy,10,5,1,True,0.714285714286,481,5,0.724622202734
2023-02-24,Financials,15,5,1,True,0.882352941176,349,5,0.826806503072
2023-02-24,Healthcare,9,3,0.6,True,0.39512195122,351,5,0.949050571968
2023-02-24,Industrials,6,3,0.6,True,0.514285714286,217,4,0.779554672626
2023-02-24,Materials,7,4,0.8,True,0.653333333333,177,5,0.852141982864
2023-02-24,RealEstate,8,4,0.8,True,0.581818181818,176,5,0.912400589102
2023-02-24,Tech,31,5,1,True,0.602507836991,691,5,0.787617013204
2023-02-24,Utilities,10,4,0.8,True,0.588235294118,218,5,0.885980611484
2023-02-27,Comm,9,3,0.6,True,0.6,217,5,0.941497550735
2023-02-27,Consumer,28,5,1,True,0.901149425287,598,5,0.869448091417
2023-02-27,Energy,28,5,1,True,0.776237623762,470,5,0.762065753614
2023-02-27,Financials,21,5,1,True,0.694488188976,335,5,0.821890219342
2023-02-27,Healthcare,23,5,1,True,0.833070866142,356,5,0.938576612605
2023-02-27,Industrials,10,4,0.8,True,0.666666666667,208,4,0.772019985724
2023-02-27,Materials,6,4,0.8,True,0.72,157,5,0.809889929358
2023-02-27,RealEstate,12,5,1,True,0.96,182,5,0.905769756631
2023-02-27,Tech,42,5,1,True,0.618947368421,696,5,0.779580932763
2023-02-27,Utilities,12,5,1,True,0.654545454545,216,5,0.878809568657
2023-02-28,Comm,6,4,0.8,True,0.72,210,5,0.941905168731
2023-02-28,Consumer,13,4,0.8,True,0.71914893617,592,5,0.867485148515
2023-02-28,Energy,18,3,0.6,True,0.514285714286,442,5,0.77732065412
2023-02-28,Financials,16,3,0.6,True,0.382089552239,322,5,0.798306128734
2023-02-28,Healthcare,11,3,0.6,True,0.562790697674,359,5,0.936805378884
2023-02-28,Industrials,10,3,0.6,True,0.588235294118,210,4,0.770305676856
2023-02-28,Materials,1,1,0.2,True,0.2,155,5,0.81565099304
2023-02-28,RealEstate,3,2,0.4,True,0.36,183,5,0.909656390058
2023-02-28,Tech,20,4,0.8,True,0.519480519481,665,5,0.770997689927
2023-02-28,Utilities,5,4,0.8,True,0.714285714286,215,5,0.888856840688
2023-03-01,Comm,14,5,1,True,0.515789473684,217,5,0.931441004846
2023-03-01,Consumer,28,5,1,True,0.944578313253,590,5,0.872627911058
2023-03-01,Energy,14,4,0.8,True,0.632258064516,427,5,0.766909924499
2023-03-01,Financials,19,5,1,True,0.793406593407,321,5,0.794487065808
2023-03-01,Healthcare,15,5,1,True,0.882352941176,355,5,0.942912723056
2023-03-01,Industrials,19,4,0.8,True,0.65045045045,212,4,0.768667692834
2023-03-01,Materials,8,3,0.6,True,0.426666666667,157,5,0.77818468824
2023-03-01,RealEstate,5,4,0.8,True,0.714285714286,178,5,0.913873665994
2023-03-01,Tech,26,5,1,True,0.777011494253,660,5,0.771902466686
2023-03-01,Utilities,4,3,0.6,True,0.533333333333,213,5,0.883438808295
2023-03-02,Comm,13,5,1,True,0.866666666667,214,5,0.935566905005
2023-03-02,Consumer,26,5,1,True,0.689795918367,595,5,0.867315065473
2023-03-02,Energy,17,5,1,True,0.664367816092,408,5,0.793744039672
2023-03-02,Financials,14,5,1,True,0.784,323,5,0.798568640208
2023-03-02,Healthcare,13,5,1,True,0.866666666667,345,5,0.934372178828
2023-03-02,Industrials,4,3,0.6,True,0.533333333333,177,4,0.787061926894
2023-03-02,Materials,8,4,0.8,True,0.64,161,5,0.778057931863
2023-03-02,RealEstate,6,3,0.6,True,0.514285714286,176,5,0.88680217578
2023-03-02,Tech,30,5,1,True,0.656934306569,640,5,0.754550143689
2023-03-02,Utilities,3,3,0.6,True,0.6,208,5,0.886375742676
2023-03-03,Comm,2,2,0.4,True,0.4,192,5,0.915193644489
2023-03-03,Consumer,9,3,0.6,True,0.39512195122,582,5,0.870621497969
2023-03-03,Energy,11,4,0.8,True,0.733333333333,397,5,0.796749488158
2023-03-03,Financials,15,5,1,True,0.737704918033,332,5,0.802679871832
2023-03-03,Healthcare,6,3,0.6,True,0.6,325,5,0.928204226899
2023-03-03,Industrials,8,4,0.8,True,0.711111111111,177,4,0.790039087126
2023-03-03,Materials,8,4,0.8,True,0.457142857143,168,5,0.77220246238
2023-03-03,RealEstate,4,1,0.2,True,0.2,174,5,0.883197199533
2023-03-03,Tech,24,5,1,True,0.757894736842,614,5,0.733669358762
2023-03-03,Utilities,3,3,0.6,True,0.6,204,5,0.884505844846
2023-03-06,Comm,7,5,1,True,0.890909090909,184,5,0.91379217274
2023-03-06,Consumer,28,5,1,True,0.753846153846,590,5,0.856587430484
2023-03-06,Energy,40,5,1,True,0.627450980392,414,5,0.776109400471
2023-03-06,Financials,17,3,0.6,True,0.494017094017,328,5,0.800893322415
2023-03-06,Healthcare,23,5,1,True,0.783703703704,319,5,0.938278548707
2023-03-06,Industrials,12,4,0.8,True,0.757894736842,184,4,0.789368151084
2023-03-06,Materials,6,4,0.8,True,0.72,168,5,0.793031750492
2023-03-06,RealEstate,11,5,1,True,0.834482758621,180,5,0.9
2023-03-06,Tech,33,5,1,True,0.8036900369,616,5,0.725343120388
2023-03-06,Utilities,9,4,0.8,True,0.415384615385,205,5,0.867299556289
2023-03-07,Comm,5,4,0.8,True,0.714285714286,183,5,0.916627891063
2023-03-07,Consumer,21,5,1,True,0.890909090909,592,5,0.851467444121
2023-03-07,Energy,25,5,1,True,0.739644970414,426,5,0.770795107034
2023-03-07,Financials,15,5,1,True,0.882352941176,328,5,0.808233791601
2023-03-07,Healthcare,8,4,0.8,True,0.581818181818,310,5,0.928861395708
2023-03-07,Industrials,5,2,0.4,True,0.384615384615,181,4,0.790660069989
2023-03-07,Materials,6,4,0.8,True,0.72,165,5,0.80226904376
2023-03-07,RealEstate,3,2,0.4,True,0.36,177,5,0.896266628522
2023-03-07,Tech,28,5,1,True,0.80824742268,619,5,0.719801245503
2023-03-07,Utilities,13,5,1,True,0.689795918367,209,5,0.874057028514
2023-03-08,Comm,3,2,0.4,True,0.36,166,5,0.86463759021
2023-03-08,Consumer,11,5,1,True,0.78064516129,565,5,0.855131862686
2023-03-08,Energy,31,5,1,True,0.660481099656,435,5,0.784986828732
2023-03-08,Financials,23,5,1,True,0.719727891156,332,5,0.835410034864
2023-03-08,Healthcare,17,5,1,True,0.73164556962,305,5,0.921358886743
2023-03-08,Industrials,10,4,0.8,True,0.769230769231,179,4,0.796742509014
2023-03-08,Materials,7,4,0.8,True,0.653333333333,155,5,0.823196847696
2023-03-08,RealEstate,5,4,0.8,True,0.714285714286,163,5,0.907876302751
2023-03-08,Tech,23,5,1,True,0.73986013986,611,5,0.71063416677
2023-03-08,Utilities,5,2,0.4,True,0.294117647059,199,5,0.849533411992
2023-03-09,Comm,8,4,0.8,True,0.64,161,5,0.869103101425
2023-03-09,Consumer,21,5,1,True,0.928421052632,572,5,0.853108051731
2023-03-09,Energy,21,5,1,True,0.766956521739,439,5,0.787017866258
2023-03-09,Financials,15,5,1,True,0.818181818182,328,5,0.847318264157
2023-03-09,Healthcare,17,5,1,True,0.770666666667,309,5,0.921497852628
2023-03-09,Industrials,16,4,0.8,True,0.433898305085,189,4,0.783956984528
2023-03-09,Materials,7,3,0.6,True,0.576470588235,143,5,0.762027203279
2023-03-09,RealEstate,9,4,0.8,True,0.771428571429,166,5,0.899053833605
2023-03-09,Tech,29,5,1,True,0.820487804878,623,5,0.702667620142
2023-03-09,Utilities,3,2,0.4,True,0.36,192,5,0.868819231676
2023-03-10,Comm,8,3,0.6,True,0.426666666667,164,5,0.841288708164
2023-03-10,Consumer,21,5,1,True,0.969230769231,554,5,0.863943701619
2023-03-10,Energy,18,4,0.8,True,0.753488372093,438,5,0.78879980264
2023-03-10,Financials,23,5,1,True,0.729655172414,335,5,0.876655079483
2023-03-10,Healthcare,9,4,0.8,True,0.704347826087,303,5,0.92358533273
2023-03-10,Industrials,14,4,0.8,True,0.593939393939,199,4,0.779931068439
2023-03-10,Materials,5,4,0.8,True,0.714285714286,145,5,0.76803652968
2023-03-10,RealEstate,9,5,1,True,0.852631578947,170,5,0.90794847628
2023-03-10,Tech,25,4,0.8,True,0.647668393782,631,5,0.708288786701
2023-03-10,Utilities,7,4,0.8,True,0.653333333333,181,5,0.866578494908
2023-03-13,Comm,10,3,0.6,True,0.526315789474,168,5,0.849097472924
2023-03-13,Consumer,41,5,1,True,0.614625228519,552,5,0.868869942114
2023-03-13,Energy,30,5,1,True,0.810810810811,445,5,0.793226381462
2023-03-13,Financials,45,5,1,True,0.671641791045,365,5,0.860320945401
2023-03-13,Healthcare,18,5,1,True,0.790243902439,292,5,0.92447143012
2023-03-13,Industrials,18,4,0.8,True,0.661224489796,208,4,0.776175098672
2023-03-13,Materials,8,5,1,True,0.914285714286,145,5,0.773689052438
2023-03-13,RealEstate,11,5,1,True,0.78064516129,173,5,0.905156509905
2023-03-13,Tech,28,5,1,True,0.843010752688,640,5,0.71029722887
2023-03-13,Utilities,5,2,0.4,True,0.294117647059,171,5,0.833908455725
2023-03-14,Comm,3,1,0.2,True,0.2,166,5,0.83326277593
2023-03-14,Consumer,19,5,1,True,0.662385321101,553,5,0.874452053815
2023-03-14,Energy,24,5,1,True,0.886153846154,445,5,0.806175829992
2023-03-14,Financials,27,5,1,True,0.631168831169,386,5,0.856643477261
2023-03-14,Healthcare,15,5,1,True,0.818181818182,302,5,0.924896055167
2023-03-14,Industrials,7,2,0.4,True,0.392,210,4,0.775998592293
2023-03-14,Materials,13,4,0.8,True,0.689795918367,155,5,0.773627435196
2023-03-14,RealEstate,7,5,1,True,0.753846153846,176,5,0.911595055915
2023-03-14,Tech,18,4,0.8,True,0.589090909091,640,5,0.718155518541
2023-03-14,Utilities,5,3,0.6,True,0.454545454545,172,5,0.809633278599
2023-03-15,Comm,9,3,0.6,True,0.558620689655,166,5,0.839354249162
2023-03-15,Consumer,20,5,1,True,0.816326530612,532,5,0.873854514018
2023-03-15,Energy,28,5,1,True,0.861538461538,442,5,0.814152358726
2023-03-15,Financials,26,5,1,True,0.834567901235,403,5,0.855211816435
2023-03-15,Healthcare,14,5,1,True,0.816666666667,304,5,0.923698150925
2023-03-15,Industrials,9,4,0.8,True,0.771428571429,211,4,0.778135104431
2023-03-15,Materials,15,5,1,True,0.36,162,5,0.737398145547
2023-03-15,RealEstate,10,4,0.8,True,0.588235294118,176,5,0.91672092335
2023-03-15,Tech,19,5,1,True,0.793406593407,620,5,0.720700451844
2023-03-15,Utilities,9,4,0.8,True,0.6,172,5,0.812077957727
2023-03-16,Comm,14,4,0.8,True,0.515789473684,176,5,0.810253727439
2023-03-16,Consumer,15,5,1,True,0.918367346939,510,5,0.874403281113
2023-03-16,Energy,15,5,1,True,0.849056603774,445,5,0.817693816455
2023-03-16,Financials,26,5,1,True,0.777011494253,409,5,0.865194341721
2023-03-16,Healthcare,9,5,1,True,0.852631578947,301,5,0.924264218312
2023-03-16,Industrials,6,3,0.6,True,0.4,208,4,0.789345010035
2023-03-16,Materials,7,3,0.6,True,0.515789473684,166,5,0.736200908362
2023-03-16,RealEstate,8,4,0.8,True,0.581818181818,176,5,0.90072695551
2023-03-16,Tech,49,5,1,True,0.801669449082,648,5,0.751344677653
2023-03-16,Utilities,9,5,1,True,0.952941176471,170,5,0.838167053364
2023-03-17,Comm,4,2,0.4,True,0.32,171,5,0.773264577549
2023-03-17,Consumer,17,5,1,True,0.862686567164,511,5,0.870911364963
2023-03-17,Energy,11,4,0.8,True,0.733333333333,446,5,0.837929146131
2023-03-17,Financials,28,5,1,True,0.933333333333,422,5,0.881778570014
2023-03-17,Healthcare,8,3,0.6,True,0.533333333333,302,5,0.918469284995
2023-03-17,Industrials,6,3,0.6,True,0.514285714286,208,4,0.788051001821
2023-03-17,Materials,12,3,0.6,True,0.436363636364,168,5,0.723877917415
2023-03-17,RealEstate,6,4,0.8,True,0.72,177,5,0.912982660644
2023-03-17,Tech,37,5,1,True,0.686215538847,674,5,0.751316485843
2023-03-17,Utilities,11,4,0.8,True,0.733333333333,176,5,0.837415517707
2023-03-20,Comm,11,5,1,True,0.691428571429,175,5,0.771313436595
2023-03-20,Consumer,26,5,1,True,0.824390243902,513,5,0.877303108592
2023-03-20,Energy,29,5,1,True,0.734497816594,454,5,0.835120132896
2023-03-20,Financials,40,5,1,True,0.723981900452,447,5,0.880467975411
2023-03-20,Healthcare,20,5,1,True,0.888888888889,300,5,0.927739408308
2023-03-20,Industrials,11,4,0.8,True,0.733333333333,207,4,0.790499031455
2023-03-20,Materials,8,3,0.6,True,0.581818181818,169,5,0.71572484651
2023-03-20,RealEstate,8,4,0.8,True,0.711111111111,179,5,0.910384997869
2023-03-20,Tech,44,5,1,True,0.679298245614,691,5,0.745720332034
2023-03-20,Utilities,10,4,0.8,True,0.47619047619,170,5,0.795485824388
2023-03-21,Comm,13,5,1,True,0.786046511628,184,5,0.77722681359
2023-03-21,Consumer,21,4,0.8,True,0.653333333333,520,5,0.889678544402
2023-03-21,Energy,16,4,0.8,True,0.449122807018,456,5,0.83274329195
2023-03-21,Financials,19,5,1,True,0.829885057471,452,5,0.87899152433
2023-03-21,Healthcare,13,5,1,True,0.866666666667,299,5,0.923134906294
2023-03-21,Industrials,5,3,0.6,True,0.555555555556,203,4,0.789822712027
2023-03-21,Materials,12,4,0.8,True,0.626086956522,175,5,0.71729710739
2023-03-21,RealEstate,8,4,0.8,True,0.711111111111,182,5,0.905274665209
2023-03-21,Tech,29,5,1,True,0.570169491525,697,5,0.739880141028
2023-03-21,Utilities,5,4,0.8,True,0.714285714286,165,5,0.792461068258
2023-03-22,Comm,6,3,0.6,True,0.514285714286,170,5,0.771283693622
2023-03-22,Consumer,30,5,1,True,0.676691729323,459,5,0.937297297297
2023-03-22,Energy,22,5,1,True,0.78064516129,444,5,0.835286640397
2023-03-22,Financials,21,5,1,True,0.873267326733,455,5,0.887243662545
2023-03-22,Healthcare,20,5,1,True,0.909090909091,293,5,0.925945100577
2023-03-22,Industrials,5,3,0.6,True,0.555555555556,193,4,0.785264045536
2023-03-22,Materials,6,4,0.8,True,0.6,171,5,0.721376588134
2023-03-22,RealEstate,3,3,0.6,True,0.6,167,5,0.922102826914
2023-03-22,Tech,39,5,1,True,0.651391862955,697,5,0.746783801025
2023-03-22,Utilities,8,4,0.8,True,0.64,155,5,0.802036387915
2023-03-23,Comm,9,4,0.8,True,0.704347826087,170,5,0.784899511135
2023-03-23,Consumer,20,5,1,True,0.888888888889,450,5,0.943220457404
2023-03-23,Energy,17,5,1,True,0.91746031746,444,5,0.84041437524
2023-03-23,Financials,21,5,1,True,0.728925619835,460,5,0.908778560385
2023-03-23,Healthcare,11,3,0.6,True,0.590243902439,284,5,0.930825158684
2023-03-23,Industrials,4,3,0.6,True,0.533333333333,192,4,0.784674329502
2023-03-23,Materials,9,4,0.8,True,0.6,172,5,0.726701056252
2023-03-23,RealEstate,4,4,0.8,True,0.8,160,5,0.931925737168
2023-03-23,Tech,35,5,1,True,0.740181268882,691,5,0.754511049484
2023-03-23,Utilities,7,4,0.8,True,0.515789473684,155,5,0.807970405246
2023-03-24,Comm,2,2,0.4,True,0.4,163,5,0.790391194407
2023-03-24,Consumer,15,5,1,True,0.818181818182,444,5,0.939279588336
2023-03-24,Energy,11,5,1,True,0.691428571429,436,5,0.838054931006
2023-03-24,Financials,24,5,1,True,0.654545454545,470,5,0.907186858316
2023-03-24,Healthcare,11,4,0.8,True,0.620512820513,290,5,0.924785572905
2023-03-24,Industrials,8,4,0.8,True,0.711111111111,193,4,0.790597474265
2023-03-24,Materials,1,1,0.2,True,0.2,160,5,0.728721890122
2023-03-24,RealEstate,2,2,0.4,True,0.4,142,5,0.915297321834
2023-03-24,Tech,29,5,1,True,0.703765690377,638,5,0.773303949693
2023-03-24,Utilities,2,2,0.4,True,0.4,145,5,0.790264987784
2023-03-27,Comm,13,3,0.6,True,0.50447761194,169,5,0.766429625654
2023-03-27,Consumer,29,5,1,True,0.889947089947,459,5,0.944017026997
2023-03-27,Energy,25,5,1,True,0.886524822695,451,5,0.844145172335
2023-03-27,Financials,29,5,1,True,0.880628272251,484,5,0.906598552576
2023-03-27,Healthcare,22,5,1,True,0.930769230769,303,5,0.936778735779
2023-03-27,Industrials,17,4,0.8,True,0.561165048544,204,4,0.784467483506
2023-03-27,Materials,5,2,0.4,True,0.384615384615,158,5,0.734235294118
2023-03-27,RealEstate,8,3,0.6,True,0.426666666667,142,5,0.910749774164
2023-03-27,Tech,48,5,1,True,0.675659824047,655,5,0.770719745623
2023-03-27,Utilities,7,4,0.8,True,0.515789473684,142,5,0.79012539185
2023-03-28,Comm,7,4,0.8,True,0.653333333333,167,5,0.7686096183
2023-03-28,Consumer,22,5,1,True,0.88,453,5,0.944423222956
2023-03-28,Energy,15,5,1,True,0.762711864407,438,5,0.847105576898
2023-03-28,Financials,16,5,1,True,0.825806451613,479,5,0.908587268587
2023-03-28,Healthcare,13,5,1,True,0.786046511628,293,5,0.937267318085
2023-03-28,Industrials,6,2,0.4,True,0.36,200,4,0.773245698821
2023-03-28,Materials,4,2,0.4,True,0.4,156,5,0.720639620965
2023-03-28,RealEstate,2,2,0.4,True,0.4,132,5,0.898144329897
2023-03-28,Tech,20,5,1,True,0.625,633,5,0.774405457901
2023-03-28,Utilities,7,4,0.8,True,0.515789473684,137,5,0.78778593914
2023-03-29,Comm,7,4,0.8,True,0.653333333333,168,5,0.759117805272
2023-03-29,Consumer,24,5,1,True,0.768,464,5,0.944943820225
2023-03-29,Energy,29,5,1,True,0.754260089686,449,5,0.846227464478
2023-03-29,Financials,20,5,1,True,0.754716981132,483,5,0.918840465547
2023-03-29,Healthcare,12,5,1,True,0.8,294,5,0.939215473215
2023-03-29,Industrials,12,4,0.8,True,0.757894736842,202,4,0.775446598252
2023-03-29,Materials,8,3,0.6,True,0.336842105263,163,5,0.702976584204
2023-03-29,RealEstate,5,3,0.6,True,0.454545454545,134,5,0.889351163943
2023-03-29,Tech,26,5,1,True,0.777011494253,639,5,0.785104357941
2023-03-29,Utilities,8,4,0.8,True,0.711111111111,140,5,0.769532783667
2023-03-30,Comm,6,4,0.8,True,0.6,160,5,0.779774596406
2023-03-30,Consumer,26,5,1,True,0.637735849057,462,5,0.92995817358
2023-03-30,Energy,16,5,1,True,0.8,451,5,0.850285308196
2023-03-30,Financials,17,4,0.8,True,0.621505376344,481,5,0.92295202952
2023-03-30,Healthcare,13,4,0.8,True,0.786046511628,292,5,0.941519434629
2023-03-30,Industrials,6,3,0.6,True,0.514285714286,189,4,0.755600211528
2023-03-30,Materials,6,3,0.6,True,0.514285714286,161,5,0.722335237564
2023-03-30,RealEstate,7,3,0.6,True,0.576470588235,136,5,0.881181515007
2023-03-30,Tech,31,5,1,True,0.854222222222,644,5,0.786214479346
2023-03-30,Utilities,5,4,0.8,True,0.714285714286,141,5,0.776449912127
2023-03-31,Comm,9,3,0.6,True,0.462857142857,156,5,0.714294100382
2023-03-31,Consumer,24,4,0.8,True,0.647191011236,460,5,0.91888136182
2023-03-31,Energy,14,5,1,True,0.784,448,5,0.850729060699
2023-03-31,Financials,13,5,1,True,0.786046511628,480,5,0.918843469591
2023-03-31,Healthcare,11,4,0.8,True,0.78064516129,290,5,0.937256213084
2023-03-31,Industrials,6,3,0.6,True,0.514285714286,191,4,0.749789333059
2023-03-31,Materials,5,3,0.6,True,0.555555555556,158,5,0.716327116212
2023-03-31,RealEstate,4,3,0.6,True,0.533333333333,134,5,0.886716049383
2023-03-31,Tech,22,5,1,True,0.820338983051,636,5,0.794001256281
2023-03-31,Utilities,8,3,0.6,True,0.492307692308,146,5,0.75938724617
2023-04-03,Comm,18,4,0.8,True,0.635294117647,172,5,0.708598802395
2023-04-03,Consumer,47,5,1,True,0.773730297723,498,5,0.9076084172
2023-04-03,Energy,64,5,1,True,0.795339805825,501,5,0.845078531387
2023-04-03,Financials,28,5,1,True,0.944578313253,493,5,0.924298834401
2023-04-03,Healthcare,16,5,1,True,0.88275862069,300,5,0.940438871473
2023-04-03,Industrials,10,4,0.8,True,0.666666666667,193,4,0.739581058275
2023-04-03,Materials,5,4,0.8,True,0.714285714286,155,5,0.730132198754
2023-04-03,RealEstate,9,4,0.8,True,0.522580645161,139,5,0.860048965057
2023-04-03,Tech,64,5,1,True,0.687248322148,676,5,0.784710225809
2023-04-03,Utilities,8,4,0.8,True,0.581818181818,151,5,0.750897414787
2023-04-04,Comm,12,5,1,True,0.654545454545,177,5,0.73275640276
2023-04-04,Consumer,13,5,1,True,0.866666666667,483,5,0.909845751838
2023-04-04,Energy,33,5,1,True,0.691428571429,494,5,0.843160695159
2023-04-04,Financials,29,5,1,True,0.91912568306,505,5,0.928596136691
2023-04-04,Healthcare,15,4,0.8,True,0.473684210526,292,5,0.936967032967
2023-04-04,Industrials,16,4,0.8,True,0.65641025641,197,4,0.746829596844
2023-04-04,Materials,6,3,0.6,True,0.514285714286,155,5,0.712802254858
2023-04-04,RealEstate,7,4,0.8,True,0.515789473684,135,5,0.849452342111
2023-04-04,Tech,33,5,1,True,0.828136882129,676,5,0.786614796709
2023-04-04,Utilities,7,4,0.8,True,0.653333333333,149,5,0.797879604672
2023-04-05,Comm,8,2,0.4,True,0.4,180,5,0.718722271517
2023-04-05,Consumer,20,5,1,True,0.869565217391,482,5,0.915310062249
2023-04-05,Energy,28,5,1,True,0.725925925926,497,5,0.841268327572
2023-04-05,Financials,19,5,1,True,0.76,509,5,0.924249505021
2023-04-05,Healthcare,15,5,1,True,0.918367346939,299,5,0.9304365926
2023-04-05,Industrials,11,3,0.6,True,0.49387755102,203,4,0.765610775662
2023-04-05,Materials,4,3,0.6,True,0.533333333333,153,5,0.698880429915
2023-04-05,RealEstate,7,1,0.2,True,0.2,139,5,0.8150601139
2023-04-05,Tech,31,4,0.8,True,0.443879907621,679,5,0.770514159654
2023-04-05,Utilities,5,2,0.4,True,0.384615384615,141,5,0.7788834476
2023-04-06,Comm,12,5,1,True,0.847058823529,189,5,0.733716750539
2023-04-06,Consumer,26,5,1,True,0.877922077922,497,5,0.923829827022
2023-04-06,Energy,20,4,0.8,True,0.408163265306,486,5,0.82003957921
2023-04-06,Financials,15,5,1,True,0.762711864407,501,5,0.91604532764
2023-04-06,Healthcare,18,5,1,True,0.925714285714,300,5,0.923361034164
2023-04-06,Industrials,15,4,0.8,True,0.714285714286,208,4,0.764651820431
2023-04-06,Materials,6,4,0.8,True,0.72,152,5,0.711987673344
2023-04-06,RealEstate,8,4,0.8,True,0.8,142,5,0.819008935825
2023-04-06,Tech,19,5,1,True,0.403351955307,675,5,0.757890797189
2023-04-06,Utilities,6,4,0.8,True,0.6,142,5,0.819674796748
2023-04-10,Comm,10,5,1,True,0.833333333333,191,5,0.726062294756
2023-04-10,Consumer,35,5,1,True,0.819397993311,511,5,0.91751787628
2023-04-10,Energy,49,5,1,True,0.656908344733,514,5,0.809399221838
2023-04-10,Financials,43,4,0.8,True,0.621512605042,529,5,0.910599873094
2023-04-10,Healthcare,28,5,1,True,0.776237623762,311,5,0.914835658548
2023-04-10,Industrials,21,4,0.8,True,0.728925619835,213,4,0.7825614489
2023-04-10,Materials,11,4,0.8,True,0.44,156,5,0.703149378792
2023-04-10,RealEstate,16,5,1,True,0.673684210526,149,5,0.803074697052
2023-04-10,Tech,56,5,1,True,0.838502673797,702,5,0.762252710708
2023-04-10,Utilities,7,3,0.6,True,0.362962962963,146,5,0.781091975082
2023-04-11,Comm,9,4,0.8,True,0.648,192,5,0.73875751503
2023-04-11,Consumer,18,4,0.8,True,0.498461538462,508,5,0.903775302935
2023-04-11,Energy,18,4,0.8,True,0.589090909091,514,5,0.803955936948
2023-04-11,Financials,28,5,1,True,0.647933884298,534,5,0.900511589718
2023-04-11,Healthcare,13,5,1,True,0.866666666667,315,5,0.924356048256
2023-04-11,Industrials,9,4,0.8,True,0.6,208,4,0.780515966083
2023-04-11,Materials,12,4,0.8,True,0.48,163,5,0.70260478646
2023-04-11,RealEstate,5,4,0.8,True,0.714285714286,145,5,0.78349170859
2023-04-11,Tech,21,5,1,True,0.616783216783,698,5,0.75685701858
2023-04-11,Utilities,7,5,1,True,0.890909090909,146,5,0.771201157742
2023-04-12,Comm,13,5,1,True,0.913513513514,195,5,0.756791720569
2023-04-12,Consumer,20,5,1,True,0.851063829787,487,5,0.92034769786
2023-04-12,Energy,19,5,1,True,0.891358024691,503,5,0.805004852129
2023-04-12,Financials,29,5,1,True,0.728138528139,518,5,0.908587295137
2023-04-12,Healthcare,20,5,1,True,0.851063829787,317,5,0.929120244094
2023-04-12,Industrials,16,4,0.8,True,0.691891891892,206,4,0.786288678896
2023-04-12,Materials,2,1,0.2,True,0.2,157,5,0.695023262371
2023-04-12,RealEstate,5,2,0.4,True,0.384615384615,139,5,0.746994007346
2023-04-12,Tech,27,5,1,True,0.718226600985,697,5,0.75048700421
2023-04-12,Utilities,5,3,0.6,True,0.454545454545,146,5,0.779663496708
2023-04-13,Comm,13,5,1,True,0.554098360656,205,5,0.765552418253
2023-04-13,Consumer,23,5,1,True,0.657142857143,491,5,0.905655628393
2023-04-13,Energy,20,4,0.8,True,0.56338028169,499,5,0.790241038417
2023-04-13,Financials,36,5,1,True,0.578571428571,527,5,0.906648167796
2023-04-13,Healthcare,11,4,0.8,True,0.44,313,5,0.916411767457
2023-04-13,Industrials,6,3,0.6,True,0.514285714286,205,4,0.788535509898
2023-04-13,Materials,5,4,0.8,True,0.714285714286,149,5,0.708504866762
2023-04-13,RealEstate,3,2,0.4,True,0.36,135,5,0.713446858485
2023-04-13,Tech,45,5,1,True,0.852631578947,724,5,0.755242417693
2023-04-13,Utilities,9,4,0.8,True,0.522580645161,150,5,0.780978826796
2023-04-14,Comm,7,2,0.4,True,0.264864864865,203,5,0.778924487289
2023-04-14,Consumer,16,5,1,True,0.752941176471,487,5,0.900533480151
2023-04-14,Energy,24,5,1,True,0.757894736842,495,5,0.783741423705
2023-04-14,Financials,55,5,1,True,0.474509803922,556,5,0.876136492461
2023-04-14,Healthcare,17,5,1,True,0.862686567164,316,5,0.921265799428
2023-04-14,Industrials,10,4,0.8,True,0.666666666667,206,4,0.784544278055
2023-04-14,Materials,4,1,0.2,True,0.2,138,5,0.728260038241
2023-04-14,RealEstate,6,3,0.6,True,0.6,131,5,0.721808622503
2023-04-14,Tech,36,5,1,True,0.753488372093,741,5,0.754755702788
2023-04-14,Utilities,8,5,1,True,0.8,149,5,0.791056476038
2023-04-17,Comm,15,5,1,True,0.483870967742,204,5,0.781667918858
2023-04-17,Consumer,39,5,1,True,0.726014319809,511,5,0.884241716192
2023-04-17,Energy,28,5,1,True,0.719266055046,508,5,0.778638023112
2023-04-17,Financials,71,5,1,True,0.746262028127,601,5,0.859296530231
2023-04-17,Healthcare,30,5,1,True,0.552147239264,337,5,0.896396858597
2023-04-17,Industrials,17,4,0.8,True,0.713580246914,217,4,0.782794447677
2023-04-17,Materials,2,2,0.4,True,0.4,133,5,0.731403762663
2023-04-17,RealEstate,8,4,0.8,True,0.711111111111,131,5,0.774238664561
2023-04-17,Tech,37,5,1,True,0.730133333333,729,5,0.734617963161
2023-04-17,Utilities,10,4,0.8,True,0.588235294118,150,5,0.762970498474
2023-04-18,Comm,13,4,0.8,True,0.536507936508,213,5,0.77746551281
2023-04-18,Consumer,21,5,1,True,0.890909090909,515,5,0.884924011144
2023-04-18,Energy,28,5,1,True,0.693805309735,525,5,0.763620496197
2023-04-18,Financials,46,5,1,True,0.486436781609,619,5,0.846082165767
2023-04-18,Healthcare,13,5,1,True,0.662745098039,342,5,0.897376093294
2023-04-18,Industrials,11,4,0.8,True,0.733333333333,222,4,0.778947368421
2023-04-18,Materials,8,4,0.8,True,0.8,129,5,0.753156822811
2023-04-18,RealEstate,20,5,1,True,0.78431372549,145,5,0.811619378498
2023-04-18,Tech,42,5,1,True,0.62332155477,734,5,0.730952703986
2023-04-18,Utilities,14,5,1,True,0.852173913043,153,5,0.772191984166
2023-04-19,Comm,12,3,0.6,True,0.576,214,5,0.769163587504
2023-04-19,Consumer,28,5,1,True,0.732710280374,517,5,0.875309875068
2023-04-19,Energy,25,5,1,True,0.827814569536,521,5,0.773016844893
2023-04-19,Financials,62,5,1,True,0.802505219207,641,5,0.861214223582
2023-04-19,Healthcare,33,5,1,True,0.613521126761,355,5,0.930795081059
2023-04-19,Industrials,15,4,0.8,True,0.692307692308,226,4,0.772708018154
2023-04-19,Materials,8,3,0.6,True,0.581818181818,129,5,0.801782702963
2023-04-19,RealEstate,11,4,0.8,True,0.620512820513,148,5,0.842137639369
2023-04-19,Tech,24,5,1,True,0.834782608696,714,5,0.739681664514
2023-04-19,Utilities,8,5,1,True,0.8,151,5,0.794321546769
2023-04-20,Comm,32,3,0.6,True,0.295100864553,233,5,0.701907039886
2023-04-20,Consumer,22,5,1,True,0.733333333333,518,5,0.867015639137
2023-04-20,Energy,20,5,1,True,0.701754385965,525,5,0.783949827211
2023-04-20,Financials,43,5,1,True,0.838548752834,665,5,0.880759617204
2023-04-20,Healthcare,14,4,0.8,True,0.675862068966,356,5,0.924877763993
2023-04-20,Industrials,14,4,0.8,True,0.653333333333,235,4,0.763778438559
2023-04-20,Materials,20,5,1,True,0.816326530612,137,5,0.855664463187
2023-04-20,RealEstate,9,4,0.8,True,0.6,149,5,0.8680742913
2023-04-20,Tech,36,5,1,True,0.858278145695,721,5,0.753463732091
2023-04-20,Utilities,12,5,1,True,0.72,158,5,0.793767885533
2023-04-21,Comm,20,5,1,True,0.547945205479,247,5,0.69340228448
2023-04-21,Consumer,22,5,1,True,0.864285714286,510,5,0.851363294164
2023-04-21,Energy,30,5,1,True,0.703125,533,5,0.801843096854
2023-04-21,Financials,8,4,0.8,True,0.711111111111,652,5,0.875690596354
2023-04-21,Healthcare,12,5,1,True,0.757894736842,348,5,0.917524054853
2023-04-21,Industrials,8,3,0.6,True,0.426666666667,238,4,0.757779264214
2023-04-21,Materials,8,4,0.8,True,0.711111111111,139,5,0.852083792723
2023-04-21,RealEstate,7,3,0.6,True,0.466666666667,153,5,0.857001647446
2023-04-21,Tech,30,5,1,True,0.687022900763,712,5,0.756316763144
2023-04-21,Utilities,5,3,0.6,True,0.454545454545,155,5,0.804722826997
2023-04-24,Comm,27,4,0.8,True,0.678139534884,265,5,0.690070259913
2023-04-24,Consumer,46,5,1,True,0.667507886435,536,5,0.850718071718
2023-04-24,Energy,31,5,1,True,0.665051903114,547,5,0.791568671543
2023-04-24,Financials,34,5,1,True,0.889230769231,665,5,0.883557606817
2023-04-24,Healthcare,25,5,1,True,0.827814569536,362,5,0.914856185423
2023-04-24,Industrials,16,4,0.8,True,0.595348837209,250,4,0.755835046559
2023-04-24,Materials,6,5,1,True,0.9,136,5,0.871219971738
2023-04-24,RealEstate,14,5,1,True,0.7,163,5,0.881665837067
2023-04-24,Tech,35,5,1,True,0.60794044665,712,5,0.747771189191
2023-04-24,Utilities,18,4,0.8,True,0.36404494382,166,5,0.730540827147
2023-04-25,Comm,11,4,0.8,True,0.537777777778,274,5,0.684812551309
2023-04-25,Consumer,30,5,1,True,0.63829787234,551,5,0.861609410696
2023-04-25,Energy,16,4,0.8,True,0.624390243902,552,5,0.79993699299
2023-04-25,Financials,27,5,1,True,0.76335078534,668,5,0.905138035254
2023-04-25,Healthcare,24,5,1,True,0.78904109589,375,5,0.932186536741
2023-04-25,Industrials,47,4,0.8,True,0.637518037518,289,4,0.773092053501
2023-04-25,Materials,16,5,1,True,0.711111111111,151,5,0.890838054307
2023-04-25,RealEstate,15,5,1,True,0.762711864407,176,5,0.895518936109
2023-04-25,Tech,36,5,1,True,0.500386100386,719,5,0.734147536444
2023-04-25,Utilities,13,5,1,True,0.554098360656,177,5,0.718307921587
2023-04-26,Comm,19,5,1,True,0.65045045045,280,5,0.701942877608
2023-04-26,Consumer,38,5,1,True,0.748186528497,560,5,0.852428715105
2023-04-26,Energy,16,4,0.8,True,0.775757575758,543,5,0.795480972872
2023-04-26,Financials,33,5,1,True,0.565714285714,672,5,0.916921827411
2023-04-26,Healthcare,17,5,1,True,0.68,370,5,0.920212408416
2023-04-26,Industrials,28,4,0.8,True,0.486956521739,300,4,0.78213261493
2023-04-26,Materials,13,4,0.8,True,0.689795918367,159,5,0.921823154057
2023-04-26,RealEstate,11,3,0.6,True,0.590243902439,179,5,0.9101264025
2023-04-26,Tech,25,5,1,True,0.690607734807,696,5,0.736004375769
2023-04-26,Utilities,13,4,0.8,True,0.536507936508,183,5,0.714432
2023-04-27,Comm,34,5,1,True,0.55845410628,307,5,0.720971505068
2023-04-27,Consumer,25,5,1,True,0.628140703518,563,5,0.842117987752
2023-04-27,Energy,27,5,1,True,0.76335078534,555,5,0.787354779341
2023-04-27,Financials,18,4,0.8,True,0.72,674,5,0.918044580967
2023-04-27,Healthcare,46,5,1,True,0.775091575092,403,5,0.913821915881
2023-04-27,Industrials,21,4,0.8,True,0.515789473684,315,4,0.783241899199
2023-04-27,Materials,12,5,1,True,0.626086956522,167,5,0.920580953953
2023-04-27,RealEstate,5,2,0.4,True,0.294117647059,182,5,0.908253358925
2023-04-27,Tech,49,5,1,True,0.675386779184,725,5,0.746865120244
2023-04-27,Utilities,13,5,1,True,0.786046511628,189,5,0.744575299635
2023-04-28,Comm,18,3,0.6,True,0.531147540984,318,5,0.719180712609
2023-04-28,Consumer,28,5,1,True,0.746666666667,567,5,0.84723880302
2023-04-28,Energy,57,4,0.8,True,0.446597938144,583,5,0.751941860336
2023-04-28,Financials,17,5,1,True,0.73164556962,671,5,0.920239542988
2023-04-28,Healthcare,21,5,1,True,0.753846153846,412,5,0.908742438032
2023-04-28,Industrials,13,4,0.8,True,0.751111111111,316,4,0.785093167702
2023-04-28,Materials,8,4,0.8,True,0.711111111111,167,5,0.920884926531
2023-04-28,RealEstate,3,3,0.6,True,0.6,180,5,0.914221218962
2023-04-28,Tech,45,5,1,True,0.461801596351,744,5,0.754825249206
2023-04-28,Utilities,14,5,1,True,0.753846153846,195,5,0.743910789396
2023-05-01,Comm,17,5,1,True,0.649438202247,329,5,0.721582613913
2023-05-01,Consumer,34,5,1,True,0.713580246914,575,5,0.847397895762
2023-05-01,Energy,44,5,1,True,0.679298245614,611,5,0.745278141002
2023-05-01,Financials,25,5,1,True,0.850340136054,679,5,0.921814673745
2023-05-01,Healthcare,21,5,1,True,0.856310679612,420,5,0.906335097364
2023-05-01,Industrials,21,4,0.8,True,0.7056,331,4,0.783950484777
2023-05-01,Materials,6,3,0.6,True,0.6,167,5,0.92301836836
2023-05-01,RealEstate,5,3,0.6,True,0.454545454545,178,5,0.929694835681
2023-05-01,Tech,49,5,1,True,0.744496124031,762,5,0.752197738137
2023-05-01,Utilities,13,5,1,True,0.689795918367,203,5,0.739639235394
2023-05-02,Comm,18,5,1,True,0.875675675676,338,5,0.738439661302
2023-05-02,Consumer,26,5,1,True,0.682828282828,577,5,0.872101216749
2023-05-02,Energy,25,4,0.8,True,0.730994152047,622,5,0.748136832131
2023-05-02,Financials,22,5,1,True,0.864285714286,688,5,0.927707112479
2023-05-02,Healthcare,14,5,1,True,0.816666666667,423,5,0.907186858316
2023-05-02,Industrials,14,4,0.8,True,0.675862068966,339,4,0.787696631139
2023-05-02,Materials,7,3,0.6,True,0.362962962963,169,5,0.947139777815
2023-05-02,RealEstate,12,5,1,True,0.72,186,5,0.922806081622
2023-05-02,Tech,36,5,1,True,0.661224489796,776,5,0.758178887994
2023-05-02,Utilities,9,4,0.8,True,0.704347826087,204,5,0.751462621885
2023-05-03,Comm,7,4,0.8,True,0.653333333333,327,5,0.741661175655
2023-05-03,Consumer,25,4,0.8,True,0.432525951557,555,5,0.883441125436
2023-05-03,Energy,18,4,0.8,True,0.704347826087,576,5,0.749132947977
2023-05-03,Financials,14,5,1,True,0.632258064516,674,5,0.920350898519
2023-05-03,Healthcare,9,4,0.8,True,0.648,416,5,0.903922695221
2023-05-03,Industrials,9,4,0.8,True,0.771428571429,338,4,0.788923416891
2023-05-03,Materials,6,2,0.4,True,0.276923076923,170,5,0.959814015277
2023-05-03,RealEstate,9,3,0.6,True,0.6,186,5,0.936799350122
2023-05-03,Tech,73,5,1,True,0.683643361129,785,5,0.792108798067
2023-05-03,Utilities,10,5,1,True,0.833333333333,206,5,0.765992779783
2023-05-04,Comm,9,5,1,True,0.852631578947,324,5,0.725172699641
2023-05-04,Consumer,24,5,1,True,0.847058823529,566,5,0.886749522518
2023-05-04,Energy,21,4,0.8,True,0.741176470588,564,5,0.761870090056
2023-05-04,Financials,22,5,1,True,0.820338983051,667,5,0.91912568306
2023-05-04,Healthcare,13,5,1,True,0.965714285714,414,5,0.915576923077
2023-05-04,Industrials,9,4,0.8,True,0.6,331,4,0.790397864589
2023-05-04,Materials,11,4,0.8,True,0.733333333333,175,5,0.970527650135
2023-05-04,RealEstate,14,4,0.8,True,0.725925925926,193,5,0.924636961648
2023-05-04,Tech,61,5,1,True,0.768008255934,813,5,0.815452375224
2023-05-04,Utilities,13,3,0.6,True,0.52,212,5,0.748941843026
2023-05-05,Comm,4,3,0.6,True,0.533333333333,320,5,0.724699221515
2023-05-05,Consumer,14,5,1,True,0.816666666667,560,5,0.882187464836
2023-05-05,Energy,19,4,0.8,True,0.793406593407,555,5,0.76799850402
2023-05-05,Financials,11,4,0.8,True,0.691428571429,659,5,0.919395370008
2023-05-05,Healthcare,7,5,1,True,0.890909090909,406,5,0.914891491369
2023-05-05,Industrials,4,4,0.8,True,0.8,324,4,0.790720096415
2023-05-05,Materials,2,2,0.4,True,0.4,173,5,0.975680521597
2023-05-05,RealEstate,8,5,1,True,0.8,194,5,0.944204716508
2023-05-05,Tech,18,5,1,True,0.689361702128,800,5,0.82854331728
2023-05-05,Utilities,11,4,0.8,True,0.514893617021,218,5,0.763805850209
2023-05-08,Comm,15,5,1,True,0.918367346939,323,5,0.730518502958
2023-05-08,Consumer,31,5,1,True,0.753725490196,565,5,0.868982319555
2023-05-08,Energy,41,5,1,True,0.707789473684,576,5,0.794787274818
2023-05-08,Financials,18,5,1,True,0.830769230769,662,5,0.92583500581
2023-05-08,Healthcare,14,4,0.8,True,0.725925925926,402,5,0.910701606086
2023-05-08,Industrials,10,4,0.8,True,0.769230769231,319,4,0.792006849049
2023-05-08,Materials,5,2,0.4,True,0.294117647059,172,5,0.960831438779
2023-05-08,RealEstate,9,5,1,True,0.852631578947,195,5,0.937846836848
2023-05-08,Tech,38,5,1,True,0.772192513369,819,5,0.837765329636
2023-05-08,Utilities,7,4,0.8,True,0.653333333333,219,5,0.75821674176
2023-05-09,Comm,14,5,1,True,0.753846153846,327,5,0.749773866704
2023-05-09,Consumer,26,5,1,True,0.682828282828,556,5,0.868261993034
2023-05-09,Energy,20,5,1,True,0.754716981132,547,5,0.806982671431
2023-05-09,Financials,18,5,1,True,0.6,637,5,0.932448611446
2023-05-09,Healthcare,7,4,0.8,True,0.653333333333,381,5,0.916796665298
2023-05-09,Industrials,8,3,0.6,True,0.581818181818,306,4,0.791312431336
2023-05-09,Materials,1,1,0.2,True,0.2,162,5,0.9756133829
2023-05-09,RealEstate,1,1,0.2,True,0.2,180,5,0.952380952381
2023-05-09,Tech,35,4,0.8,True,0.682451253482,798,5,0.842790402202
2023-05-09,Utilities,13,4,0.8,True,0.536507936508,225,5,0.786285625534
2023-05-10,Comm,18,5,1,True,0.6,336,5,0.778646803228
2023-05-10,Consumer,25,5,1,True,0.586854460094,563,5,0.865479814873
2023-05-10,Energy,26,4,0.8,True,0.486330935252,555,5,0.830715085155
2023-05-10,Financials,15,5,1,True,0.671641791045,624,5,0.936157526507
2023-05-10,Healthcare,18,5,1,True,0.875675675676,386,5,0.911680841951
2023-05-10,Industrials,7,3,0.6,True,0.576470588235,304,4,0.791978747108
2023-05-10,Materials,1,1,0.2,True,0.2,151,5,0.989841545474
2023-05-10,RealEstate,6,4,0.8,True,0.6,181,5,0.953602095765
2023-05-10,Tech,20,4,0.8,True,0.56338028169,797,5,0.841531480807
2023-05-10,Utilities,9,5,1,True,0.852631578947,227,5,0.783413150893
2023-05-11,Comm,14,5,1,True,0.6125,337,5,0.775241475818
2023-05-11,Consumer,38,4,0.8,True,0.313232104121,581,5,0.830051023545
2023-05-11,Energy,19,5,1,True,0.700970873786,555,5,0.823761449489
2023-05-11,Financials,11,5,1,True,0.78064516129,606,5,0.939799365339
2023-05-11,Healthcare,6,3,0.6,True,0.514285714286,372,5,0.906069534473
2023-05-11,Industrials,7,3,0.6,True,0.576470588235,295,4,0.790597320009
2023-05-11,Materials,11,5,1,True,0.562790697674,160,5,0.985752791683
2023-05-11,RealEstate,8,5,1,True,0.914285714286,184,5,0.962091503268
2023-05-11,Tech,36,4,0.8,True,0.456338028169,806,5,0.827509075855
2023-05-11,Utilities,9,4,0.8,True,0.704347826087,231,5,0.817730442112
2023-05-12,Comm,8,4,0.8,True,0.581818181818,332,5,0.77562451622
2023-05-12,Consumer,30,5,1,True,0.789473684211,588,5,0.833138147907
2023-05-12,Energy,19,4,0.8,True,0.76,554,5,0.82831619572
2023-05-12,Financials,15,5,1,True,0.762711864407,585,5,0.938695741617
2023-05-12,Healthcare,9,3,0.6,True,0.490909090909,370,5,0.91126938694
2023-05-12,Industrials,5,3,0.6,True,0.454545454545,294,4,0.788865565392
2023-05-12,Materials,4,3,0.6,True,0.533333333333,159,5,0.98542194504
2023-05-12,RealEstate,2,1,0.2,True,0.2,183,5,0.958060363324
2023-05-12,Tech,20,4,0.8,True,0.481927710843,781,5,0.817592772554
2023-05-12,Utilities,7,4,0.8,True,0.515789473684,229,5,0.818431525556
2023-05-15,Comm,17,5,1,True,0.91746031746,342,5,0.787742456897
2023-05-15,Consumer,40,5,1,True,0.788177339901,612,5,0.836259712423
2023-05-15,Energy,35,5,1,True,0.830508474576,565,5,0.833104978143
2023-05-15,Financials,28,5,1,True,0.825263157895,558,5,0.932032208819
2023-05-15,Healthcare,17,5,1,True,0.750649350649,370,5,0.926063721843
2023-05-15,Industrials,16,4,0.8,True,0.711111111111,300,4,0.790236192818
2023-05-15,Materials,12,4,0.8,True,0.496551724138,167,5,0.967863959743
2023-05-15,RealEstate,7,4,0.8,True,0.653333333333,184,5,0.95692481628
2023-05-15,Tech,31,5,1,True,0.804184100418,776,5,0.816631633193
2023-05-15,Utilities,6,4,0.8,True,0.6,227,5,0.807221743558
2023-05-16,Comm,17,4,0.8,True,0.68,344,5,0.787489186132
2023-05-16,Consumer,26,5,1,True,0.682828282828,599,5,0.847377929976
2023-05-16,Energy,12,4,0.8,True,0.576,549,5,0.833947124497
2023-05-16,Financials,24,5,1,True,0.847058823529,511,5,0.947687226668
2023-05-16,Healthcare,25,5,1,True,0.451263537906,365,5,0.958625652096
2023-05-16,Industrials,5,3,0.6,True,0.454545454545,288,4,0.792509077011
2023-05-16,Materials,5,3,0.6,True,0.454545454545,170,5,0.961410512309
2023-05-16,RealEstate,4,1,0.2,True,0.2,180,5,0.933986739694
2023-05-16,Tech,38,5,1,True,0.671627906977,777,5,0.811916593261
2023-05-16,Utilities,5,4,0.8,True,0.714285714286,222,5,0.814476945959
2023-05-17,Comm,15,4,0.8,True,0.542168674699,346,5,0.812901473484
2023-05-17,Consumer,31,4,0.8,True,0.535376044568,609,5,0.839923907013
2023-05-17,Energy,19,5,1,True,0.627826086957,540,5,0.835577970084
2023-05-17,Financials,21,5,1,True,0.780530973451,486,5,0.965957794863
2023-05-17,Healthcare,18,5,1,True,0.611320754717,370,5,0.959691552751
2023-05-17,Industrials,7,4,0.8,True,0.653333333333,284,4,0.792843802222
2023-05-17,Materials,2,1,0.2,True,0.2,164,5,0.959201141227
2023-05-17,RealEstate,3,3,0.6,True,0.6,163,5,0.922054485511
2023-05-17,Tech,28,5,1,True,0.776237623762,763,5,0.812693604339
2023-05-17,Utilities,5,2,0.4,True,0.294117647059,213,5,0.795598421745
2023-05-18,Comm,30,5,1,True,0.307167235495,364,5,0.869168197324
2023-05-18,Consumer,45,5,1,True,0.364536453645,626,5,0.839188812986
2023-05-18,Energy,17,4,0.8,True,0.770666666667,532,5,0.828379090324
2023-05-18,Financials,12,5,1,True,0.654545454545,436,5,0.957180261833
2023-05-18,Healthcare,19,5,1,True,0.729292929293,356,5,0.932842632121
2023-05-18,Industrials,10,3,0.6,True,0.588235294118,279,4,0.793769438638
2023-05-18,Materials,11,4,0.8,True,0.562790697674,167,5,0.931963241437
2023-05-18,RealEstate,9,4,0.8,True,0.6,161,5,0.911587831897
2023-05-18,Tech,28,4,0.8,True,0.426086956522,767,5,0.793874783242
2023-05-18,Utilities,3,3,0.6,True,0.6,208,5,0.803416898793
2023-05-19,Comm,12,5,1,True,0.847058823529,344,5,0.913438826708
2023-05-19,Consumer,43,5,1,True,0.6760511883,647,5,0.85457440619
2023-05-19,Energy,18,5,1,True,0.704347826087,530,5,0.829274053081
2023-05-19,Financials,24,5,1,True,0.564705882353,417,5,0.940169230353
2023-05-19,Healthcare,15,5,1,True,0.882352941176,357,5,0.930114942529
2023-05-19,Industrials,6,4,0.8,True,0.72,271,4,0.791688675686
2023-05-19,Materials,3,1,0.2,True,0.2,150,5,0.907624041952
2023-05-19,RealEstate,3,3,0.6,True,0.6,155,5,0.899981269901
2023-05-19,Tech,32,5,1,True,0.550537634409,763,5,0.781754946656
2023-05-19,Utilities,3,2,0.4,True,0.36,199,5,0.807277545612
2023-05-22,Comm,19,4,0.8,True,0.729292929293,343,5,0.917090852399
2023-05-22,Consumer,46,5,1,True,0.948878923767,671,5,0.861268447582
2023-05-22,Energy,38,4,0.8,True,0.606722689076,538,5,0.794782799714
2023-05-22,Financials,23,5,1,True,0.92,432,5,0.940313397491
2023-05-22,Healthcare,19,5,1,True,0.793406593407,364,5,0.930514783342
2023-05-22,Industrials,16,4,0.8,True,0.65641025641,279,4,0.785836151633
2023-05-22,Materials,8,3,0.6,True,0.426666666667,150,5,0.889679715302
2023-05-22,RealEstate,9,4,0.8,True,0.648,157,5,0.930677742118
2023-05-22,Tech,56,5,1,True,0.588367729831,789,5,0.768995398536
2023-05-22,Utilities,11,5,1,True,0.691428571429,205,5,0.794648766191
2023-05-23,Comm,9,4,0.8,True,0.6,325,5,0.923820352473
2023-05-23,Consumer,19,5,1,True,0.729292929293,644,5,0.854473906504
2023-05-23,Energy,17,4,0.8,True,0.635164835165,524,5,0.796911914091
2023-05-23,Financials,14,5,1,True,0.852173913043,412,5,0.938226840593
2023-05-23,Healthcare,11,4,0.8,True,0.537777777778,350,5,0.927117233028
2023-05-23,Industrials,3,2,0.4,True,0.36,266,4,0.782785706383
2023-05-23,Materials,7,3,0.6,True,0.362962962963,151,5,0.87949855352
2023-05-23,RealEstate,4,4,0.8,True,0.8,147,5,0.919336311423
2023-05-23,Tech,25,5,1,True,0.536480686695,779,5,0.768119133962
2023-05-23,Utilities,1,1,0.2,True,0.2,188,5,0.837337123904
2023-05-24,Comm,7,4,0.8,True,0.653333333333,321,5,0.920789955766
2023-05-24,Consumer,22,5,1,True,0.672222222222,636,5,0.831218790457
2023-05-24,Energy,16,4,0.8,True,0.624390243902,524,5,0.784010050825
2023-05-24,Financials,16,5,1,True,0.711111111111,401,5,0.926940481337
2023-05-24,Healthcare,14,5,1,True,0.7,340,5,0.91030789826
2023-05-24,Industrials,12,3,0.6,True,0.464516129032,231,4,0.796254569872
2023-05-24,Materials,4,4,0.8,True,0.8,139,5,0.843527614058
2023-05-24,RealEstate,2,2,0.4,True,0.4,134,5,0.918935516888
2023-05-24,Tech,54,5,1,True,0.421997105644,797,5,0.759851189942
2023-05-24,Utilities,5,4,0.8,True,0.714285714286,180,5,0.85555848957
2023-05-25,Comm,5,1,0.2,True,0.2,307,5,0.910662350838
2023-05-25,Consumer,14,4,0.8,True,0.478048780488,612,5,0.821476510067
2023-05-25,Energy,30,5,1,True,0.796460176991,538,5,0.784528649645
2023-05-25,Financials,15,5,1,True,0.737704918033,383,5,0.91763785931
2023-05-25,Healthcare,10,5,1,True,0.714285714286,333,5,0.907475755964
2023-05-25,Industrials,12,4,0.8,True,0.8,215,4,0.793630354537
2023-05-25,Materials,13,5,1,True,0.786046511628,139,5,0.835502702703
2023-05-25,RealEstate,9,4,0.8,True,0.522580645161,132,5,0.90608424337
2023-05-25,Tech,132,5,1,True,0.368527918782,904,5,0.694651660943
2023-05-25,Utilities,5,3,0.6,True,0.555555555556,172,5,0.883104477612
2023-05-26,Comm,10,5,1,True,0.714285714286,283,5,0.92178166542
2023-05-26,Consumer,16,4,0.8,True,0.65641025641,603,5,0.817218245362
2023-05-26,Energy,24,5,1,True,0.654545454545,535,5,0.778409322691
2023-05-26,Financials,13,5,1,True,0.866666666667,378,5,0.931143695015
2023-05-26,Healthcare,14,5,1,True,0.852173913043,301,5,0.924641526764
2023-05-26,Industrials,5,2,0.4,True,0.384615384615,199,4,0.796880973941
2023-05-26,Materials,8,3,0.6,True,0.581818181818,135,5,0.864768683274
2023-05-26,RealEstate,2,1,0.2,True,0.2,129,5,0.898299595142
2023-05-26,Tech,55,5,1,True,0.346307956497,910,5,0.659415038899
2023-05-26,Utilities,4,3,0.6,True,0.533333333333,163,5,0.861930251419
2023-05-30,Comm,10,4,0.8,True,0.666666666667,275,5,0.927060986822
2023-05-30,Consumer,41,5,1,True,0.906199460916,616,5,0.824599604494
2023-05-30,Energy,31,5,1,True,0.832034632035,509,5,0.811060153083
2023-05-30,Financials,32,5,1,True,0.860504201681,393,5,0.928318557476
2023-05-30,Healthcare,18,5,1,True,0.689361702128,298,5,0.926296025868
2023-05-30,Industrials,18,4,0.8,True,0.771428571429,204,4,0.798005752637
2023-05-30,Materials,9,3,0.6,True,0.462857142857,136,5,0.863089127392
2023-05-30,RealEstate,8,5,1,True,0.8,134,5,0.893333333333
2023-05-30,Tech,150,5,1,True,0.454086781029,1015,5,0.609313961775
2023-05-30,Utilities,12,4,0.8,True,0.654545454545,161,5,0.863601532567
2023-05-31,Comm,9,4,0.8,True,0.648,267,5,0.930483586765
2023-05-31,Consumer,24,5,1,True,0.872727272727,606,5,0.839722863741
2023-05-31,Energy,12,4,0.8,True,0.553846153846,477,5,0.812937456455
2023-05-31,Financials,24,5,1,True,0.847058823529,392,5,0.935094018134
2023-05-31,Healthcare,16,5,1,True,0.984615384615,293,5,0.927245234109
2023-05-31,Industrials,13,4,0.8,True,0.614545454545,196,4,0.791266735324
2023-05-31,Materials,5,3,0.6,True,0.555555555556,135,5,0.841607019164
2023-05-31,RealEstate,5,4,0.8,True,0.714285714286,134,5,0.882358722359
2023-05-31,Tech,80,5,1,True,0.505928853755,1046,5,0.594334323786
2023-05-31,Utilities,3,1,0.2,True,0.2,151,5,0.858633025796
2023-06-01,Comm,10,4,0.8,True,0.666666666667,259,5,0.933300869565
2023-06-01,Consumer,25,5,1,True,0.93984962406,605,5,0.829058086728
2023-06-01,Energy,22,5,1,True,0.768253968254,474,5,0.814811053891
2023-06-01,Financials,22,5,1,True,0.55,392,5,0.92340604531
2023-06-01,Healthcare,18,5,1,True,0.675,297,5,0.914225009069
2023-06-01,Industrials,12,4,0.8,True,0.654545454545,194,4,0.791503680336
2023-06-01,Materials,14,5,1,True,0.753846153846,142,5,0.826732267323
2023-06-01,RealEstate,7,4,0.8,True,0.653333333333,129,5,0.896847210994
2023-06-01,Tech,62,5,1,True,0.497283311772,1072,5,0.578342551446
2023-06-01,Utilities,11,5,1,True,0.896296296296,153,5,0.866839474171
2023-06-02,Comm,28,4,0.8,True,0.493081761006,280,5,0.939709936474
2023-06-02,Consumer,17,4,0.8,True,0.770666666667,597,5,0.805416765533
2023-06-02,Energy,24,4,0.8,True,0.543396226415,480,5,0.798835032245
2023-06-02,Financials,22,5,1,True,0.722388059701,400,5,0.923361034164
2023-06-02,Healthcare,10,4,0.8,True,0.384615384615,298,5,0.916166305581
2023-06-02,Industrials,16,3,0.6,True,0.449122807018,201,4,0.782282892826
2023-06-02,Materials,9,2,0.4,True,0.305660377358,145,5,0.825967393439
2023-06-02,RealEstate,5,4,0.8,True,0.714285714286,125,5,0.906585436612
2023-06-02,Tech,59,5,1,True,0.507064821559,1058,5,0.546212402163
2023-06-02,Utilities,3,3,0.6,True,0.6,146,5,0.858477648006
2023-06-05,Comm,15,4,0.8,True,0.633802816901,286,5,0.939535952217
2023-06-05,Consumer,37,5,1,True,0.812462908012,610,5,0.797624916936
2023-06-05,Energy,31,5,1,True,0.832034632035,490,5,0.793011196618
2023-06-05,Financials,29,5,1,True,0.899465240642,407,5,0.917138665116
2023-06-05,Healthcare,16,5,1,True,0.914285714286,301,5,0.916874968375
2023-06-05,Industrials,19,4,0.8,True,0.729292929293,211,4,0.773403978112
2023-06-05,Materials,6,3,0.6,True,0.514285714286,140,5,0.811258278146
2023-06-05,RealEstate,7,3,0.6,True,0.515789473684,118,5,0.886314449395
2023-06-05,Tech,75,5,1,True,0.544794188862,1072,5,0.521398885683
2023-06-05,Utilities,11,5,1,True,0.78064516129,144,5,0.851930977814
2023-06-06,Comm,9,2,0.4,True,0.39512195122,291,5,0.929181982773
2023-06-06,Consumer,17,5,1,True,0.814084507042,613,5,0.79515209226
2023-06-06,Energy,25,5,1,True,0.641025641026,496,5,0.783765013221
2023-06-06,Financials,18,5,1,True,0.9,414,5,0.915821533529
2023-06-06,Healthcare,14,5,1,True,0.6125,308,5,0.909530201342
2023-06-06,Industrials,5,3,0.6,True,0.454545454545,212,4,0.775030177617
2023-06-06,Materials,4,3,0.6,True,0.533333333333,142,5,0.805915267786
2023-06-06,RealEstate,3,3,0.6,True,0.6,113,5,0.892624956309
2023-06-06,Tech,31,5,1,True,0.742084942085,1085,5,0.5250019511
2023-06-06,Utilities,0,0,0,False,,133,5,0.844545237527
2023-06-07,Comm,11,4,0.8,True,0.620512820513,287,5,0.921920644692
2023-06-07,Consumer,28,5,1,True,0.880898876404,610,5,0.801956938727
2023-06-07,Energy,10,4,0.8,True,0.769230769231,465,5,0.780440706719
2023-06-07,Financials,20,5,1,True,0.754716981132,416,5,0.914092541728
2023-06-07,Healthcare,14,5,1,True,0.933333333333,308,5,0.920116391853
2023-06-07,Industrials,10,4,0.8,True,0.714285714286,212,4,0.769457284712
2023-06-07,Materials,2,2,0.4,True,0.4,139,5,0.827629042622
2023-06-07,RealEstate,1,1,0.2,True,0.2,105,5,0.88376753507
2023-06-07,Tech,36,5,1,True,0.626086956522,1083,5,0.519440563157
2023-06-07,Utilities,4,3,0.6,True,0.533333333333,130,5,0.835392980722
2023-06-08,Comm,9,3,0.6,True,0.558620689655,282,5,0.903784520968
2023-06-08,Consumer,23,5,1,True,0.783703703704,607,5,0.799386003927
2023-06-08,Energy,17,5,1,True,0.635164835165,462,5,0.771391398627
2023-06-08,Financials,21,5,1,True,0.873267326733,419,5,0.926761158181
2023-06-08,Healthcare,15,5,1,True,0.849056603774,316,5,0.915102639296
2023-06-08,Industrials,8,4,0.8,True,0.711111111111,212,4,0.767748548001
2023-06-08,Materials,10,3,0.6,True,0.588235294118,148,5,0.820374531835
2023-06-08,RealEstate,10,5,1,True,0.714285714286,114,5,0.877515192438
2023-06-08,Tech,62,5,1,True,0.533888888889,1110,5,0.510011052102
2023-06-08,Utilities,11,4,0.8,True,0.654054054054,128,5,0.838914490527
2023-06-09,Comm,12,4,0.8,True,0.6,276,5,0.874480541844
2023-06-09,Consumer,20,5,1,True,0.8,602,5,0.807117881562
2023-06-09,Energy,18,4,0.8,True,0.704347826087,454,5,0.747582604911
2023-06-09,Financials,21,4,0.8,True,0.56178343949,425,5,0.914765389582
2023-06-09,Healthcare,13,5,1,True,0.866666666667,311,5,0.912333160402
2023-06-09,Industrials,11,3,0.6,True,0.590243902439,216,4,0.759745969712
2023-06-09,Materials,2,2,0.4,True,0.4,149,5,0.821194747549
2023-06-09,RealEstate,5,3,0.6,True,0.555555555556,113,5,0.889515848137
2023-06-09,Tech,52,5,1,True,0.812012012012,1142,5,0.522168970888
2023-06-09,Utilities,10,4,0.8,True,0.666666666667,129,5,0.830182090297
2023-06-12,Comm,9,3,0.6,True,0.39512195122,271,5,0.858707980123
2023-06-12,Consumer,32,5,1,True,0.922522522523,596,5,0.827295805482
2023-06-12,Energy,23,5,1,True,0.710067114094,458,5,0.748008415647
2023-06-12,Financials,36,5,1,True,0.96,450,5,0.917659854081
2023-06-12,Healthcare,20,5,1,True,0.851063829787,325,5,0.920439196549
2023-06-12,Industrials,11,4,0.8,True,0.733333333333,220,4,0.765217391304
2023-06-12,Materials,4,2,0.4,True,0.4,142,5,0.824029423784
2023-06-12,RealEstate,7,4,0.8,True,0.653333333333,112,5,0.905050505051
2023-06-12,Tech,75,5,1,True,0.765827093261,1181,5,0.540681530527
2023-06-12,Utilities,7,4,0.8,True,0.653333333333,127,5,0.783531697838
2023-06-13,Comm,12,4,0.8,True,0.757894736842,275,5,0.856989064536
2023-06-13,Consumer,15,5,1,True,0.918367346939,581,5,0.833473660819
2023-06-13,Energy,16,5,1,True,0.65641025641,455,5,0.741825674102
2023-06-13,Financials,27,5,1,True,0.718226600985,462,5,0.923560209424
2023-06-13,Healthcare,8,4,0.8,True,0.64,324,5,0.928333922886
2023-06-13,Industrials,11,4,0.8,True,0.733333333333,226,4,0.759833382922
2023-06-13,Materials,8,4,0.8,True,0.711111111111,146,5,0.829093737845
2023-06-13,RealEstate,4,3,0.6,True,0.533333333333,114,5,0.91714890614
2023-06-13,Tech,72,5,1,True,0.697711978466,1233,5,0.551880119575
2023-06-13,Utilities,10,4,0.8,True,0.555555555556,130,5,0.802850356295
2023-06-14,Comm,8,3,0.6,True,0.533333333333,266,5,0.843236801335
2023-06-14,Consumer,30,5,1,True,0.873786407767,571,5,0.844239309157
2023-06-14,Energy,14,5,1,True,0.675862068966,434,5,0.730486717084
2023-06-14,Financials,25,5,1,True,0.766871165644,459,5,0.920748202697
2023-06-14,Healthcare,5,3,0.6,True,0.454545454545,312,5,0.923742645663
2023-06-14,Industrials,13,3,0.6,True,0.59298245614,223,4,0.758815899901
2023-06-14,Materials,3,3,0.6,True,0.6,137,5,0.830303030303
2023-06-14,RealEstate,4,1,0.2,True,0.2,111,5,0.910306612486
2023-06-14,Tech,52,5,1,True,0.71914893617,1254,5,0.556814310956
2023-06-14,Utilities,7,2,0.4,True,0.392,131,5,0.796518913901
2023-06-15,Comm,10,3,0.6,True,0.47619047619,259,5,0.846181015453
2023-06-15,Consumer,25,5,1,True,0.796178343949,570,5,0.848258576576
2023-06-15,Energy,16,5,1,True,0.853333333333,438,5,0.742459073494
2023-06-15,Financials,15,5,1,True,0.918367346939,450,5,0.911382150412
2023-06-15,Healthcare,7,3,0.6,True,0.576470588235,294,5,0.927623953638
2023-06-15,Industrials,10,4,0.8,True,0.666666666667,228,4,0.760333479596
2023-06-15,Materials,11,5,1,True,0.834482758621,143,5,0.853998747129
2023-06-15,RealEstate,5,4,0.8,True,0.714285714286,112,5,0.938922155689
2023-06-15,Tech,61,5,1,True,0.614533443435,1277,5,0.554978363818
2023-06-15,Utilities,4,3,0.6,True,0.533333333333,130,5,0.797169811321
2023-06-16,Comm,15,5,1,True,0.762711864407,259,5,0.836473595611
2023-06-16,Consumer,14,5,1,True,0.725925925926,553,5,0.864294495867
2023-06-16,Energy,12,5,1,True,0.847058823529,431,5,0.75068598331
2023-06-16,Financials,20,5,1,True,0.78431372549,449,5,0.909444005864
2023-06-16,Healthcare,13,3,0.6,True,0.59298245614,289,5,0.915148194817
2023-06-16,Industrials,12,4,0.8,True,0.496551724138,233,4,0.776277972403
2023-06-16,Materials,4,3,0.6,True,0.533333333333,145,5,0.864337101747
2023-06-16,RealEstate,4,2,0.4,True,0.32,113,5,0.935115342365
2023-06-16,Tech,53,5,1,True,0.642057142857,1302,5,0.557117927179
2023-06-16,Utilities,4,3,0.6,True,0.533333333333,129,5,0.805664488017
2023-06-20,Comm,21,5,1,True,0.741176470588,250,5,0.756841850327
2023-06-20,Consumer,42,5,1,True,0.933333333333,550,5,0.901827504994
2023-06-20,Energy,30,5,1,True,0.803571428571,444,5,0.755049982765
2023-06-20,Financials,34,5,1,True,0.882442748092,471,5,0.91554445843
2023-06-20,Healthcare,21,5,1,True,0.873267326733,291,5,0.917702519642
2023-06-20,Industrials,32,4,0.8,True,0.716083916084,255,4,0.783103510568
2023-06-20,Materials,6,3,0.6,True,0.4,140,5,0.875390799464
2023-06-20,RealEstate,5,3,0.6,True,0.454545454545,109,5,0.935880267822
2023-06-20,Tech,109,5,1,True,0.712931293129,1383,5,0.573290451948
2023-06-20,Utilities,5,2,0.4,True,0.294117647059,131,5,0.77458812909
2023-06-21,Comm,5,3,0.6,True,0.555555555556,243,5,0.735858932021
2023-06-21,Consumer,26,5,1,True,0.938888888889,533,5,0.909827219011
2023-06-21,Energy,20,5,1,True,0.597014925373,446,5,0.750116901727
2023-06-21,Financials,25,4,0.8,True,0.468164794007,472,5,0.898539969347
2023-06-21,Healthcare,17,5,1,True,0.862686567164,293,5,0.925446019512
2023-06-21,Industrials,17,4,0.8,True,0.664367816092,266,4,0.785741254858
2023-06-21,Materials,6,4,0.8,True,0.72,143,5,0.877827860056
2023-06-21,RealEstate,1,1,0.2,True,0.2,107,5,0.929679252944
2023-06-21,Tech,58,5,1,True,0.675502008032,1409,5,0.579022800353
2023-06-21,Utilities,8,3,0.6,True,0.492307692308,136,5,0.752787952788
2023-06-22,Comm,8,5,1,True,0.64,232,5,0.752257162823
2023-06-22,Consumer,33,5,1,True,0.743344709898,520,5,0.906075126495
2023-06-22,Energy,29,5,1,True,0.728138528139,437,5,0.75939556616
2023-06-22,Financials,15,4,0.8,True,0.6,464,5,0.885008426851
2023-06-22,Healthcare,13,5,1,True,0.786046511628,287,5,0.922436866566
2023-06-22,Industrials,10,4,0.8,True,0.666666666667,260,4,0.781593247774
2023-06-22,Materials,4,3,0.6,True,0.533333333333,139,5,0.900536005593
2023-06-22,RealEstate,11,5,1,True,0.834482758621,109,5,0.915684007707
2023-06-22,Tech,44,5,1,True,0.75625,1397,5,0.58307547291
2023-06-22,Utilities,8,4,0.8,True,0.711111111111,133,5,0.771939777438
2023-06-23,Comm,5,2,0.4,True,0.294117647059,228,5,0.736317280453
2023-06-23,Consumer,33,5,1,True,0.748453608247,534,5,0.93096963761
2023-06-23,Energy,16,5,1,True,0.8,436,5,0.768406160314
2023-06-23,Financials,13,5,1,True,0.662745098039,463,5,0.872464947803
2023-06-23,Healthcare,11,5,1,True,0.78064516129,287,5,0.92899114645
2023-06-23,Industrials,20,4,0.8,True,0.579710144928,277,4,0.778856011775
2023-06-23,Materials,7,3,0.6,True,0.466666666667,139,5,0.896774193548
2023-06-23,RealEstate,9,5,1,True,0.852631578947,114,5,0.904384133612
2023-06-23,Tech,44,5,1,True,0.64966442953,1416,5,0.586426292222
2023-06-23,Utilities,5,2,0.4,True,0.384615384615,137,5,0.767177600654
2023-06-26,Comm,23,5,1,True,0.73986013986,244,5,0.740405422211
2023-06-26,Consumer,35,5,1,True,0.830508474576,547,5,0.955161130708
2023-06-26,Energy,18,5,1,True,0.81,438,5,0.771542328574
2023-06-26,Financials,37,5,1,True,0.703856041131,484,5,0.869740847999
2023-06-26,Healthcare,26,5,1,True,0.913513513514,299,5,0.9233255874
2023-06-26,Industrials,11,3,0.6,True,0.424561403509,276,4,0.77031044595
2023-06-26,Materials,3,2,0.4,True,0.36,138,5,0.902987197724
2023-06-26,RealEstate,9,4,0.8,True,0.771428571429,121,5,0.908532423208
2023-06-26,Tech,49,5,1,True,0.711407407407,1411,5,0.598211004695
2023-06-26,Utilities,9,3,0.6,True,0.462857142857,141,5,0.744467328216
2023-06-27,Comm,10,5,1,True,0.625,249,5,0.750481147491
2023-06-27,Consumer,19,5,1,True,0.617094017094,552,5,0.955184952978
2023-06-27,Energy,17,5,1,True,0.583838383838,425,5,0.766578249337
2023-06-27,Financials,18,4,0.8,True,0.661224489796,487,5,0.863704728782
2023-06-27,Healthcare,14,4,0.8,True,0.653333333333,303,5,0.927597878252
2023-06-27,Industrials,9,3,0.6,True,0.558620689655,273,4,0.764125698467
2023-06-27,Materials,7,5,1,True,0.890909090909,132,5,0.891709314227
2023-06-27,RealEstate,8,4,0.8,True,0.581818181818,120,5,0.926045016077
2023-06-27,Tech,52,5,1,True,0.396480938416,1331,5,0.616837714419
2023-06-27,Utilities,12,5,1,True,0.757894736842,148,5,0.738752107926
2023-06-28,Comm,11,4,0.8,True,0.733333333333,250,5,0.755560928433
2023-06-28,Consumer,18,5,1,True,0.925714285714,554,5,0.962149283677
2023-06-28,Energy,14,4,0.8,True,0.653333333333,415,5,0.775805761391
2023-06-28,Financials,25,5,1,True,0.714285714286,499,5,0.863402624872
2023-06-28,Healthcare,8,5,1,True,0.64,297,5,0.917458006137
2023-06-28,Industrials,5,3,0.6,True,0.555555555556,273,4,0.760383614753
2023-06-28,Materials,6,4,0.8,True,0.72,130,5,0.890410958904
2023-06-28,RealEstate,10,3,0.6,True,0.47619047619,128,5,0.895790049207
2023-06-28,Tech,86,5,1,True,0.649912126538,1362,5,0.634563205101
2023-06-28,Utilities,3,1,0.2,True,0.2,147,5,0.720179970005
2023-06-29,Comm,12,4,0.8,True,0.48,252,5,0.757894736842
2023-06-29,Consumer,32,5,1,True,0.652229299363,545,5,0.964382538678
2023-06-29,Energy,21,4,0.8,True,0.569032258065,405,5,0.786709513418
2023-06-29,Financials,46,5,1,True,0.853225806452,513,5,0.865872637242
2023-06-29,Healthcare,17,4,0.8,True,0.635164835165,296,5,0.91409494001
2023-06-29,Industrials,8,4,0.8,True,0.711111111111,263,4,0.76273915201
2023-06-29,Materials,10,5,1,True,0.833333333333,131,5,0.895434385599
2023-06-29,RealEstate,10,4,0.8,True,0.588235294118,130,5,0.879292403746
2023-06-29,Tech,58,5,1,True,0.554200988468,1270,5,0.655085860965
2023-06-29,Utilities,7,4,0.8,True,0.753846153846,142,5,0.721947726459
2023-06-30,Comm,7,3,0.6,True,0.515789473684,250,5,0.753465943339
2023-06-30,Consumer,49,5,1,True,0.579252110977,570,5,0.961185728655
2023-06-30,Energy,16,5,1,True,0.88275862069,409,5,0.803289394703
2023-06-30,Financials,21,5,1,True,0.728925619835,510,5,0.853710572094
2023-06-30,Healthcare,18,5,1,True,0.689361702128,298,5,0.899463182417
2023-06-30,Industrials,7,4,0.8,True,0.653333333333,257,4,0.763616394011
2023-06-30,Materials,2,2,0.4,True,0.4,128,5,0.904693539481
2023-06-30,RealEstate,4,2,0.4,True,0.4,129,5,0.86739640344
2023-06-30,Tech,52,5,1,True,0.503538175047,1242,5,0.65797535414
2023-06-30,Utilities,9,5,1,True,0.852631578947,148,5,0.754010327022
2023-07-03,Comm,14,3,0.6,True,0.56,254,5,0.742502014041
2023-07-03,Consumer,30,5,1,True,0.978260869565,575,5,0.963598210513
2023-07-03,Energy,32,5,1,True,0.731428571429,419,5,0.797805094181
2023-07-03,Financials,34,5,1,True,0.825714285714,522,5,0.862564102564
2023-07-03,Healthcare,25,5,1,True,0.766871165644,305,5,0.894944441772
2023-07-03,Industrials,15,4,0.8,True,0.762711864407,260,4,0.770545993389
2023-07-03,Materials,7,3,0.6,True,0.515789473684,121,5,0.916494522692
2023-07-03,RealEstate,9,5,1,True,0.704347826087,131,5,0.884815674143
2023-07-03,Tech,46,5,1,True,0.486436781609,1226,5,0.659643117325
2023-07-03,Utilities,6,3,0.6,True,0.514285714286,143,5,0.748088531187
2023-07-05,Comm,13,4,0.8,True,0.59298245614,239,5,0.738140466499
2023-07-05,Consumer,29,5,1,True,0.961142857143,587,5,0.968284835115
2023-07-05,Energy,29,4,0.8,True,0.458310626703,424,5,0.78511660407
2023-07-05,Financials,36,5,1,True,0.91914893617,536,5,0.870092976771
2023-07-05,Healthcare,16,5,1,True,0.8,311,5,0.899270140858
2023-07-05,Industrials,24,4,0.8,True,0.538317757009,268,4,0.78633676374
2023-07-05,Materials,5,3,0.6,True,0.454545454545,117,5,0.881739130435
2023-07-05,RealEstate,6,3,0.6,True,0.514285714286,132,5,0.852029339853
2023-07-05,Tech,63,5,1,True,0.533109469443,1230,5,0.661010062173
2023-07-05,Utilities,4,2,0.4,True,0.32,144,5,0.727068723703
2023-07-06,Comm,12,5,1,True,0.6,236,5,0.740539821832
2023-07-06,Consumer,20,5,1,True,0.851063829787,570,5,0.97430053678
2023-07-06,Energy,27,5,1,True,0.580876494024,420,5,0.775452787058
2023-07-06,Financials,26,5,1,True,0.877922077922,533,5,0.866878232611
2023-07-06,Healthcare,13,3,0.6,True,0.438961038961,308,5,0.877395486496
2023-07-06,Industrials,10,4,0.8,True,0.588235294118,259,4,0.784894401217
2023-07-06,Materials,9,4,0.8,True,0.648,120,5,0.881812614819
2023-07-06,RealEstate,11,5,1,True,0.834482758621,136,5,0.868356807512
2023-07-06,Tech,56,5,1,True,0.776237623762,1211,5,0.673595127586
2023-07-06,Utilities,13,5,1,True,0.786046511628,146,5,0.7373227257
2023-07-07,Comm,11,4,0.8,True,0.620512820513,238,5,0.751745189117
2023-07-07,Consumer,17,4,0.8,True,0.770666666667,570,5,0.977113470272
2023-07-07,Energy,22,5,1,True,0.849122807018,417,5,0.788701666856
2023-07-07,Financials,29,5,1,True,0.836815920398,544,5,0.872529999705
2023-07-07,Healthcare,12,5,1,True,0.847058823529,306,5,0.875184596691
2023-07-07,Industrials,9,4,0.8,True,0.648,263,4,0.79018678243
2023-07-07,Materials,7,3,0.6,True,0.362962962963,123,5,0.862788708298
2023-07-07,RealEstate,5,4,0.8,True,0.714285714286,138,5,0.876392084676
2023-07-07,Tech,40,5,1,True,0.495356037152,1220,5,0.662347140391
2023-07-07,Utilities,6,3,0.6,True,0.514285714286,152,5,0.730214917826
2023-07-10,Comm,10,4,0.8,True,0.666666666667,237,5,0.744601312388
2023-07-10,Consumer,27,5,1,True,0.873053892216,569,5,0.979565223969
2023-07-10,Energy,21,5,1,True,0.856310679612,428,5,0.793657120575
2023-07-10,Financials,43,5,1,True,0.654513274336,567,5,0.87715100337
2023-07-10,Healthcare,20,5,1,True,0.869565217391,312,5,0.864895601955
2023-07-10,Industrials,17,4,0.8,True,0.621505376344,270,4,0.794896957802
2023-07-10,Materials,3,3,0.6,True,0.6,124,5,0.863335204941
2023-07-10,RealEstate,5,3,0.6,True,0.555555555556,142,5,0.892607348384
2023-07-10,Tech,53,5,1,True,0.827393225331,1237,5,0.671741043893
2023-07-10,Utilities,7,3,0.6,True,0.362962962963,155,5,0.72659912294
2023-07-11,Comm,12,5,1,True,0.9,240,5,0.756699947451
2023-07-11,Consumer,29,5,1,True,0.909189189189,575,5,0.981417991303
2023-07-11,Energy,20,5,1,True,0.851063829787,431,5,0.804944209728
2023-07-11,Financials,31,5,1,True,0.90234741784,577,5,0.877734277165
2023-07-11,Healthcare,15,5,1,True,0.882352941176,312,5,0.872805523178
2023-07-11,Industrials,9,4,0.8,True,0.522580645161,271,4,0.794257286541
2023-07-11,Materials,9,5,1,True,0.852631578947,123,5,0.885513608428
2023-07-11,RealEstate,2,1,0.2,True,0.2,134,5,0.894668659691
2023-07-11,Tech,52,5,1,True,0.602227171492,1227,5,0.677136785293
2023-07-11,Utilities,11,4,0.8,True,0.620512820513,155,5,0.733028222731
2023-07-12,Comm,24,5,1,True,0.944262295082,252,5,0.773589962237
2023-07-12,Consumer,29,4,0.8,True,0.659607843137,584,5,0.978611804539
2023-07-12,Energy,27,5,1,True,0.965562913907,440,5,0.81974848626
2023-07-12,Financials,29,5,1,True,0.862564102564,585,5,0.893596187741
2023-07-12,Healthcare,14,5,1,True,0.852173913043,313,5,0.875622290745
2023-07-12,Industrials,4,2,0.4,True,0.32,264,4,0.79011449949
2023-07-12,Materials,8,5,1,True,0.8,129,5,0.890607439122
2023-07-12,RealEstate,8,4,0.8,True,0.711111111111,137,5,0.894827175209
2023-07-12,Tech,46,5,1,True,0.50380952381,1221,5,0.663033602177
2023-07-12,Utilities,5,3,0.6,True,0.555555555556,150,5,0.73385518591
2023-07-13,Comm,14,3,0.6,True,0.466666666667,257,5,0.773543362417
2023-07-13,Consumer,31,5,1,True,0.730798479087,583,5,0.972820813716
2023-07-13,Energy,25,5,1,True,0.6038647343,442,5,0.814118431471
2023-07-13,Financials,33,5,1,True,0.934763948498,582,5,0.88894604241
2023-07-13,Healthcare,14,5,1,True,0.933333333333,307,5,0.882109598016
2023-07-13,Industrials,9,4,0.8,True,0.415384615385,262,4,0.788196118957
2023-07-13,Materials,6,4,0.8,True,0.72,131,5,0.910639426904
2023-07-13,RealEstate,13,4,0.8,True,0.614545454545,143,5,0.894727630715
2023-07-13,Tech,40,5,1,True,0.698689956332,1186,5,0.655612057032
2023-07-13,Utilities,8,4,0.8,True,0.64,151,5,0.742099267697
2023-07-14,Comm,22,4,0.8,True,0.322666666667,267,5,0.737561429828
2023-07-14,Consumer,23,5,1,True,0.649079754601,591,5,0.967068595556
2023-07-14,Energy,27,5,1,True,0.620425531915,453,5,0.81317588318
2023-07-14,Financials,60,5,1,True,0.487144790257,615,5,0.882558831422
2023-07-14,Healthcare,14,5,1,True,0.933333333333,313,5,0.882722890481
2023-07-14,Industrials,7,3,0.6,True,0.466666666667,258,4,0.785415929204
2023-07-14,Materials,1,1,0.2,True,0.2,124,5,0.907138643068
2023-07-14,RealEstate,5,4,0.8,True,0.714285714286,144,5,0.8911044263
2023-07-14,Tech,50,5,1,True,0.605326876513,1164,5,0.649039539362
2023-07-14,Utilities,8,3,0.6,True,0.492307692308,149,5,0.728020987047
2023-07-17,Comm,39,5,1,True,0.39868938401,298,5,0.706644386091
2023-07-17,Consumer,32,5,1,True,0.846280991736,593,5,0.966002335004
2023-07-17,Energy,25,5,1,True,0.827814569536,464,5,0.823500611995
2023-07-17,Financials,66,5,1,True,0.826565464896,656,5,0.88319343253
2023-07-17,Healthcare,15,5,1,True,0.882352941176,323,5,0.88433142615
2023-07-17,Industrials,16,4,0.8,True,0.775757575758,261,4,0.790587825683
2023-07-17,Materials,5,4,0.8,True,0.714285714286,126,5,0.912938470385
2023-07-17,RealEstate,18,5,1,True,0.9,158,5,0.915438210488
2023-07-17,Tech,56,5,1,True,0.664406779661,1168,5,0.640754500749
2023-07-17,Utilities,5,2,0.4,True,0.294117647059,147,5,0.722588195954
2023-07-18,Comm,24,5,1,True,0.626086956522,312,5,0.687166454892
2023-07-18,Consumer,30,5,1,True,0.714285714286,598,5,0.964984618706
2023-07-18,Energy,20,5,1,True,0.975609756098,468,5,0.827661262895
2023-07-18,Financials,72,5,1,True,0.667181467181,713,5,0.890773692188
2023-07-18,Healthcare,13,5,1,True,0.824390243902,329,5,0.895330658836
2023-07-18,Industrials,9,4,0.8,True,0.771428571429,260,4,0.788522104281
2023-07-18,Materials,7,5,1,True,0.890909090909,122,5,0.9042527339
2023-07-18,RealEstate,16,4,0.8,True,0.449122807018,169,5,0.885475120136
2023-07-18,Tech,44,5,1,True,0.603115264798,1151,5,0.640128818096
2023-07-18,Utilities,7,3,0.6,True,0.362962962963,150,5,0.691031941032
2023-07-19,Comm,25,4,0.8,True,0.40192926045,322,5,0.662390596052
2023-07-19,Consumer,20,5,1,True,0.833333333333,604,5,0.967964127464
2023-07-19,Energy,13,5,1,True,0.824390243902,469,5,0.828431538708
2023-07-19,Financials,71,5,1,True,0.784591439689,764,5,0.901029622883
2023-07-19,Healthcare,12,5,1,True,0.847058823529,328,5,0.912966734555
2023-07-19,Industrials,19,4,0.8,True,0.627826086957,267,4,0.789337319382
2023-07-19,Materials,6,4,0.8,True,0.72,124,5,0.900761570006
2023-07-19,RealEstate,11,4,0.8,True,0.654054054054,176,5,0.91320754717
2023-07-19,Tech,29,5,1,True,0.540836012862,1127,5,0.6331413332
2023-07-19,Utilities,5,2,0.4,True,0.294117647059,151,5,0.675685286709
2023-07-20,Comm,21,5,1,True,0.673282442748,322,5,0.661714212777
2023-07-20,Consumer,22,5,1,True,0.75625,584,5,0.964361250919
2023-07-20,Energy,20,5,1,True,0.754716981132,459,5,0.823278169633
2023-07-20,Financials,37,5,1,True,0.858307210031,767,5,0.9076082848
2023-07-20,Healthcare,29,5,1,True,0.465927977839,336,5,0.929414670289
2023-07-20,Industrials,4,3,0.6,True,0.533333333333,239,4,0.783069435876
2023-07-20,Materials,11,3,0.6,True,0.456603773585,129,5,0.887283391096
2023-07-20,RealEstate,23,5,1,True,0.860162601626,194,5,0.90996131528
2023-07-20,Tech,53,5,1,True,0.732464146023,1071,5,0.627465256789
2023-07-20,Utilities,5,3,0.6,True,0.454545454545,151,5,0.681338712087
2023-07-21,Comm,17,4,0.8,True,0.664367816092,334,5,0.670811785929
2023-07-21,Consumer,19,5,1,True,0.793406593407,577,5,0.958137995539
2023-07-21,Energy,38,5,1,True,0.491156462585,477,5,0.870674447527
2023-07-21,Financials,24,5,1,True,0.872727272727,766,5,0.915361694825
2023-07-21,Healthcare,20,5,1,True,0.555555555556,339,5,0.926371367539
2023-07-21,Industrials,10,4,0.8,True,0.666666666667,232,4,0.782894545455
2023-07-21,Materials,7,5,1,True,0.890909090909,130,5,0.888538380652
2023-07-21,RealEstate,5,3,0.6,True,0.555555555556,198,5,0.915981308411
2023-07-21,Tech,47,5,1,True,0.678648233487,1060,5,0.625577640443
2023-07-21,Utilities,8,4,0.8,True,0.581818181818,151,5,0.684817540171
2023-07-24,Comm,29,5,1,True,0.675502008032,355,5,0.656568287791
2023-07-24,Consumer,34,5,1,True,0.896124031008,578,5,0.96034264689
2023-07-24,Energy,50,5,1,True,0.769230769231,498,5,0.876184419714
2023-07-24,Financials,30,5,1,True,0.849056603774,781,5,0.924876991077
2023-07-24,Healthcare,28,5,1,True,0.719266055046,354,5,0.945709757754
2023-07-24,Industrials,19,4,0.8,True,0.776344086022,241,4,0.785143629605
2023-07-24,Materials,15,5,1,True,0.633802816901,141,5,0.871782503837
2023-07-24,RealEstate,15,5,1,True,0.762711864407,202,5,0.921291487921
2023-07-24,Tech,61,5,1,True,0.840903954802,1077,5,0.631995074496
2023-07-24,Utilities,11,4,0.8,True,0.620512820513,154,5,0.660244988864
2023-07-25,Comm,18,5,1,True,0.790243902439,368,5,0.669554039355
2023-07-25,Consumer,26,5,1,True,0.965714285714,571,5,0.948855550543
2023-07-25,Energy,26,5,1,True,0.512121212121,508,5,0.862744049211
2023-07-25,Financials,31,5,1,True,0.507124010554,799,5,0.928860241963
2023-07-25,Healthcare,21,5,1,True,0.794594594595,364,5,0.933925424685
2023-07-25,Industrials,56,4,0.8,True,0.507443365696,277,4,0.792941662791
2023-07-25,Materials,23,4,0.8,True,0.578142076503,157,5,0.901407935637
2023-07-25,RealEstate,8,5,1,True,0.914285714286,201,5,0.920820512821
2023-07-25,Tech,45,5,1,True,0.687606112054,1078,5,0.632946802542
2023-07-25,Utilities,22,5,1,True,0.403333333333,171,5,0.62796091485
2023-07-26,Comm,31,5,1,True,0.647138047138,376,5,0.665111027475
2023-07-26,Consumer,36,5,1,True,0.578571428571,572,5,0.938323439158
2023-07-26,Energy,13,5,1,True,0.71914893617,503,5,0.859682981941
2023-07-26,Financials,40,5,1,True,0.744186046512,802,5,0.929727385736
2023-07-26,Healthcare,24,5,1,True,0.729113924051,362,5,0.932763897786
2023-07-26,Industrials,24,4,0.8,True,0.632967032967,290,4,0.782107318888
2023-07-26,Materials,16,4,0.8,True,0.457142857143,170,5,0.90794847628
2023-07-26,RealEstate,8,2,0.4,True,0.376470588235,200,5,0.917852225792
2023-07-26,Tech,58,5,1,True,0.693608247423,1087,5,0.632919535797
2023-07-26,Utilities,4,3,0.6,True,0.533333333333,166,5,0.640092915215
2023-07-27,Comm,36,5,1,True,0.740571428571,402,5,0.690114019729
2023-07-27,Consumer,22,4,0.8,True,0.681690140845,575,5,0.946061950068
2023-07-27,Energy,22,4,0.8,True,0.66301369863,508,5,0.859554341671
2023-07-27,Financials,26,5,1,True,0.855696202532,810,5,0.92907008029
2023-07-27,Healthcare,30,4,0.8,True,0.538922155689,378,5,0.917687861272
2023-07-27,Industrials,15,4,0.8,True,0.652173913043,296,4,0.78305478595
2023-07-27,Materials,10,4,0.8,True,0.666666666667,173,5,0.903789823343
2023-07-27,RealEstate,13,5,1,True,0.662745098039,205,5,0.911704089381
2023-07-27,Tech,76,5,1,True,0.613815090329,1111,5,0.645864325276
2023-07-27,Utilities,20,5,1,True,0.689655172414,174,5,0.655041107746
2023-07-28,Comm,14,4,0.8,True,0.653333333333,405,5,0.686368867036
2023-07-28,Consumer,17,4,0.8,True,0.68,574,5,0.946878951604
2023-07-28,Energy,63,4,0.8,True,0.439778393352,557,5,0.809510639131
2023-07-28,Financials,18,4,0.8,True,0.72,803,5,0.925857748997
2023-07-28,Healthcare,20,5,1,True,0.888888888889,390,5,0.920980926431
2023-07-28,Industrials,15,4,0.8,True,0.616438356164,306,4,0.782975165148
2023-07-28,Materials,1,1,0.2,True,0.2,168,5,0.906940874036
2023-07-28,RealEstate,9,5,1,True,0.852631578947,204,5,0.914637362637
2023-07-28,Tech,98,5,1,True,0.575434391851,1123,5,0.665006868222
2023-07-28,Utilities,7,4,0.8,True,0.653333333333,178,5,0.669427424467
2023-07-31,Comm,27,4,0.8,True,0.665753424658,420,5,0.684384093113
2023-07-31,Consumer,50,5,1,True,0.814332247557,592,5,0.942994753128
2023-07-31,Energy,45,5,1,True,0.792563600783,581,5,0.795693424635
2023-07-31,Financials,30,5,1,True,0.775862068966,787,5,0.930591302127
2023-07-31,Healthcare,26,5,1,True,0.676,399,5,0.914501536606
2023-07-31,Industrials,32,4,0.8,True,0.363120567376,330,4,0.798562733739
2023-07-31,Materials,0,0,0,False,,158,5,0.897662711255
2023-07-31,RealEstate,8,4,0.8,True,0.581818181818,202,5,0.913454219834
2023-07-31,Tech,117,5,1,True,0.923995950051,1182,5,0.705675206077
2023-07-31,Utilities,7,4,0.8,True,0.653333333333,178,5,0.674127659574
2023-08-01,Comm,21,5,1,True,0.824299065421,434,5,0.704635067899
2023-08-01,Consumer,27,5,1,True,0.690995260664,570,5,0.915391767391
2023-08-01,Energy,20,5,1,True,0.78431372549,585,5,0.790494889415
2023-08-01,Financials,22,5,1,True,0.91320754717,788,5,0.932586395927
2023-08-01,Healthcare,30,4,0.8,True,0.452261306533,411,5,0.917475490862
2023-08-01,Industrials,35,4,0.8,True,0.345557122708,358,4,0.792750664935
2023-08-01,Materials,5,4,0.8,True,0.714285714286,161,5,0.906170249956
2023-08-01,RealEstate,9,5,1,True,0.771428571429,207,5,0.917242855614
2023-08-01,Tech,59,5,1,True,0.786666666667,1189,5,0.723414021343
2023-08-01,Utilities,6,2,0.4,True,0.276923076923,175,5,0.645348224634
2023-08-02,Comm,20,5,1,True,0.493827160494,440,5,0.735282947209
2023-08-02,Consumer,31,5,1,True,0.580664652568,571,5,0.908964440541
2023-08-02,Energy,15,5,1,True,0.918367346939,568,5,0.80232772127
2023-08-02,Financials,16,5,1,True,0.691891891892,770,5,0.932643302083
2023-08-02,Healthcare,16,4,0.8,True,0.624390243902,402,5,0.91034249662
2023-08-02,Industrials,26,3,0.6,True,0.409696969697,369,4,0.778085088145
2023-08-02,Materials,15,4,0.8,True,0.405405405405,169,5,0.971958482219
2023-08-02,RealEstate,10,4,0.8,True,0.555555555556,208,5,0.944835116838
2023-08-02,Tech,82,5,1,True,0.684028484232,1225,5,0.744972906691
2023-08-02,Utilities,7,5,1,True,0.890909090909,176,5,0.653088762387
2023-08-03,Comm,17,5,1,True,0.770666666667,444,5,0.742872216151
2023-08-03,Consumer,21,5,1,True,0.969230769231,563,5,0.911262523898
2023-08-03,Energy,33,5,1,True,0.792,572,5,0.836830528416
2023-08-03,Financials,13,5,1,True,0.689795918367,747,5,0.934101694915
2023-08-03,Healthcare,37,5,1,True,0.847678018576,423,5,0.930105263158
2023-08-03,Industrials,8,3,0.6,True,0.426666666667,353,4,0.763044609779
2023-08-03,Materials,7,4,0.8,True,0.515789473684,171,5,0.978123432012
2023-08-03,RealEstate,15,5,1,True,0.762711864407,217,5,0.956024769059
2023-08-03,Tech,78,5,1,True,0.705800464037,1240,5,0.765298758181
2023-08-03,Utilities,19,5,1,True,0.891358024691,191,5,0.702030212643
2023-08-04,Comm,13,5,1,True,0.913513513514,445,5,0.751418217694
2023-08-04,Consumer,22,5,1,True,0.949019607843,565,5,0.914121672895
2023-08-04,Energy,13,4,0.8,True,0.614545454545,558,5,0.842343902175
2023-08-04,Financials,12,5,1,True,0.8,733,5,0.934765173065
2023-08-04,Healthcare,31,5,1,True,0.647138047138,441,5,0.955000122763
2023-08-04,Industrials,13,4,0.8,True,0.59298245614,356,4,0.756678010628
2023-08-04,Materials,0,0,0,False,,162,5,0.97525083612
2023-08-04,RealEstate,10,5,1,True,0.769230769231,216,5,0.951580664899
2023-08-04,Tech,41,5,1,True,0.635538752363,1225,5,0.760956377328
2023-08-04,Utilities,22,5,1,True,0.681690140845,200,5,0.714540907467
2023-08-07,Comm,14,5,1,True,0.852173913043,448,5,0.762901018702
2023-08-07,Consumer,30,5,1,True,0.629370629371,578,5,0.9064083781
2023-08-07,Energy,26,5,1,True,0.877922077922,562,5,0.85236540278
2023-08-07,Financials,25,5,1,True,0.862068965517,729,5,0.937227860714
2023-08-07,Healthcare,13,5,1,True,0.786046511628,442,5,0.959029993618
2023-08-07,Industrials,15,4,0.8,True,0.633802816901,362,4,0.763037149179
2023-08-07,Materials,1,1,0.2,True,0.2,156,5,0.984067933684
2023-08-07,RealEstate,7,4,0.8,True,0.653333333333,218,5,0.951240992794
2023-08-07,Tech,52,5,1,True,0.574097664544,1237,5,0.761947182476
2023-08-07,Utilities,8,5,1,True,0.64,202,5,0.716110916111
2023-08-08,Comm,11,3,0.6,True,0.456603773585,449,5,0.773173023452
2023-08-08,Consumer,29,5,1,True,0.880628272251,580,5,0.905469422911
2023-08-08,Energy,9,4,0.8,True,0.6,550,5,0.851297349018
2023-08-08,Financials,38,5,1,True,0.756020942408,724,5,0.958975484815
2023-08-08,Healthcare,13,4,0.8,True,0.71914893617,435,5,0.962071332333
2023-08-08,Industrials,17,2,0.4,True,0.224902723735,362,4,0.770167499265
2023-08-08,Materials,3,2,0.4,True,0.36,156,5,0.988464662876
2023-08-08,RealEstate,3,1,0.2,True,0.2,216,5,0.95119266055
2023-08-08,Tech,39,5,1,True,0.560220994475,1223,5,0.752736587563
2023-08-08,Utilities,11,2,0.4,True,0.284705882353,206,5,0.766546242775
2023-08-09,Comm,16,4,0.8,True,0.691891891892,453,5,0.78098989553
2023-08-09,Consumer,54,5,1,True,0.383684210526,605,5,0.864132680163
2023-08-09,Energy,21,5,1,True,0.824299065421,551,5,0.852320994933
2023-08-09,Financials,19,5,1,True,0.776344086022,712,5,0.955290481844
2023-08-09,Healthcare,18,5,1,True,0.925714285714,438,5,0.960949709477
2023-08-09,Industrials,15,3,0.6,True,0.398230088496,368,4,0.77495851216
2023-08-09,Materials,4,3,0.6,True,0.533333333333,151,5,0.98812567714
2023-08-09,RealEstate,8,5,1,True,0.8,222,5,0.951979911145
2023-08-09,Tech,39,5,1,True,0.477551020408,1210,5,0.75071656745
2023-08-09,Utilities,3,2,0.4,True,0.36,198,5,0.755521295047
2023-08-10,Comm,9,4,0.8,True,0.648,438,5,0.773595709504
2023-08-10,Consumer,38,5,1,True,0.447058823529,614,5,0.848154064208
2023-08-10,Energy,18,4,0.8,True,0.469565217391,542,5,0.83231052557
2023-08-10,Financials,14,5,1,True,0.933333333333,697,5,0.957834757835
2023-08-10,Healthcare,10,4,0.8,True,0.555555555556,434,5,0.960950971889
2023-08-10,Industrials,7,3,0.6,True,0.515789473684,371,4,0.77704011065
2023-08-10,Materials,6,5,1,True,0.9,149,5,0.990894889534
2023-08-10,RealEstate,9,5,1,True,0.704347826087,223,5,0.960482858522
2023-08-10,Tech,47,5,1,True,0.364822460776,1211,5,0.741481678106
2023-08-10,Utilities,10,5,1,True,0.769230769231,203,5,0.755504629205
2023-08-11,Comm,11,4,0.8,True,0.691428571429,435,5,0.775909789851
2023-08-11,Consumer,34,5,1,True,0.760526315789,617,5,0.849685850436
2023-08-11,Energy,36,5,1,True,0.753488372093,553,5,0.841348098219
2023-08-11,Financials,10,4,0.8,True,0.769230769231,674,5,0.957277420714
2023-08-11,Healthcare,13,5,1,True,0.71914893617,433,5,0.956405743872
2023-08-11,Industrials,11,4,0.8,True,0.562790697674,373,4,0.773648066283
2023-08-11,Materials,3,1,0.2,True,0.2,146,5,0.981851681253
2023-08-11,RealEstate,4,2,0.4,True,0.4,214,5,0.964329332491
2023-08-11,Tech,39,5,1,True,0.390500641849,1210,5,0.728980990032
2023-08-11,Utilities,4,3,0.6,True,0.533333333333,199,5,0.749805926347
2023-08-14,Comm,10,4,0.8,True,0.666666666667,423,5,0.801096908509
2023-08-14,Consumer,52,5,1,True,0.533333333333,646,5,0.857193328404
2023-08-14,Energy,29,5,1,True,0.909189189189,555,5,0.846396922443
2023-08-14,Financials,27,5,1,True,0.653811659193,641,5,0.959475521618
2023-08-14,Healthcare,20,4,0.8,True,0.78431372549,439,5,0.951826151377
2023-08-14,Industrials,5,3,0.6,True,0.555555555556,371,4,0.775114740251
2023-08-14,Materials,6,3,0.6,True,0.514285714286,151,5,0.980477316706
2023-08-14,RealEstate,7,2,0.4,True,0.264864864865,216,5,0.961582852432
2023-08-14,Tech,63,5,1,True,0.525347452019,1223,5,0.722736750043
2023-08-14,Utilities,4,2,0.4,True,0.32,195,5,0.746393169104
2023-08-15,Comm,12,4,0.8,True,0.757894736842,396,5,0.839171616632
2023-08-15,Consumer,32,5,1,True,0.747445255474,646,5,0.859559217302
2023-08-15,Energy,20,5,1,True,0.754716981132,550,5,0.8419148344
2023-08-15,Financials,27,5,1,True,0.631168831169,602,5,0.96391733383
2023-08-15,Healthcare,15,5,1,True,0.957446808511,439,5,0.95074615821
2023-08-15,Industrials,8,4,0.8,True,0.581818181818,363,4,0.776321913571
2023-08-15,Materials,10,5,1,True,0.769230769231,156,5,0.982875605816
2023-08-15,RealEstate,4,4,0.8,True,0.8,202,5,0.955597189696
2023-08-15,Tech,60,5,1,True,0.518731988473,1227,5,0.715078096613
2023-08-15,Utilities,8,3,0.6,True,0.581818181818,198,5,0.763763880771
2023-08-16,Comm,9,5,1,True,0.952941176471,381,5,0.855876890422
2023-08-16,Consumer,35,5,1,True,0.643044619423,651,5,0.871238706096
2023-08-16,Energy,28,4,0.8,True,0.675862068966,558,5,0.827347611203
2023-08-16,Financials,16,5,1,True,0.711111111111,546,5,0.949625712739
2023-08-16,Healthcare,7,4,0.8,True,0.653333333333,433,5,0.956649743603
2023-08-16,Industrials,9,4,0.8,True,0.648,363,4,0.773269563687
2023-08-16,Materials,0,0,0,False,,149,5,0.98256251383
2023-08-16,RealEstate,5,4,0.8,True,0.714285714286,191,5,0.944491909385
2023-08-16,Tech,52,5,1,True,0.604921700224,1235,5,0.71655418817
2023-08-16,Utilities,3,2,0.4,True,0.36,194,5,0.792837581631
2023-08-17,Comm,11,5,1,True,0.834482758621,367,5,0.878282416615
2023-08-17,Consumer,51,5,1,True,0.437510513036,682,5,0.865943067786
2023-08-17,Energy,36,5,1,True,0.753488372093,581,5,0.824254337236
2023-08-17,Financials,18,5,1,True,0.72,493,5,0.944338028169
2023-08-17,Healthcare,9,5,1,True,0.704347826087,430,5,0.952945420811
2023-08-17,Industrials,10,3,0.6,True,0.37037037037,354,4,0.767209501653
2023-08-17,Materials,9,5,1,True,0.704347826087,152,5,0.981895452614
2023-08-17,RealEstate,14,5,1,True,0.890909090909,194,5,0.939256301472
2023-08-17,Tech,54,5,1,True,0.592682926829,1260,5,0.717095843139
2023-08-17,Utilities,7,4,0.8,True,0.653333333333,196,5,0.806889308969
2023-08-18,Comm,10,4,0.8,True,0.714285714286,356,5,0.889500280741
2023-08-18,Consumer,40,5,1,True,0.498442367601,700,5,0.861508166746
2023-08-18,Energy,28,5,1,True,0.80824742268,589,5,0.825736965499
2023-08-18,Financials,20,5,1,True,0.888888888889,476,5,0.932910610615
2023-08-18,Healthcare,7,2,0.4,True,0.392,408,5,0.959280815997
2023-08-18,Industrials,8,4,0.8,True,0.711111111111,358,4,0.76685215102
2023-08-18,Materials,4,2,0.4,True,0.4,145,5,0.989179016702
2023-08-18,RealEstate,7,3,0.6,True,0.576470588235,178,5,0.920778843359
2023-08-18,Tech,46,4,0.8,True,0.428340080972,1253,5,0.704524863527
2023-08-18,Utilities,6,4,0.8,True,0.6,197,5,0.810293350037
2023-08-21,Comm,18,5,1,True,0.81,357,5,0.892906435002
2023-08-21,Consumer,40,5,1,True,0.888888888889,721,5,0.864909697439
2023-08-21,Energy,27,4,0.8,True,0.48438538206,578,5,0.772716549092
2023-08-21,Financials,32,5,1,True,0.687248322148,484,5,0.926169295853
2023-08-21,Healthcare,25,5,1,True,0.925925925926,413,5,0.965439366068
2023-08-21,Industrials,9,3,0.6,True,0.462857142857,357,4,0.757745474003
2023-08-21,Materials,13,4,0.8,True,0.536507936508,151,5,0.992426550598
2023-08-21,RealEstate,6,4,0.8,True,0.72,179,5,0.915587941134
2023-08-21,Tech,82,4,0.8,True,0.372933998891,1288,5,0.679057392315
2023-08-21,Utilities,10,5,1,True,0.833333333333,199,5,0.841410814831
2023-08-22,Comm,9,4,0.8,True,0.522580645161,337,5,0.904319783414
2023-08-22,Consumer,24,5,1,True,0.811267605634,711,5,0.868301857625
2023-08-22,Energy,23,4,0.8,True,0.665408805031,551,5,0.764612846763
2023-08-22,Financials,18,5,1,True,0.952941176471,472,5,0.927493755204
2023-08-22,Healthcare,8,4,0.8,True,0.711111111111,393,5,0.945828102514
2023-08-22,Industrials,13,4,0.8,True,0.786046511628,351,4,0.755718448091
2023-08-22,Materials,8,4,0.8,True,0.711111111111,144,5,0.978113207547
2023-08-22,RealEstate,4,3,0.6,True,0.533333333333,168,5,0.908985507246
2023-08-22,Tech,84,5,1,True,0.411908931699,1311,5,0.653025625633
2023-08-22,Utilities,4,4,0.8,True,0.8,192,5,0.854322132097
2023-08-23,Comm,19,3,0.6,True,0.542857142857,338,5,0.886230703592
2023-08-23,Consumer,35,5,1,True,0.646437994723,720,5,0.874464424277
2023-08-23,Energy,23,4,0.8,True,0.633532934132,548,5,0.769615581753
2023-08-23,Financials,31,5,1,True,0.719850187266,472,5,0.928150647836
2023-08-23,Healthcare,24,5,1,True,0.693975903614,396,5,0.9559036879
2023-08-23,Industrials,12,4,0.8,True,0.685714285714,307,4,0.691253804687
2023-08-23,Materials,2,2,0.4,True,0.4,123,5,0.951808744888
2023-08-23,RealEstate,2,1,0.2,True,0.2,162,5,0.890532745165
2023-08-23,Tech,86,5,1,True,0.388241469816,1352,5,0.631935143731
2023-08-23,Utilities,14,5,1,True,0.852173913043,184,5,0.915769542873
2023-08-24,Comm,15,3,0.6,True,0.584415584416,322,5,0.890909090909
2023-08-24,Consumer,42,5,1,True,0.860487804878,726,5,0.860968000131
2023-08-24,Energy,14,5,1,True,0.6125,549,5,0.766406875771
2023-08-24,Financials,15,5,1,True,0.882352941176,447,5,0.929063306442
2023-08-24,Healthcare,9,5,1,True,0.771428571429,381,5,0.958886283317
2023-08-24,Industrials,9,4,0.8,True,0.648,292,4,0.659274723575
2023-08-24,Materials,5,4,0.8,True,0.714285714286,112,5,0.928497409326
2023-08-24,RealEstate,8,5,1,True,0.914285714286,162,5,0.913470240167
2023-08-24,Tech,141,5,1,True,0.424490231664,1435,5,0.607191141109
2023-08-24,Utilities,11,4,0.8,True,0.691428571429,191,5,0.913280761046
2023-08-25,Comm,12,4,0.8,True,0.576,298,5,0.880817298155
2023-08-25,Consumer,29,5,1,True,0.775115207373,733,5,0.851656825837
2023-08-25,Energy,12,4,0.8,True,0.411428571429,539,5,0.763534343421
2023-08-25,Financials,18,5,1,True,0.875675675676,439,5,0.92902215045
2023-08-25,Healthcare,15,5,1,True,0.849056603774,366,5,0.958608844998
2023-08-25,Industrials,11,4,0.8,True,0.562790697674,288,4,0.655735631275
2023-08-25,Materials,5,3,0.6,True,0.454545454545,107,5,0.948157349896
2023-08-25,RealEstate,9,4,0.8,True,0.704347826087,158,5,0.903510676801
2023-08-25,Tech,65,5,1,True,0.363440860215,1424,5,0.59289615569
2023-08-25,Utilities,7,3,0.6,True,0.515789473684,178,5,0.88925063149
2023-08-28,Comm,12,3,0.6,True,0.533333333333,296,5,0.87994375816
2023-08-28,Consumer,27,5,1,True,0.779679144385,743,5,0.848451176123
2023-08-28,Energy,25,5,1,True,0.628140703518,501,5,0.797144898769
2023-08-28,Financials,34,5,1,True,0.624864864865,455,5,0.915654923815
2023-08-28,Healthcare,23,4,0.8,True,0.52118226601,369,5,0.951343231441
2023-08-28,Industrials,25,4,0.8,True,0.32981530343,298,4,0.67490500076
2023-08-28,Materials,4,3,0.6,True,0.533333333333,110,5,0.958795562599
2023-08-28,RealEstate,10,4,0.8,True,0.588235294118,159,5,0.877355543988
2023-08-28,Tech,73,5,1,True,0.441690841276,1399,5,0.562366408595
2023-08-28,Utilities,11,4,0.8,True,0.514893617021,182,5,0.878387695571
2023-08-29,Comm,19,3,0.6,True,0.27662835249,288,5,0.841473064827
2023-08-29,Consumer,26,4,0.8,True,0.669306930693,719,5,0.838140711257
2023-08-29,Energy,19,5,1,True,0.504895104895,475,5,0.785451950358
2023-08-29,Financials,13,5,1,True,0.662745098039,438,5,0.908180268888
2023-08-29,Healthcare,25,5,1,True,0.541125541126,368,5,0.943392546151
2023-08-29,Industrials,20,4,0.8,True,0.380952380952,286,4,0.724563734609
2023-08-29,Materials,1,1,0.2,True,0.2,111,5,0.956970873786
2023-08-29,RealEstate,7,3,0.6,True,0.466666666667,158,5,0.858164317635
2023-08-29,Tech,56,5,1,True,0.46528189911,1338,5,0.522892868304
2023-08-29,Utilities,7,4,0.8,True,0.515789473684,182,5,0.860140223319
2023-08-30,Comm,10,3,0.6,True,0.526315789474,277,5,0.813539733871
2023-08-30,Consumer,25,5,1,True,0.925925925926,717,5,0.833160193506
2023-08-30,Energy,17,3,0.6,True,0.441221374046,472,5,0.770985603544
2023-08-30,Financials,17,5,1,True,0.862686567164,433,5,0.908134944661
2023-08-30,Healthcare,10,4,0.8,True,0.714285714286,348,5,0.953950374163
2023-08-30,Industrials,11,3,0.6,True,0.537777777778,262,4,0.751192821186
2023-08-30,Materials,6,3,0.6,True,0.514285714286,112,5,0.971649883811
2023-08-30,RealEstate,6,4,0.8,True,0.72,155,5,0.859109601287
2023-08-30,Tech,55,5,1,True,0.465742879138,1334,5,0.506068939237
2023-08-30,Utilities,6,3,0.6,True,0.4,182,5,0.862155127538
2023-08-31,Comm,18,5,1,True,0.753488372093,275,5,0.772511364217
2023-08-31,Consumer,24,5,1,True,0.9,710,5,0.821799448982
2023-08-31,Energy,13,4,0.8,True,0.662745098039,470,5,0.760963174756
2023-08-31,Financials,20,5,1,True,0.714285714286,437,5,0.900351241131
2023-08-31,Healthcare,13,4,0.8,True,0.751111111111,345,5,0.949579161514
2023-08-31,Industrials,20,4,0.8,True,0.555555555556,256,4,0.753373951029
2023-08-31,Materials,8,4,0.8,True,0.711111111111,105,5,0.977827050998
2023-08-31,RealEstate,9,4,0.8,True,0.522580645161,154,5,0.826917712692
2023-08-31,Tech,55,5,1,True,0.433691756272,1307,5,0.481525831025
2023-08-31,Utilities,9,5,1,True,0.704347826087,184,5,0.8590713017
2023-09-01,Comm,9,4,0.8,True,0.648,267,5,0.766013001666
2023-09-01,Consumer,23,5,1,True,0.559788359788,712,5,0.808935980086
2023-09-01,Energy,8,3,0.6,True,0.336842105263,445,5,0.731921420783
2023-09-01,Financials,13,4,0.8,True,0.59298245614,437,5,0.907151509394
2023-09-01,Healthcare,19,5,1,True,0.793406593407,327,5,0.926554308739
2023-09-01,Industrials,16,4,0.8,True,0.731428571429,264,4,0.758967657628
2023-09-01,Materials,5,4,0.8,True,0.714285714286,103,5,0.975540229885
2023-09-01,RealEstate,9,5,1,True,0.558620689655,148,5,0.807967539653
2023-09-01,Tech,46,5,1,True,0.475505617978,1275,5,0.462464457268
2023-09-01,Utilities,5,4,0.8,True,0.714285714286,170,5,0.838410211778
2023-09-05,Comm,11,5,1,True,0.691428571429,265,5,0.754823453539
2023-09-05,Consumer,38,5,1,True,0.752083333333,728,5,0.80608383525
2023-09-05,Energy,36,5,1,True,0.696774193548,468,5,0.731420938387
2023-09-05,Financials,37,4,0.8,True,0.59651416122,462,5,0.892734953365
2023-09-05,Healthcare,26,5,1,True,0.855696202532,322,5,0.925006691052
2023-09-05,Industrials,17,4,0.8,True,0.485714285714,268,4,0.75651990731
2023-09-05,Materials,8,4,0.8,True,0.711111111111,111,5,0.972838531386
2023-09-05,RealEstate,13,4,0.8,True,0.71914893617,151,5,0.79737716384
2023-09-05,Tech,103,5,1,True,0.642774916692,1337,5,0.470069620212
2023-09-05,Utilities,8,3,0.6,True,0.492307692308,156,5,0.797117589256
2023-09-06,Comm,12,5,1,True,0.8,263,5,0.747732554997
2023-09-06,Consumer,27,5,1,True,0.805524861878,725,5,0.806996399702
2023-09-06,Energy,15,5,1,True,0.671641791045,457,5,0.714856839691
2023-09-06,Financials,16,4,0.8,True,0.673684210526,453,5,0.885609477159
2023-09-06,Healthcare,10,5,1,True,0.833333333333,319,5,0.925815402811
2023-09-06,Industrials,14,4,0.8,True,0.675862068966,267,4,0.742091292354
2023-09-06,Materials,6,5,1,True,0.9,116,5,0.981473377097
2023-09-06,RealEstate,3,3,0.6,True,0.6,147,5,0.800185150898
2023-09-06,Tech,51,5,1,True,0.639852398524,1336,5,0.472066077233
2023-09-06,Utilities,15,5,1,True,0.36,163,5,0.850888710969
2023-09-07,Comm,13,4,0.8,True,0.662745098039,265,5,0.735070916418
2023-09-07,Consumer,26,4,0.8,True,0.742857142857,722,5,0.799404990109
2023-09-07,Energy,16,4,0.8,True,0.544680851064,464,5,0.709260418382
2023-09-07,Financials,25,5,1,True,0.806451612903,440,5,0.861938471128
2023-09-07,Healthcare,7,5,1,True,0.753846153846,313,5,0.923147232038
2023-09-07,Industrials,11,4,0.8,True,0.78064516129,261,4,0.72767184746
2023-09-07,Materials,8,4,0.8,True,0.711111111111,121,5,0.977696160267
2023-09-07,RealEstate,8,5,1,True,0.8,152,5,0.794224819526
2023-09-07,Tech,65,5,1,True,0.647509578544,1362,5,0.477481428858
2023-09-07,Utilities,11,5,1,True,0.834482758621,163,5,0.846550900112
2023-09-08,Comm,13,5,1,True,0.786046511628,262,5,0.717883288015
2023-09-08,Consumer,26,5,1,True,0.777011494253,694,5,0.803141623172
2023-09-08,Energy,27,5,1,True,0.57628458498,470,5,0.694610401862
2023-09-08,Financials,22,5,1,True,0.78064516129,443,5,0.864818772722
2023-09-08,Healthcare,18,5,1,True,0.558620689655,313,5,0.942961643967
2023-09-08,Industrials,9,3,0.6,True,0.558620689655,255,4,0.710228824204
2023-09-08,Materials,7,4,0.8,True,0.653333333333,124,5,0.97873965627
2023-09-08,RealEstate,5,4,0.8,True,0.714285714286,149,5,0.776937882765
2023-09-08,Tech,53,5,1,True,0.721181001284,1376,5,0.487428238965
2023-09-08,Utilities,11,5,1,True,0.78064516129,171,5,0.853129102845
2023-09-11,Comm,13,4,0.8,True,0.450666666667,266,5,0.695937838104
2023-09-11,Consumer,38,5,1,True,0.697584541063,694,5,0.810616668911
2023-09-11,Energy,29,5,1,True,0.471148459384,481,5,0.694433689013
2023-09-11,Financials,32,5,1,True,0.673684210526,461,5,0.845535021584
2023-09-11,Healthcare,19,5,1,True,0.937662337662,322,5,0.957908351811
2023-09-11,Industrials,16,4,0.8,True,0.731428571429,264,4,0.711692024916
2023-09-11,Materials,6,5,1,True,0.9,124,5,0.985009609225
2023-09-11,RealEstate,11,5,1,True,0.691428571429,151,5,0.749662995233
2023-09-11,Tech,100,5,1,True,0.72939460248,1429,5,0.509192079005
2023-09-11,Utilities,13,5,1,True,0.662745098039,174,5,0.856463932107
2023-09-12,Comm,12,4,0.8,True,0.576,267,5,0.686957359672
2023-09-12,Consumer,25,4,0.8,True,0.757575757576,685,5,0.812208441879
2023-09-12,Energy,35,5,1,True,0.660377358491,480,5,0.681717312187
2023-09-12,Financials,20,5,1,True,0.8,471,5,0.844192020092
2023-09-12,Healthcare,13,5,1,True,0.913513513514,322,5,0.958971513134
2023-09-12,Industrials,20,4,0.8,True,0.597014925373,273,4,0.724532153794
2023-09-12,Materials,5,4,0.8,True,0.714285714286,126,5,0.984252944823
2023-09-12,RealEstate,4,3,0.6,True,0.533333333333,151,5,0.750156275703
2023-09-12,Tech,56,5,1,True,0.714350797267,1446,5,0.520321213584
2023-09-12,Utilities,4,3,0.6,True,0.533333333333,174,5,0.858650028361
2023-09-13,Comm,12,4,0.8,True,0.533333333333,269,5,0.680628321497
2023-09-13,Consumer,22,4,0.8,True,0.681690140845,655,5,0.830839990317
2023-09-13,Energy,23,5,1,True,0.665408805031,474,5,0.668658670873
2023-09-13,Financials,21,5,1,True,0.928421052632,465,5,0.858052739142
2023-09-13,Healthcare,8,3,0.6,True,0.533333333333,310,5,0.958794772024
2023-09-13,Industrials,15,4,0.8,True,0.569620253165,283,4,0.71206045788
2023-09-13,Materials,3,2,0.4,True,0.36,123,5,0.988500490036
2023-09-13,RealEstate,6,4,0.8,True,0.6,150,5,0.776129699897
2023-09-13,Tech,40,5,1,True,0.579710144928,1423,5,0.522111622354
2023-09-13,Utilities,9,5,1,True,0.771428571429,179,5,0.869380002713
2023-09-14,Comm,11,3,0.6,True,0.49387755102,268,5,0.666209071515
2023-09-14,Consumer,24,5,1,True,0.811267605634,647,5,0.832696458232
2023-09-14,Energy,16,5,1,True,0.8,470,5,0.67106142536
2023-09-14,Financials,41,4,0.8,True,0.53792,479,5,0.83498371454
2023-09-14,Healthcare,12,5,1,True,0.847058823529,307,5,0.95533931377
2023-09-14,Industrials,13,4,0.8,True,0.751111111111,288,4,0.707834101382
2023-09-14,Materials,4,4,0.8,True,0.8,117,5,0.989447054572
2023-09-14,RealEstate,8,4,0.8,True,0.8,154,5,0.781674357284
2023-09-14,Tech,66,5,1,True,0.742078364566,1429,5,0.533458988878
2023-09-14,Utilities,7,5,1,True,0.890909090909,178,5,0.87404137931
2023-09-15,Comm,7,2,0.4,True,0.392,266,5,0.649793369455
2023-09-15,Consumer,30,5,1,True,0.731707317073,642,5,0.837442347156
2023-09-15,Energy,16,4,0.8,True,0.449122807018,458,5,0.661236326955
2023-09-15,Financials,21,5,1,True,0.794594594595,484,5,0.834007405298
2023-09-15,Healthcare,16,4,0.8,True,0.775757575758,316,5,0.949201520913
2023-09-15,Industrials,13,4,0.8,True,0.637735849057,292,4,0.709705343766
2023-09-15,Materials,10,2,0.4,True,0.294117647059,127,5,0.962638018502
2023-09-15,RealEstate,8,5,1,True,0.8,157,5,0.780896562649
2023-09-15,Tech,84,5,1,True,0.649126034959,1461,5,0.543343188677
2023-09-15,Utilities,5,3,0.6,True,0.555555555556,180,5,0.860557768924
2023-09-18,Comm,13,4,0.8,True,0.536507936508,268,5,0.643065628078
2023-09-18,Consumer,31,5,1,True,0.584194528875,622,5,0.850799375454
2023-09-18,Energy,38,5,1,True,0.614468085106,460,5,0.642653222377
2023-09-18,Financials,21,5,1,True,0.663157894737,487,5,0.835940997127
2023-09-18,Healthcare,14,5,1,True,0.816666666667,321,5,0.948768472906
2023-09-18,Industrials,21,4,0.8,True,0.683720930233,303,4,0.719872976046
2023-09-18,Materials,13,4,0.8,True,0.614545454545,131,5,0.957912363941
2023-09-18,RealEstate,6,3,0.6,True,0.4,149,5,0.765155953817
2023-09-18,Tech,64,5,1,True,0.706206896552,1471,5,0.547088323079
2023-09-18,Utilities,5,3,0.6,True,0.454545454545,178,5,0.857251082251
2023-09-19,Comm,5,2,0.4,True,0.384615384615,263,5,0.632691516122
2023-09-19,Consumer,36,5,1,True,0.708196721311,618,5,0.8593569291
2023-09-19,Energy,29,5,1,True,0.639543726236,461,5,0.637578939473
2023-09-19,Financials,16,4,0.8,True,0.568888888889,483,5,0.824357320801
2023-09-19,Healthcare,8,5,1,True,0.914285714286,322,5,0.958528242581
2023-09-19,Industrials,13,4,0.8,True,0.536507936508,308,4,0.716224990562
2023-09-19,Materials,4,3,0.6,True,0.533333333333,131,5,0.958982956133
2023-09-19,RealEstate,5,4,0.8,True,0.714285714286,147,5,0.768866749689
2023-09-19,Tech,57,5,1,True,0.542857142857,1482,5,0.550618602447
2023-09-19,Utilities,4,3,0.6,True,0.533333333333,176,5,0.865493154512
2023-09-20,Comm,4,3,0.6,True,0.533333333333,249,5,0.621408168379
2023-09-20,Consumer,31,5,1,True,0.660481099656,609,5,0.852864682143
2023-09-20,Energy,21,4,0.8,True,0.504,455,5,0.638581717793
2023-09-20,Financials,18,5,1,True,0.81,469,5,0.832885893334
2023-09-20,Healthcare,14,5,1,True,0.890909090909,311,5,0.959581328439
2023-09-20,Industrials,13,4,0.8,True,0.388505747126,312,4,0.711007231028
2023-09-20,Materials,4,3,0.6,True,0.533333333333,122,5,0.92850904554
2023-09-20,RealEstate,5,4,0.8,True,0.714285714286,146,5,0.769808595161
2023-09-20,Tech,65,5,1,True,0.685320356853,1465,5,0.57000030542
2023-09-20,Utilities,5,2,0.4,True,0.384615384615,171,5,0.840862688713
2023-09-21,Comm,12,5,1,True,0.626086956522,252,5,0.622893575282
2023-09-21,Consumer,31,5,1,True,0.683985765125,616,5,0.837799169831
2023-09-21,Energy,25,4,0.8,True,0.565610859729,457,5,0.63162208344
2023-09-21,Financials,21,5,1,True,0.634532374101,472,5,0.81966151582
2023-09-21,Healthcare,10,5,1,True,0.833333333333,313,5,0.957242659632
2023-09-21,Industrials,22,4,0.8,True,0.768253968254,321,4,0.721803089209
2023-09-21,Materials,8,4,0.8,True,0.711111111111,122,5,0.915938461538
2023-09-21,RealEstate,13,4,0.8,True,0.751111111111,155,5,0.768185451639
2023-09-21,Tech,48,5,1,True,0.422752293578,1429,5,0.574771904295
2023-09-21,Utilities,12,5,1,True,0.8,179,5,0.847757639899
2023-09-22,Comm,11,4,0.8,True,0.620512820513,244,5,0.638935393861
2023-09-22,Consumer,23,5,1,True,0.783703703704,604,5,0.83319858399
2023-09-22,Energy,24,5,1,True,0.632967032967,458,5,0.629166166767
2023-09-22,Financials,14,5,1,True,0.784,455,5,0.816521721982
2023-09-22,Healthcare,12,4,0.8,True,0.411428571429,301,5,0.943416462748
2023-09-22,Industrials,7,4,0.8,True,0.653333333333,316,4,0.719890418859
2023-09-22,Materials,3,2,0.4,True,0.36,123,5,0.927306159975
2023-09-22,RealEstate,5,2,0.4,True,0.384615384615,158,5,0.788751974724
2023-09-22,Tech,48,5,1,True,0.501960784314,1391,5,0.585948484844
2023-09-22,Utilities,3,2,0.4,True,0.36,168,5,0.819750217833
2023-09-25,Comm,15,4,0.8,True,0.494505494505,244,5,0.635660901132
2023-09-25,Consumer,60,5,1,True,0.89552238806,622,5,0.837882791181
2023-09-25,Energy,32,4,0.8,True,0.451101321586,476,5,0.621522424907
2023-09-25,Financials,21,5,1,True,0.634532374101,461,5,0.805141027827
2023-09-25,Healthcare,15,4,0.8,True,0.789473684211,307,5,0.941031401328
2023-09-25,Industrials,17,4,0.8,True,0.750649350649,324,4,0.728797556234
2023-09-25,Materials,10,3,0.6,True,0.30303030303,128,5,0.920449438202
2023-09-25,RealEstate,11,5,1,True,0.896296296296,161,5,0.791601771263
2023-09-25,Tech,62,5,1,True,0.50182767624,1312,5,0.601200064264
2023-09-25,Utilities,8,3,0.6,True,0.581818181818,165,5,0.816464237517
2023-09-26,Comm,13,5,1,True,0.786046511628,245,5,0.656549083949
2023-09-26,Consumer,34,5,1,True,0.856296296296,627,5,0.83841585003
2023-09-26,Energy,19,5,1,True,0.829885057471,483,5,0.636679721081
2023-09-26,Financials,27,5,1,True,0.755440414508,470,5,0.813627992634
2023-09-26,Healthcare,14,4,0.8,True,0.576470588235,306,5,0.952262788569
2023-09-26,Industrials,11,4,0.8,True,0.691428571429,324,4,0.726829606038
2023-09-26,Materials,2,1,0.2,True,0.2,125,5,0.922645408916
2023-09-26,RealEstate,5,3,0.6,True,0.555555555556,157,5,0.801984707988
2023-09-26,Tech,37,5,1,True,0.807669616519,1284,5,0.622134339623
2023-09-26,Utilities,8,4,0.8,True,0.64,166,5,0.806438396254
2023-09-27,Comm,4,3,0.6,True,0.533333333333,237,5,0.66123962564
2023-09-27,Consumer,22,5,1,True,0.645333333333,622,5,0.82928000343
2023-09-27,Energy,19,5,1,True,0.869879518072,477,5,0.647317885034
2023-09-27,Financials,19,5,1,True,0.793406593407,455,5,0.830009020748
2023-09-27,Healthcare,7,3,0.6,True,0.576470588235,290,5,0.958077010709
2023-09-27,Industrials,14,4,0.8,True,0.593939393939,313,4,0.726153504058
2023-09-27,Materials,7,5,1,True,0.753846153846,128,5,0.930909090909
2023-09-27,RealEstate,11,4,0.8,True,0.620512820513,158,5,0.803476021886
2023-09-27,Tech,43,5,1,True,0.517202797203,1254,5,0.630441284363
2023-09-27,Utilities,18,5,1,True,0.54,173,5,0.788123765635
2023-09-28,Comm,15,4,0.8,True,0.569620253165,233,5,0.694010866091
2023-09-28,Consumer,31,4,0.8,True,0.688888888889,627,5,0.840423280423
2023-09-28,Energy,21,5,1,True,0.683720930233,479,5,0.655648744803
2023-09-28,Financials,21,5,1,True,0.809174311927,463,5,0.838640142402
2023-09-28,Healthcare,11,5,1,True,0.78064516129,276,5,0.970394904459
2023-09-28,Industrials,14,4,0.8,True,0.576470588235,307,4,0.715878622156
2023-09-28,Materials,6,4,0.8,True,0.72,133,5,0.934689564069
2023-09-28,RealEstate,7,3,0.6,True,0.466666666667,158,5,0.810519480519
2023-09-28,Tech,40,5,1,True,0.434782608696,1238,5,0.631338641709
2023-09-28,Utilities,13,4,0.8,True,0.388505747126,179,5,0.778923058223
2023-09-29,Comm,10,4,0.8,True,0.47619047619,233,5,0.693833471787
2023-09-29,Consumer,57,5,1,True,0.417877813505,659,5,0.856595362782
2023-09-29,Energy,23,5,1,True,0.649079754601,485,5,0.671889058684
2023-09-29,Financials,12,5,1,True,0.847058823529,458,5,0.830419635788
2023-09-29,Healthcare,16,5,1,True,0.624390243902,282,5,0.972294901577
2023-09-29,Industrials,9,3,0.6,True,0.558620689655,305,4,0.725595725596
2023-09-29,Materials,1,1,0.2,True,0.2,128,5,0.949797101449
2023-09-29,RealEstate,4,3,0.6,True,0.533333333333,156,5,0.801317089233
2023-09-29,Tech,54,5,1,True,0.591480730223,1237,5,0.638335088909
2023-09-29,Utilities,10,5,1,True,0.625,183,5,0.784377561775
2023-10-02,Comm,12,5,1,True,0.757894736842,227,5,0.690690972455
2023-10-02,Consumer,47,5,1,True,0.899796334012,682,5,0.859907561472
2023-10-02,Energy,27,5,1,True,0.862721893491,499,5,0.683702412169
2023-10-02,Financials,31,5,1,True,0.566961651917,469,5,0.8247661186
2023-10-02,Healthcare,28,5,1,True,0.706306306306,297,5,0.967469152728
2023-10-02,Industrials,22,4,0.8,True,0.768253968254,307,5,0.766158598545
2023-10-02,Materials,9,5,1,True,0.852631578947,129,5,0.929924559933
2023-10-02,RealEstate,7,4,0.8,True,0.515789473684,154,5,0.811635865845
2023-10-02,Tech,74,5,1,True,0.588817204301,1256,5,0.645946089812
2023-10-02,Utilities,25,5,1,True,0.550660792952,199,5,0.764867213906
2023-10-03,Comm,4,3,0.6,True,0.533333333333,222,5,0.700255754476
2023-10-03,Consumer,16,5,1,True,0.711111111111,675,5,0.867865408242
2023-10-03,Energy,13,5,1,True,0.71914893617,504,5,0.694070714247
2023-10-03,Financials,25,4,0.8,True,0.698324022346,481,5,0.828019254514
2023-10-03,Healthcare,7,4,0.8,True,0.515789473684,285,5,0.971765268888
2023-10-03,Industrials,26,5,1,True,0.777011494253,317,5,0.807302671219
2023-10-03,Materials,11,4,0.8,True,0.44,135,5,0.928662420382
2023-10-03,RealEstate,9,5,1,True,0.852631578947,154,5,0.829811056683
2023-10-03,Tech,45,5,1,True,0.510718789407,1255,5,0.647933126135
2023-10-03,Utilities,10,5,1,True,0.769230769231,204,5,0.765985643291
2023-10-04,Comm,11,3,0.6,True,0.424561403509,222,5,0.68478532722
2023-10-04,Consumer,23,5,1,True,0.833070866142,660,5,0.872473811765
2023-10-04,Energy,33,5,1,True,0.792,501,5,0.699644604256
2023-10-04,Financials,10,3,0.6,True,0.454545454545,454,5,0.833296947645
2023-10-04,Healthcare,9,4,0.8,True,0.704347826087,268,5,0.971119524067
2023-10-04,Industrials,12,4,0.8,True,0.757894736842,312,5,0.835714285714
2023-10-04,Materials,6,3,0.6,True,0.514285714286,133,5,0.922022413344
2023-10-04,RealEstate,6,2,0.4,True,0.36,147,5,0.839347446106
2023-10-04,Tech,43,5,1,True,0.460523038605,1195,5,0.641914291558
2023-10-04,Utilities,8,5,1,True,0.8,204,5,0.778305591921
2023-10-05,Comm,7,2,0.4,True,0.392,217,5,0.670449206236
2023-10-05,Consumer,22,5,1,True,0.820338983051,655,5,0.876948234452
2023-10-05,Energy,39,5,1,True,0.680536912752,525,5,0.697599372319
2023-10-05,Financials,20,5,1,True,0.816326530612,458,5,0.836980288884
2023-10-05,Healthcare,8,5,1,True,0.914285714286,266,5,0.968066767
2023-10-05,Industrials,16,5,1,True,0.825806451613,314,5,0.85638843047
2023-10-05,Materials,8,4,0.8,True,0.711111111111,135,5,0.92208449279
2023-10-05,RealEstate,5,4,0.8,True,0.714285714286,149,5,0.834153672741
2023-10-05,Tech,52,5,1,True,0.633255269321,1196,5,0.64161766223
2023-10-05,Utilities,15,5,1,True,0.737704918033,204,5,0.758032786885
2023-10-06,Comm,14,3,0.6,True,0.466666666667,218,5,0.64640914037
2023-10-06,Consumer,34,5,1,True,0.808391608392,663,5,0.887381776706
2023-10-06,Energy,42,4,0.8,True,0.444332493703,551,5,0.694842482291
2023-10-06,Financials,20,5,1,True,0.833333333333,453,5,0.8429378299
2023-10-06,Healthcare,12,4,0.8,True,0.654545454545,271,5,0.962340300072
2023-10-06,Industrials,7,4,0.8,True,0.653333333333,310,5,0.867563419698
2023-10-06,Materials,3,2,0.4,True,0.36,130,5,0.912034538586
2023-10-06,RealEstate,5,4,0.8,True,0.714285714286,146,5,0.850598563448
2023-10-06,Tech,39,5,1,True,0.412754409769,1170,5,0.632149140833
2023-10-06,Utilities,13,4,0.8,True,0.71914893617,206,5,0.753613922927
2023-10-09,Comm,18,5,1,True,0.611320754717,223,5,0.640796340442
2023-10-09,Consumer,49,5,1,True,0.809780775717,686,5,0.888419860298
2023-10-09,Energy,62,5,1,True,0.759683794466,586,5,0.706314533712
2023-10-09,Financials,28,5,1,True,0.64262295082,459,5,0.855401043464
2023-10-09,Healthcare,13,5,1,True,0.662745098039,266,5,0.936297472542
2023-10-09,Industrials,14,5,1,True,0.852173913043,315,5,0.872883219705
2023-10-09,Materials,3,2,0.4,True,0.36,126,5,0.903585657371
2023-10-09,RealEstate,8,3,0.6,True,0.492307692308,149,5,0.834780973867
2023-10-09,Tech,65,5,1,True,0.50447761194,1182,5,0.61907851009
2023-10-09,Utilities,8,3,0.6,True,0.492307692308,203,5,0.745796760474
2023-10-10,Comm,9,4,0.8,True,0.522580645161,219,5,0.678037746519
2023-10-10,Consumer,31,5,1,True,0.790946502058,679,5,0.895633930046
2023-10-10,Energy,32,5,1,True,0.624390243902,589,5,0.703915023993
2023-10-10,Financials,21,4,0.8,True,0.717073170732,448,5,0.864954318221
2023-10-10,Healthcare,15,5,1,True,0.849056603774,262,5,0.934567733152
2023-10-10,Industrials,23,5,1,True,0.719727891156,322,5,0.886415320168
2023-10-10,Materials,3,2,0.4,True,0.36,123,5,0.892303155411
2023-10-10,RealEstate,6,4,0.8,True,0.72,144,5,0.835455278002
2023-10-10,Tech,53,5,1,True,0.642057142857,1135,5,0.606778910579
2023-10-10,Utilities,7,3,0.6,True,0.362962962963,197,5,0.714912038316
2023-10-11,Comm,5,2,0.4,True,0.294117647059,212,5,0.676052948255
2023-10-11,Consumer,29,5,1,True,0.789671361502,683,5,0.896378851494
2023-10-11,Energy,31,3,0.6,True,0.337785588752,585,5,0.689893257804
2023-10-11,Financials,21,5,1,True,0.824299065421,449,5,0.864146252599
2023-10-11,Healthcare,19,5,1,True,0.811235955056,268,5,0.932173913043
2023-10-11,Industrials,20,5,1,True,0.634920634921,322,5,0.905378973105
2023-10-11,Materials,7,3,0.6,True,0.576470588235,125,5,0.89209249215
2023-10-11,RealEstate,4,2,0.4,True,0.32,144,5,0.833105664926
2023-10-11,Tech,58,5,1,True,0.66746031746,1137,5,0.604706608758
2023-10-11,Utilities,5,3,0.6,True,0.454545454545,198,5,0.717890496246
2023-10-12,Comm,13,5,1,True,0.662745098039,213,5,0.681779247126
2023-10-12,Consumer,26,5,1,True,0.711578947368,687,5,0.893584512709
2023-10-12,Energy,21,5,1,True,0.643795620438,583,5,0.691049009342
2023-10-12,Financials,38,5,1,True,0.891358024691,466,5,0.858290186159
2023-10-12,Healthcare,13,4,0.8,True,0.536507936508,273,5,0.931321462043
2023-10-12,Industrials,19,4,0.8,True,0.638938053097,326,5,0.913730547674
2023-10-12,Materials,9,4,0.8,True,0.648,131,5,0.887561417119
2023-10-12,RealEstate,9,5,1,True,0.852631578947,147,5,0.850245917765
2023-10-12,Tech,42,4,0.8,True,0.480653950954,1139,5,0.600540676911
2023-10-12,Utilities,7,4,0.8,True,0.515789473684,196,5,0.703718629786
2023-10-13,Comm,11,4,0.8,True,0.691428571429,213,5,0.698468170272
2023-10-13,Consumer,17,5,1,True,0.73164556962,680,5,0.891150169596
2023-10-13,Energy,26,4,0.8,True,0.759550561798,593,5,0.704657989921
2023-10-13,Financials,51,5,1,True,0.420533548909,476,5,0.877113657479
2023-10-13,Healthcare,14,4,0.8,True,0.784,275,5,0.92672017646
2023-10-13,Industrials,18,4,0.8,True,0.36404494382,331,5,0.914876205586
2023-10-13,Materials,6,3,0.6,True,0.514285714286,133,5,0.88378715963
2023-10-13,RealEstate,2,2,0.4,True,0.4,141,5,0.844741873805
2023-10-13,Tech,45,5,1,True,0.58273381295,1118,5,0.589197699632
2023-10-13,Utilities,8,5,1,True,0.8,197,5,0.699450301883
2023-10-16,Comm,11,4,0.8,True,0.537777777778,217,5,0.690403929331
2023-10-16,Consumer,36,5,1,True,0.766863905325,686,5,0.895759098523
2023-10-16,Energy,12,3,0.6,True,0.33488372093,589,5,0.706884009984
2023-10-16,Financials,54,5,1,True,0.611320754717,509,5,0.859520610434
2023-10-16,Healthcare,16,5,1,True,0.914285714286,275,5,0.936474521701
2023-10-16,Industrials,18,5,1,True,0.852631578947,336,5,0.922428302966
2023-10-16,Materials,6,3,0.6,True,0.4,129,5,0.876534105873
2023-10-16,RealEstate,17,4,0.8,True,0.770666666667,150,5,0.853242320819
2023-10-16,Tech,60,5,1,True,0.50139275766,1094,5,0.566035130201
2023-10-16,Utilities,12,4,0.8,True,0.533333333333,204,5,0.692100449027
2023-10-17,Comm,4,3,0.6,True,0.533333333333,208,5,0.692113261878
2023-10-17,Consumer,24,5,1,True,0.729113924051,679,5,0.904081732702
2023-10-17,Energy,22,3,0.6,True,0.55632183908,573,5,0.706516897453
2023-10-17,Financials,45,5,1,True,0.482717520858,533,5,0.833508882597
2023-10-17,Healthcare,19,5,1,True,0.891358024691,280,5,0.948004836759
2023-10-17,Industrials,9,3,0.6,True,0.39512195122,324,5,0.923190572509
2023-10-17,Materials,8,4,0.8,True,0.711111111111,124,5,0.884186313974
2023-10-17,RealEstate,15,4,0.8,True,0.529411764706,159,5,0.870707766489
2023-10-17,Tech,89,5,1,True,0.60304529882,1119,5,0.561767905732
2023-10-17,Utilities,9,4,0.8,True,0.704347826087,208,5,0.705084745763
2023-10-18,Comm,13,3,0.6,True,0.554098360656,216,5,0.687533156499
2023-10-18,Consumer,26,5,1,True,0.72688172043,669,5,0.90153189175
2023-10-18,Energy,39,5,1,True,0.8112,583,5,0.717027582933
2023-10-18,Financials,64,5,1,True,0.658520900322,581,5,0.854163134655
2023-10-18,Healthcare,33,5,1,True,0.421276595745,305,5,0.939883809043
2023-10-18,Industrials,22,5,1,True,0.733333333333,333,5,0.915794689681
2023-10-18,Materials,11,5,1,True,0.78064516129,131,5,0.908710616892
2023-10-18,RealEstate,12,4,0.8,True,0.496551724138,166,5,0.88919006131
2023-10-18,Tech,75,5,1,True,0.514403292181,1137,5,0.559496147096
2023-10-18,Utilities,6,2,0.4,True,0.36,210,5,0.687129947024
2023-10-19,Comm,32,4,0.8,True,0.277506775068,244,5,0.620425177157
2023-10-19,Consumer,27,5,1,True,0.833142857143,665,5,0.90544732343
2023-10-19,Energy,27,5,1,True,0.697607655502,589,5,0.724571058595
2023-10-19,Financials,33,5,1,True,0.840926640927,596,5,0.871161250766
2023-10-19,Healthcare,25,5,1,True,0.838926174497,316,5,0.945695615115
2023-10-19,Industrials,26,5,1,True,0.877922077922,346,5,0.923663297585
2023-10-19,Materials,9,5,1,True,0.704347826087,136,5,0.915190499753
2023-10-19,RealEstate,22,4,0.8,True,0.58313253012,183,5,0.889363962289
2023-10-19,Tech,30,5,1,True,0.687022900763,1102,5,0.554697142022
2023-10-19,Utilities,3,3,0.6,True,0.6,208,5,0.672950692176
2023-10-20,Comm,20,5,1,True,0.555555555556,252,5,0.613980469883
2023-10-20,Consumer,11,4,0.8,True,0.78064516129,645,5,0.909950896226
2023-10-20,Energy,36,4,0.8,True,0.526829268293,600,5,0.749578362171
2023-10-20,Financials,20,5,1,True,0.909090909091,595,5,0.879008330126
2023-10-20,Healthcare,18,5,1,True,0.753488372093,324,5,0.943011139059
2023-10-20,Industrials,21,5,1,True,0.856310679612,345,5,0.907306475588
2023-10-20,Materials,6,4,0.8,True,0.6,134,5,0.884096504185
2023-10-20,RealEstate,10,5,1,True,0.769230769231,180,5,0.911905432029
2023-10-20,Tech,49,5,1,True,0.667872044506,1103,5,0.566108209346
2023-10-20,Utilities,3,2,0.4,True,0.36,199,5,0.657660051482
2023-10-23,Comm,17,4,0.8,True,0.477685950413,258,5,0.589374889322
2023-10-23,Consumer,43,5,1,True,0.747070707071,665,5,0.90698866841
2023-10-23,Energy,67,5,1,True,0.551135666053,643,5,0.734465514944
2023-10-23,Financials,21,4,0.8,True,0.753846153846,602,5,0.876663683205
2023-10-23,Healthcare,24,5,1,True,0.757894736842,336,5,0.946240885089
2023-10-23,Industrials,27,5,1,True,0.665753424658,365,5,0.891584406893
2023-10-23,Materials,20,5,1,True,0.625,151,5,0.908587368002
2023-10-23,RealEstate,9,3,0.6,True,0.558620689655,184,5,0.899468650372
2023-10-23,Tech,80,5,1,True,0.668756530825,1135,5,0.581238480471
2023-10-23,Utilities,8,4,0.8,True,0.581818181818,204,5,0.660047581285
2023-10-24,Comm,15,3,0.6,True,0.505617977528,258,5,0.59865095782
2023-10-24,Consumer,50,5,1,True,0.49115913556,655,5,0.900244457734
2023-10-24,Energy,37,5,1,True,0.750136986301,648,5,0.753042449024
2023-10-24,Financials,16,3,0.6,True,0.406349206349,597,5,0.882233251235
2023-10-24,Healthcare,17,5,1,True,0.889230769231,338,5,0.952509588127
2023-10-24,Industrials,51,5,1,True,0.54244004171,399,5,0.923895191945
2023-10-24,Materials,17,3,0.6,True,0.494017094017,158,5,0.927340267459
2023-10-24,RealEstate,7,5,1,True,0.890909090909,180,5,0.899750069425
2023-10-24,Tech,61,5,1,True,0.721823472357,1134,5,0.592805874787
2023-10-24,Utilities,13,3,0.6,True,0.438961038961,209,5,0.645929759704
2023-10-25,Comm,27,5,1,True,0.653811659193,272,5,0.604000326557
2023-10-25,Consumer,35,5,1,True,0.824915824916,656,5,0.903839368226
2023-10-25,Energy,25,3,0.6,True,0.46468401487,654,5,0.735084040835
2023-10-25,Financials,20,4,0.8,True,0.540540540541,590,5,0.878552319419
2023-10-25,Healthcare,22,5,1,True,0.768253968254,346,5,0.943016935801
2023-10-25,Industrials,41,5,1,True,0.619152854512,429,5,0.894901655685
2023-10-25,Materials,8,4,0.8,True,0.711111111111,164,5,0.927448275862
2023-10-25,RealEstate,14,3,0.6,True,0.576470588235,189,5,0.895824451411
2023-10-25,Tech,45,5,1,True,0.740402193784,1142,5,0.592376384233
2023-10-25,Utilities,11,3,0.6,True,0.49387755102,212,5,0.634175250459
2023-10-26,Comm,26,4,0.8,True,0.524031007752,294,5,0.613630555161
2023-10-26,Consumer,28,5,1,True,0.739622641509,662,5,0.90999397828
2023-10-26,Energy,41,5,1,True,0.726133909287,676,5,0.732298126693
2023-10-26,Financials,16,5,1,True,0.752941176471,587,5,0.877692728963
2023-10-26,Healthcare,25,5,1,True,0.739644970414,364,5,0.942160278746
2023-10-26,Industrials,42,5,1,True,0.722950819672,457,5,0.907348756381
2023-10-26,Materials,17,5,1,True,0.561165048544,174,5,0.913854512526
2023-10-26,RealEstate,13,4,0.8,True,0.46301369863,191,5,0.890323367907
2023-10-26,Tech,46,5,1,True,0.755714285714,1145,5,0.603523478733
2023-10-26,Utilities,18,5,1,True,0.704347826087,212,5,0.659873733666
2023-10-27,Comm,12,3,0.6,True,0.576,291,5,0.62089672618
2023-10-27,Consumer,27,5,1,True,0.718226600985,658,5,0.9003951254
2023-10-27,Energy,62,4,0.8,True,0.454373522459,717,5,0.706064372584
2023-10-27,Financials,13,4,0.8,True,0.786046511628,579,5,0.876183631065
2023-10-27,Healthcare,23,5,1,True,0.633532934132,376,5,0.936512983572
2023-10-27,Industrials,14,5,1,True,0.816666666667,457,5,0.894715647424
2023-10-27,Materials,5,2,0.4,True,0.384615384615,173,5,0.906527336059
2023-10-27,RealEstate,8,3,0.6,True,0.533333333333,192,5,0.890434782609
2023-10-27,Tech,67,5,1,True,0.630920590302,1172,5,0.622088568038
2023-10-27,Utilities,11,3,0.6,True,0.410169491525,210,5,0.664657121326
2023-10-30,Comm,13,5,1,True,0.662745098039,294,5,0.629174552337
2023-10-30,Consumer,47,5,1,True,0.899796334012,648,5,0.864320118562
2023-10-30,Energy,33,4,0.8,True,0.758885017422,727,5,0.711675003871
2023-10-30,Financials,15,4,0.8,True,0.584415584416,582,5,0.877546050416
2023-10-30,Healthcare,21,5,1,True,0.84,381,5,0.936915480685
2023-10-30,Industrials,21,4,0.8,True,0.452307692308,469,5,0.888067505097
2023-10-30,Materials,5,5,1,True,1,177,5,0.91059439035
2023-10-30,RealEstate,20,5,1,True,0.526315789474,208,5,0.896663212435
2023-10-30,Tech,76,5,1,True,0.690909090909,1194,5,0.627975385537
2023-10-30,Utilities,4,1,0.2,True,0.2,204,5,0.65014841431
2023-10-31,Comm,11,5,1,True,0.691428571429,293,5,0.642895121129
2023-10-31,Consumer,19,5,1,True,0.962666666667,620,5,0.850216756613
2023-10-31,Energy,22,5,1,True,0.691428571429,722,5,0.708969494199
2023-10-31,Financials,15,4,0.8,True,0.789473684211,566,5,0.871740727639
2023-10-31,Healthcare,38,5,1,True,0.617094017094,391,5,0.936569975802
2023-10-31,Industrials,28,5,1,True,0.343859649123,475,5,0.889425445945
2023-10-31,Materials,3,3,0.6,True,0.6,171,5,0.915927956147
2023-10-31,RealEstate,10,3,0.6,True,0.434782608696,211,5,0.898960121151
2023-10-31,Tech,61,5,1,True,0.549225092251,1181,5,0.627712282991
2023-10-31,Utilities,9,4,0.8,True,0.522580645161,188,5,0.657685150726
2023-11-01,Comm,14,5,1,True,0.725925925926,303,5,0.660045292786
2023-11-01,Consumer,33,5,1,True,0.854117647059,637,5,0.849715727643
2023-11-01,Energy,27,5,1,True,0.747692307692,736,5,0.707294971731
2023-11-01,Financials,11,3,0.6,True,0.537777777778,552,5,0.876846043165
2023-11-01,Healthcare,10,3,0.6,True,0.526315789474,394,5,0.935382019764
2023-11-01,Industrials,14,5,1,True,0.890909090909,463,5,0.897222977922
2023-11-01,Materials,14,5,1,True,0.376923076923,174,5,0.964510990761
2023-11-01,RealEstate,5,3,0.6,True,0.454545454545,207,5,0.890368831169
2023-11-01,Tech,67,5,1,True,0.748790658882,1203,5,0.64672650369
2023-11-01,Utilities,12,5,1,True,0.9,190,5,0.672879776328
2023-11-02,Comm,18,5,1,True,0.875675675676,310,5,0.682479937504
2023-11-02,Consumer,41,5,1,True,0.628411214953,655,5,0.872613926432
2023-11-02,Energy,40,5,1,True,0.647773279352,743,5,0.704804887235
2023-11-02,Financials,17,5,1,True,0.83768115942,559,5,0.885754779823
2023-11-02,Healthcare,25,4,0.8,True,0.555555555556,410,5,0.927141360101
2023-11-02,Industrials,19,5,1,True,0.829885057471,470,5,0.904882844503
2023-11-02,Materials,6,4,0.8,True,0.72,174,5,0.966975407218
2023-11-02,RealEstate,14,4,0.8,True,0.653333333333,215,5,0.881735813066
2023-11-02,Tech,64,5,1,True,0.731428571429,1224,5,0.662273834416
2023-11-02,Utilities,29,5,1,True,0.889947089947,211,5,0.702833688531
2023-11-03,Comm,9,3,0.6,True,0.490909090909,312,5,0.6793495708
2023-11-03,Consumer,24,5,1,True,0.886153846154,657,5,0.884445081908
2023-11-03,Energy,10,4,0.8,True,0.666666666667,714,5,0.707185661969
2023-11-03,Financials,9,5,1,True,0.704347826087,548,5,0.888131783634
2023-11-03,Healthcare,10,3,0.6,True,0.37037037037,412,5,0.918081021148
2023-11-03,Industrials,6,3,0.6,True,0.514285714286,460,5,0.909677141997
2023-11-03,Materials,4,3,0.6,True,0.533333333333,170,5,0.969148222669
2023-11-03,RealEstate,7,5,1,True,0.890909090909,217,5,0.882560209915
2023-11-03,Tech,45,5,1,True,0.421436004162,1217,5,0.653511475475
2023-11-03,Utilities,16,4,0.8,True,0.512,212,5,0.69940865235
2023-11-06,Comm,17,5,1,True,0.862686567164,315,5,0.702751513864
2023-11-06,Consumer,47,5,1,True,0.742521008403,670,5,0.887785776442
2023-11-06,Energy,27,5,1,True,0.796721311475,699,5,0.7207939634
2023-11-06,Financials,23,5,1,True,0.73986013986,551,5,0.88610288216
2023-11-06,Healthcare,21,5,1,True,0.928421052632,421,5,0.924695448024
2023-11-06,Industrials,28,5,1,True,0.719266055046,481,5,0.903665657651
2023-11-06,Materials,4,3,0.6,True,0.533333333333,171,5,0.963618388532
2023-11-06,RealEstate,16,4,0.8,True,0.581818181818,228,5,0.855562870309
2023-11-06,Tech,43,5,1,True,0.617362270451,1221,5,0.662032536752
2023-11-06,Utilities,14,4,0.8,True,0.478048780488,213,5,0.68065411447
2023-11-07,Comm,10,4,0.8,True,0.666666666667,307,5,0.704533732013
2023-11-07,Consumer,36,5,1,True,0.881632653061,657,5,0.89109113242
2023-11-07,Energy,29,5,1,True,0.728138528139,666,5,0.722062869329
2023-11-07,Financials,8,3,0.6,True,0.492307692308,531,5,0.87987704982
2023-11-07,Healthcare,20,5,1,True,0.677966101695,428,5,0.94162640074
2023-11-07,Industrials,11,4,0.8,True,0.620512820513,478,5,0.89696541436
2023-11-07,Materials,10,4,0.8,True,0.47619047619,178,5,0.954912597951
2023-11-07,RealEstate,5,3,0.6,True,0.454545454545,225,5,0.863244948418
2023-11-07,Tech,47,5,1,True,0.646852122987,1203,5,0.671429399907
2023-11-07,Utilities,5,4,0.8,True,0.714285714286,210,5,0.701001430615
2023-11-08,Comm,21,5,1,True,0.372151898734,319,5,0.747335952704
2023-11-08,Consumer,34,5,1,True,0.668208092486,660,5,0.890597207172
2023-11-08,Energy,22,4,0.8,True,0.722388059701,656,5,0.729271805996
2023-11-08,Financials,11,2,0.4,True,0.372307692308,521,5,0.875941074915
2023-11-08,Healthcare,17,5,1,True,0.608421052632,430,5,0.942501784076
2023-11-08,Industrials,13,5,1,True,0.913513513514,468,5,0.907157057654
2023-11-08,Materials,2,2,0.4,True,0.4,177,5,0.956172745307
2023-11-08,RealEstate,7,3,0.6,True,0.362962962963,226,5,0.853257601069
2023-11-08,Tech,38,5,1,True,0.776344086022,1188,5,0.675837168209
2023-11-08,Utilities,7,3,0.6,True,0.362962962963,210,5,0.699666825321
2023-11-09,Comm,17,5,1,True,0.73164556962,331,5,0.75844380603
2023-11-09,Consumer,38,5,1,True,0.617094017094,669,5,0.888097151531
2023-11-09,Energy,25,5,1,True,0.668449197861,650,5,0.742752667757
2023-11-09,Financials,24,5,1,True,0.738461538462,524,5,0.878530748064
2023-11-09,Healthcare,23,5,1,True,0.641212121212,434,5,0.932178560824
2023-11-09,Industrials,8,4,0.8,True,0.711111111111,456,5,0.914406332454
2023-11-09,Materials,10,4,0.8,True,0.666666666667,180,5,0.967741935484
2023-11-09,RealEstate,8,4,0.8,True,0.581818181818,230,5,0.854742284699
2023-11-09,Tech,39,5,1,True,0.570731707317,1169,5,0.670472793463
2023-11-09,Utilities,6,3,0.6,True,0.4,211,5,0.681843939046
2023-11-10,Comm,8,3,0.6,True,0.426666666667,326,5,0.760581120733
2023-11-10,Consumer,29,5,1,True,0.754260089686,672,5,0.89364177864
2023-11-10,Energy,19,5,1,True,0.729292929293,648,5,0.745449058212
2023-11-10,Financials,11,5,1,True,0.78064516129,497,5,0.873641395653
2023-11-10,Healthcare,13,4,0.8,True,0.662745098039,434,5,0.931947949137
2023-11-10,Industrials,14,4,0.8,True,0.515789473684,451,5,0.912951367849
2023-11-10,Materials,4,3,0.6,True,0.533333333333,175,5,0.977029829319
2023-11-10,RealEstate,5,3,0.6,True,0.555555555556,226,5,0.848297624979
2023-11-10,Tech,43,5,1,True,0.575116640747,1170,5,0.674660673626
2023-11-10,Utilities,5,2,0.4,True,0.294117647059,209,5,0.675079205626
2023-11-13,Comm,10,4,0.8,True,0.666666666667,325,5,0.756870051234
2023-11-13,Consumer,54,5,1,True,0.745780051151,709,5,0.89959644586
2023-11-13,Energy,30,5,1,True,0.75,652,5,0.729967717563
2023-11-13,Financials,27,5,1,True,0.711219512195,473,5,0.838423054582
2023-11-13,Healthcare,19,5,1,True,0.65045045045,439,5,0.923988972792
2023-11-13,Industrials,37,5,1,True,0.440901771337,470,5,0.902664269369
2023-11-13,Materials,6,4,0.8,True,0.6,175,5,0.971759479613
2023-11-13,RealEstate,11,5,1,True,0.834482758621,235,5,0.84889708708
2023-11-13,Tech,50,5,1,True,0.578703703704,1175,5,0.674536771262
2023-11-13,Utilities,8,4,0.8,True,0.64,209,5,0.676333513974
2023-11-14,Comm,5,3,0.6,True,0.555555555556,319,5,0.772584747371
2023-11-14,Consumer,33,5,1,True,0.551392405063,706,5,0.896838620293
2023-11-14,Energy,27,4,0.8,True,0.445871559633,667,5,0.720357192011
2023-11-14,Financials,24,5,1,True,0.944262295082,443,5,0.868762035459
2023-11-14,Healthcare,15,4,0.8,True,0.737704918033,438,5,0.91454450112
2023-11-14,Industrials,19,4,0.8,True,0.422222222222,471,5,0.885327746184
2023-11-14,Materials,7,3,0.6,True,0.515789473684,176,5,0.977469233197
2023-11-14,RealEstate,4,2,0.4,True,0.32,222,5,0.831376518219
2023-11-14,Tech,61,5,1,True,0.655682819383,1176,5,0.683295289479
2023-11-14,Utilities,5,2,0.4,True,0.294117647059,202,5,0.667059015857
2023-11-15,Comm,6,4,0.8,True,0.72,321,5,0.777579896615
2023-11-15,Consumer,44,5,1,True,0.698916967509,726,5,0.894273740647
2023-11-15,Energy,13,4,0.8,True,0.751111111111,658,5,0.724528933365
2023-11-15,Financials,9,3,0.6,True,0.558620689655,407,5,0.872778524197
2023-11-15,Healthcare,10,5,1,True,0.833333333333,429,5,0.91116171993
2023-11-15,Industrials,12,4,0.8,True,0.48,474,5,0.885492452607
2023-11-15,Materials,6,3,0.6,True,0.4,174,5,0.966049776643
2023-11-15,RealEstate,2,2,0.4,True,0.4,209,5,0.801854061496
2023-11-15,Tech,45,5,1,True,0.622119815668,1132,5,0.687702727361
2023-11-15,Utilities,2,2,0.4,True,0.4,195,5,0.657701288593
2023-11-16,Comm,6,3,0.6,True,0.514285714286,314,5,0.785187544796
2023-11-16,Consumer,50,5,1,True,0.386398763524,750,5,0.878810130142
2023-11-16,Energy,15,4,0.8,True,0.529411764706,634,5,0.712864895541
2023-11-16,Financials,14,5,1,True,0.852173913043,357,5,0.857751455396
2023-11-16,Healthcare,9,5,1,True,0.852631578947,405,5,0.935708377307
2023-11-16,Industrials,14,5,1,True,0.784,466,5,0.888308925796
2023-11-16,Materials,6,4,0.8,True,0.72,169,5,0.968990670059
2023-11-16,RealEstate,6,2,0.4,True,0.276923076923,203,5,0.759263012437
2023-11-16,Tech,46,5,1,True,0.700662251656,1103,5,0.702801422229
2023-11-16,Utilities,11,5,1,True,0.78064516129,200,5,0.677048070413
2023-11-17,Comm,3,2,0.4,True,0.36,285,5,0.84932294662
2023-11-17,Consumer,21,5,1,True,0.741176470588,744,5,0.874975894283
2023-11-17,Energy,14,4,0.8,True,0.593939393939,621,5,0.712652110841
2023-11-17,Financials,13,5,1,True,0.786046511628,337,5,0.84604611316
2023-11-17,Healthcare,13,4,0.8,True,0.614545454545,393,5,0.931790896202
2023-11-17,Industrials,23,5,1,True,0.8464,463,5,0.881433358689
2023-11-17,Materials,4,4,0.8,True,0.8,164,5,0.962978875761
2023-11-17,RealEstate,5,2,0.4,True,0.294117647059,186,5,0.720900187539
2023-11-17,Tech,41,5,1,True,0.480972818312,1114,5,0.693968438594
2023-11-17,Utilities,7,4,0.8,True,0.653333333333,204,5,0.690836653386
2023-11-20,Comm,12,5,1,True,0.757894736842,277,5,0.862947759096
2023-11-20,Consumer,31,5,1,True,0.839301310044,764,5,0.878306273229
2023-11-20,Energy,11,4,0.8,True,0.654054054054,596,5,0.686394465807
2023-11-20,Financials,21,5,1,True,0.766956521739,338,5,0.827435358876
2023-11-20,Healthcare,13,5,1,True,0.824390243902,388,5,0.931238401584
2023-11-20,Industrials,19,4,0.8,True,0.448447204969,461,5,0.859695394511
2023-11-20,Materials,5,3,0.6,True,0.555555555556,163,5,0.967024567789
2023-11-20,RealEstate,10,4,0.8,True,0.714285714286,186,5,0.699050313195
2023-11-20,Tech,66,5,1,True,0.374548581255,1131,5,0.671953541758
2023-11-20,Utilities,2,1,0.2,True,0.2,203,5,0.68052183965
2023-11-21,Comm,8,3,0.6,True,0.492307692308,268,5,0.875795634679
2023-11-21,Consumer,25,4,0.8,True,0.429553264605,746,5,0.858251468933
2023-11-21,Energy,20,5,1,True,0.689655172414,549,5,0.701871106712
2023-11-21,Financials,12,4,0.8,True,0.685714285714,329,5,0.83393813321
2023-11-21,Healthcare,12,4,0.8,True,0.685714285714,376,5,0.930595050026
2023-11-21,Industrials,17,5,1,True,0.73164556962,451,5,0.867992404037
2023-11-21,Materials,6,4,0.8,True,0.72,149,5,0.939327268881
2023-11-21,RealEstate,5,3,0.6,True,0.555555555556,182,5,0.701482422702
2023-11-21,Tech,84,5,1,True,0.409518282066,1135,5,0.645152808904
2023-11-21,Utilities,10,5,1,True,0.769230769231,205,5,0.703170752112
2023-11-22,Comm,11,4,0.8,True,0.620512820513,264,5,0.871308913614
2023-11-22,Consumer,23,5,1,True,0.657142857143,719,5,0.833451831072
2023-11-22,Energy,12,4,0.8,True,0.496551724138,524,5,0.698400101742
2023-11-22,Financials,19,5,1,True,0.617094017094,332,5,0.842562299343
2023-11-22,Healthcare,8,5,1,True,0.914285714286,367,5,0.932071554617
2023-11-22,Industrials,24,5,1,True,0.914285714286,424,5,0.821232469965
2023-11-22,Materials,5,2,0.4,True,0.384615384615,137,5,0.880966909176
2023-11-22,RealEstate,5,3,0.6,True,0.454545454545,180,5,0.677966101695
2023-11-22,Tech,78,5,1,True,0.43395149786,1152,5,0.624587131784
2023-11-22,Utilities,7,3,0.6,True,0.362962962963,199,5,0.703830089754
2023-11-24,Comm,17,5,1,True,0.91746031746,254,5,0.872545307006
2023-11-24,Consumer,34,5,1,True,0.802777777778,718,5,0.826226460454
2023-11-24,Energy,18,4,0.8,True,0.611320754717,517,5,0.707759727794
2023-11-24,Financials,25,4,0.8,True,0.698324022346,337,5,0.843657839022
2023-11-24,Healthcare,13,5,1,True,0.71914893617,358,5,0.937419543593
2023-11-24,Industrials,19,4,0.8,True,0.497931034483,402,5,0.821075093995
2023-11-24,Materials,8,4,0.8,True,0.581818181818,137,5,0.869539031735
2023-11-24,RealEstate,7,3,0.6,True,0.466666666667,173,5,0.671731567725
2023-11-24,Tech,86,5,1,True,0.460809968847,1193,5,0.606775253187
2023-11-24,Utilities,10,4,0.8,True,0.666666666667,198,5,0.715662650602
2023-11-27,Comm,13,4,0.8,True,0.614545454545,241,5,0.897350328312
2023-11-27,Consumer,54,5,1,True,0.765354330709,744,5,0.823836880488
2023-11-27,Energy,15,4,0.8,True,0.714285714286,491,5,0.719054507494
2023-11-27,Financials,24,5,1,True,0.834782608696,345,5,0.8464
2023-11-27,Healthcare,11,5,1,True,0.896296296296,344,5,0.940144593628
2023-11-27,Industrials,19,5,1,True,0.962666666667,379,5,0.789735272287
2023-11-27,Materials,7,4,0.8,True,0.653333333333,127,5,0.873490387219
2023-11-27,RealEstate,23,4,0.8,True,0.496713615023,183,5,0.686601742696
2023-11-27,Tech,65,5,1,True,0.603140613847,1212,5,0.599627718634
2023-11-27,Utilities,6,2,0.4,True,0.36,186,5,0.691643342663
2023-11-28,Comm,8,3,0.6,True,0.426666666667,237,5,0.886855609063
2023-11-28,Consumer,19,5,1,True,0.700970873786,736,5,0.822521181937
2023-11-28,Energy,18,5,1,True,0.875675675676,447,5,0.765801122971
2023-11-28,Financials,11,3,0.6,True,0.562790697674,343,5,0.839420641433
2023-11-28,Healthcare,9,4,0.8,True,0.704347826087,330,5,0.939116936875
2023-11-28,Industrials,20,4,0.8,True,0.30534351145,385,5,0.758203534617
2023-11-28,Materials,6,3,0.6,True,0.514285714286,128,5,0.888985349973
2023-11-28,RealEstate,5,2,0.4,True,0.384615384615,180,5,0.693493150685
2023-11-28,Tech,45,5,1,True,0.577746077033,1190,5,0.584916337261
2023-11-28,Utilities,5,4,0.8,True,0.714285714286,180,5,0.712087912088
2023-11-29,Comm,13,5,1,True,0.751111111111,237,5,0.90064940271
2023-11-29,Consumer,28,5,1,True,0.861538461538,717,5,0.820631968777
2023-11-29,Energy,24,5,1,True,0.711111111111,438,5,0.760832837597
2023-11-29,Financials,18,4,0.8,True,0.635294117647,346,5,0.836239172953
2023-11-29,Healthcare,15,5,1,True,0.957446808511,324,5,0.942926434923
2023-11-29,Industrials,21,5,1,True,0.741176470588,385,5,0.750335366625
2023-11-29,Materials,7,3,0.6,True,0.576470588235,130,5,0.904226859283
2023-11-29,RealEstate,12,4,0.8,True,0.685714285714,172,5,0.724033284386
2023-11-29,Tech,50,5,1,True,0.656167979003,1164,5,0.581293359018
2023-11-29,Utilities,7,3,0.6,True,0.466666666667,183,5,0.723226433431
2023-11-30,Comm,13,4,0.8,True,0.71914893617,239,5,0.893003986555
2023-11-30,Consumer,27,5,1,True,0.76335078534,725,5,0.814903529375
2023-11-30,Energy,18,4,0.8,True,0.72,434,5,0.757392737947
2023-11-30,Financials,16,5,1,True,0.711111111111,347,5,0.837540430564
2023-11-30,Healthcare,22,5,1,True,0.55632183908,308,5,0.923880015582
2023-11-30,Industrials,14,5,1,True,0.515789473684,371,5,0.711231107092
2023-11-30,Materials,4,4,0.8,True,0.8,131,5,0.916475300401
2023-11-30,RealEstate,6,4,0.8,True,0.72,168,5,0.732520114197
2023-11-30,Tech,49,5,1,True,0.512486659552,1152,5,0.578210954213
2023-11-30,Utilities,7,3,0.6,True,0.515789473684,181,5,0.729562409531
2023-12-01,Comm,8,3,0.6,True,0.533333333333,233,5,0.865922322354
2023-12-01,Consumer,18,4,0.8,True,0.549152542373,710,5,0.806005468238
2023-12-01,Energy,9,3,0.6,True,0.490909090909,416,5,0.751241534989
2023-12-01,Financials,18,4,0.8,True,0.635294117647,354,5,0.832498505281
2023-12-01,Healthcare,8,5,1,True,0.8,306,5,0.926263725393
2023-12-01,Industrials,16,5,1,True,0.595348837209,373,5,0.69747587417
2023-12-01,Materials,6,4,0.8,True,0.72,123,5,0.892303155411
2023-12-01,RealEstate,9,4,0.8,True,0.522580645161,172,5,0.721913128355
2023-12-01,Tech,32,5,1,True,0.581818181818,1117,5,0.56041277862
2023-12-01,Utilities,5,3,0.6,True,0.555555555556,174,5,0.711539365452
2023-12-04,Comm,23,4,0.8,True,0.657142857143,238,5,0.844928400955
2023-12-04,Consumer,34,5,1,True,0.882442748092,703,5,0.792007948782
2023-12-04,Energy,17,5,1,True,0.73164556962,393,5,0.753170945798
2023-12-04,Financials,28,4,0.8,True,0.761165048544,365,5,0.822706641554
2023-12-04,Healthcare,15,5,1,True,0.818181818182,296,5,0.955150986591
2023-12-04,Industrials,18,5,1,True,0.81,372,5,0.693897608183
2023-12-04,Materials,1,1,0.2,True,0.2,118,5,0.893136626042
2023-12-04,RealEstate,10,4,0.8,True,0.588235294118,168,5,0.708255959849
2023-12-04,Tech,68,5,1,True,0.577278401998,1121,5,0.548824625114
2023-12-04,Utilities,6,3,0.6,True,0.4,151,5,0.655672178289
2023-12-05,Comm,33,4,0.8,True,0.535135135135,262,5,0.841741263029
2023-12-05,Consumer,16,5,1,True,0.825806451613,695,5,0.785119265309
2023-12-05,Energy,17,3,0.6,True,0.421897810219,400,5,0.735970561178
2023-12-05,Financials,20,4,0.8,True,0.666666666667,376,5,0.814237170996
2023-12-05,Healthcare,7,3,0.6,True,0.515789473684,293,5,0.964866535544
2023-12-05,Industrials,11,5,1,True,0.834482758621,377,5,0.688092759798
2023-12-05,Materials,1,1,0.2,True,0.2,115,5,0.899353961238
2023-12-05,RealEstate,6,4,0.8,True,0.72,167,5,0.701521821155
2023-12-05,Tech,52,5,1,True,0.427172195893,1128,5,0.548777268846
2023-12-05,Utilities,5,4,0.8,True,0.714285714286,140,5,0.665987088005
2023-12-06,Comm,16,5,1,True,0.609523809524,261,5,0.826059540411
2023-12-06,Consumer,26,5,1,True,0.845,674,5,0.779645425369
2023-12-06,Energy,30,5,1,True,0.489130434783,403,5,0.709596941562
2023-12-06,Financials,16,4,0.8,True,0.731428571429,369,5,0.820172875945
2023-12-06,Healthcare,15,4,0.8,True,0.555555555556,287,5,0.954062662883
2023-12-06,Industrials,24,4,0.8,True,0.677647058824,373,5,0.687549109239
2023-12-06,Materials,4,4,0.8,True,0.8,115,5,0.908622466506
2023-12-06,RealEstate,12,4,0.8,True,0.685714285714,163,5,0.725433447099
2023-12-06,Tech,50,5,1,True,0.639386189258,1135,5,0.549721240156
2023-12-06,Utilities,5,3,0.6,True,0.454545454545,131,5,0.668133151645
2023-12-07,Comm,12,5,1,True,0.847058823529,263,5,0.828321657386
2023-12-07,Consumer,19,5,1,True,0.913924050633,657,5,0.778988116185
2023-12-07,Energy,21,5,1,True,0.6,395,5,0.693860760901
2023-12-07,Financials,10,3,0.6,True,0.588235294118,371,5,0.822351008215
2023-12-07,Healthcare,27,4,0.8,True,0.604979253112,294,5,0.921296098913
2023-12-07,Industrials,18,5,1,True,0.611320754717,380,5,0.691570881226
2023-12-07,Materials,14,5,1,True,0.890909090909,119,5,0.963661109221
2023-12-07,RealEstate,14,3,0.6,True,0.362962962963,172,5,0.695930369325
2023-12-07,Tech,61,5,1,True,0.665058087578,1149,5,0.555552469623
2023-12-07,Utilities,14,5,1,True,0.890909090909,140,5,0.66757493188
2023-12-08,Comm,14,5,1,True,0.852173913043,256,5,0.796209452071
2023-12-08,Consumer,23,5,1,True,0.988785046729,646,5,0.7963285946
2023-12-08,Energy,32,5,1,True,0.578531073446,405,5,0.680700516673
2023-12-08,Financials,12,5,1,True,0.757894736842,372,5,0.824991057589
2023-12-08,Healthcare,16,5,1,True,0.731428571429,293,5,0.898613073743
2023-12-08,Industrials,12,4,0.8,True,0.685714285714,379,5,0.701868999047
2023-12-08,Materials,4,3,0.6,True,0.533333333333,121,5,0.955367047308
2023-12-08,RealEstate,8,4,0.8,True,0.711111111111,173,5,0.739992582519
2023-12-08,Tech,67,5,1,True,0.693281853282,1178,5,0.556670129933
2023-12-08,Utilities,5,4,0.8,True,0.714285714286,138,5,0.684789644013
2023-12-11,Comm,19,5,1,True,0.793406593407,258,5,0.796791955949
2023-12-11,Consumer,41,5,1,True,0.794799054374,649,5,0.821911740314
2023-12-11,Energy,65,5,1,True,0.74449339207,445,5,0.690427627565
2023-12-11,Financials,42,5,1,True,0.686381322957,390,5,0.798970426013
2023-12-11,Healthcare,35,5,1,True,0.740181268882,305,5,0.871224537579
2023-12-11,Industrials,33,5,1,True,0.666055045872,404,5,0.697653344732
2023-12-11,Materials,9,5,1,True,0.852631578947,120,5,0.958721704394
2023-12-11,RealEstate,11,5,1,True,0.896296296296,176,5,0.77653547255
2023-12-11,Tech,125,5,1,True,0.7499400048,1264,5,0.576508752115
2023-12-11,Utilities,14,5,1,True,0.816666666667,146,5,0.713864701942
2023-12-12,Comm,20,3,0.6,True,0.547945205479,270,5,0.80198019802
2023-12-12,Consumer,20,5,1,True,0.833333333333,640,5,0.827090442825
2023-12-12,Energy,40,4,0.8,True,0.629921259843,466,5,0.691469511224
2023-12-12,Financials,28,5,1,True,0.784,407,5,0.799637952258
2023-12-12,Healthcare,22,5,1,True,0.949019607843,314,5,0.896734879491
2023-12-12,Industrials,27,5,1,True,0.648,417,5,0.704560280383
2023-12-12,Materials,3,3,0.6,True,0.6,119,5,0.950083864475
2023-12-12,RealEstate,15,5,1,True,0.882352941176,186,5,0.797142857143
2023-12-12,Tech,81,5,1,True,0.833142857143,1302,5,0.602670629475
2023-12-12,Utilities,8,5,1,True,0.8,149,5,0.746126701395
2023-12-13,Comm,13,4,0.8,True,0.689795918367,273,5,0.797058980803
2023-12-13,Consumer,24,5,1,True,0.859701492537,610,5,0.838402956153
2023-12-13,Energy,26,5,1,True,0.814457831325,462,5,0.696823479482
2023-12-13,Financials,22,5,1,True,0.768253968254,402,5,0.809842144826
2023-12-13,Healthcare,17,5,1,True,0.635164835165,312,5,0.895446601049
2023-12-13,Industrials,24,5,1,True,0.886153846154,404,5,0.746915614131
2023-12-13,Materials,10,4,0.8,True,0.666666666667,123,5,0.962710785873
2023-12-13,RealEstate,15,5,1,True,0.882352941176,190,5,0.807064609882
2023-12-13,Tech,45,5,1,True,0.762711864407,1297,5,0.610164763917
2023-12-13,Utilities,8,3,0.6,True,0.533333333333,149,5,0.743627533077
2023-12-14,Comm,9,3,0.6,True,0.39512195122,277,5,0.784429790932
2023-12-14,Consumer,22,5,1,True,0.949019607843,599,5,0.861373921185
2023-12-14,Energy,12,4,0.8,True,0.576,447,5,0.716276818842
2023-12-14,Financials,9,3,0.6,True,0.462857142857,387,5,0.806488785978
2023-12-14,Healthcare,4,3,0.6,True,0.533333333333,301,5,0.899578017177
2023-12-14,Industrials,7,3,0.6,True,0.466666666667,392,5,0.77420395002
2023-12-14,Materials,5,4,0.8,True,0.714285714286,121,5,0.973147224992
2023-12-14,RealEstate,8,4,0.8,True,0.457142857143,194,5,0.806255355613
2023-12-14,Tech,35,5,1,True,0.671232876712,1271,5,0.610234791264
2023-12-14,Utilities,9,3,0.6,True,0.462857142857,153,5,0.750408719346
2023-12-15,Comm,7,4,0.8,True,0.653333333333,278,5,0.786445507276
2023-12-15,Consumer,18,4,0.8,True,0.6,573,5,0.879307435825
2023-12-15,Energy,18,5,1,True,0.368181818182,452,5,0.716202762392
2023-12-15,Financials,17,3,0.6,True,0.583838383838,395,5,0.806226585712
2023-12-15,Healthcare,1,1,0.2,True,0.2,292,5,0.897704779954
2023-12-15,Industrials,3,2,0.4,True,0.36,383,5,0.787148184916
2023-12-15,Materials,1,1,0.2,True,0.2,116,5,0.980758017493
2023-12-15,RealEstate,8,2,0.4,True,0.32,200,5,0.779879118737
2023-12-15,Tech,30,5,1,True,0.75,1256,5,0.620312764192
2023-12-15,Utilities,5,3,0.6,True,0.454545454545,156,5,0.746732126419
2023-12-18,Comm,22,5,1,True,0.612658227848,294,5,0.778211938417
2023-12-18,Consumer,22,5,1,True,0.701449275362,545,5,0.914556231237
2023-12-18,Energy,34,4,0.8,True,0.561165048544,471,5,0.710994663718
2023-12-18,Financials,25,4,0.8,True,0.586854460094,406,5,0.802942179356
2023-12-18,Healthcare,34,5,1,True,0.819858156028,317,5,0.913328788912
2023-12-18,Industrials,29,5,1,True,0.644444444444,398,5,0.775312025843
2023-12-18,Materials,5,4,0.8,True,0.714285714286,115,5,0.972784111806
2023-12-18,RealEstate,10,3,0.6,True,0.588235294118,204,5,0.82163869694
2023-12-18,Tech,102,5,1,True,0.638674033149,1312,5,0.646249610488
2023-12-18,Utilities,5,4,0.8,True,0.714285714286,150,5,0.742329264269
2023-12-19,Comm,0,0,0,False,,291,5,0.775928895405
2023-12-19,Consumer,0,0,0,False,,524,5,0.916322376105
2023-12-19,Energy,0,0,0,False,,457,5,0.710527837787
2023-12-19,Financials,0,0,0,False,,393,5,0.799487537852
2023-12-19,Healthcare,0,0,0,False,,304,5,0.907017371675
2023-12-19,Industrials,0,0,0,False,,375,5,0.769725498782
2023-12-19,Materials,0,0,0,False,,111,5,0.966732051785
2023-12-19,RealEstate,0,0,0,False,,199,5,0.835552273447
2023-12-19,Tech,6,1,0.2,True,0.2,1277,5,0.654410581463
2023-12-19,Utilities,0,0,0,False,,143,5,0.721686959591
2023-12-20,Comm,0,0,0,False,,279,5,0.772500372153
2023-12-20,Consumer,0,0,0,False,,493,5,0.915456034954
2023-12-20,Energy,0,0,0,False,,446,5,0.711608771867
2023-12-20,Financials,0,0,0,False,,372,5,0.796959225985
2023-12-20,Healthcare,0,0,0,False,,291,5,0.893872380852
2023-12-20,Industrials,0,0,0,False,,356,5,0.788257245926
2023-12-20,Materials,0,0,0,False,,106,5,0.966122098022
2023-12-20,RealEstate,0,0,0,False,,189,5,0.832366305488
2023-12-20,Tech,5,1,0.2,True,0.2,1216,5,0.67446165074
2023-12-20,Utilities,0,0,0,False,,141,5,0.733751614689
2023-12-21,Comm,0,0,0,False,,271,5,0.774734954375
2023-12-21,Consumer,0,0,0,False,,468,5,0.92348948012
2023-12-21,Energy,0,0,0,False,,426,5,0.712145351803
2023-12-21,Financials,0,0,0,False,,360,5,0.791595406792
2023-12-21,Healthcare,0,0,0,False,,279,5,0.896011510791
2023-12-21,Industrials,0,0,0,False,,339,5,0.784845484036
2023-12-21,Materials,0,0,0,False,,100,5,0.968054211036
2023-12-21,RealEstate,0,0,0,False,,184,5,0.832456356036
2023-12-21,Tech,8,1,0.2,True,0.2,1140,5,0.69893138146
2023-12-21,Utilities,0,0,0,False,,131,5,0.709278776607
2023-12-22,Comm,0,0,0,False,,260,5,0.780330139674
2023-12-22,Consumer,0,0,0,False,,445,5,0.926454419986
2023-12-22,Energy,0,0,0,False,,414,5,0.708892381504
2023-12-22,Financials,0,0,0,False,,341,5,0.797400994343
2023-12-22,Healthcare,0,0,0,False,,271,5,0.887450909311
2023-12-22,Industrials,0,0,0,False,,315,5,0.76921586108
2023-12-22,Materials,0,0,0,False,,95,5,0.967828418231
2023-12-22,RealEstate,0,0,0,False,,179,5,0.839538844491
2023-12-22,Tech,5,1,0.2,True,0.2,1067,5,0.721359349408
2023-12-22,Utilities,0,0,0,False,,124,5,0.730798479087
2023-12-26,Comm,0,0,0,False,,243,5,0.753031945419
2023-12-26,Consumer,0,0,0,False,,411,5,0.933290974889
2023-12-26,Energy,0,0,0,False,,396,5,0.712832401473
2023-12-26,Financials,0,0,0,False,,316,5,0.804187807039
2023-12-26,Healthcare,0,0,0,False,,258,5,0.894557183174
2023-12-26,Industrials,0,0,0,False,,296,5,0.784456979139
2023-12-26,Materials,0,0,0,False,,87,5,0.978539107951
2023-12-26,RealEstate,0,0,0,False,,172,5,0.849382716049
2023-12-26,Tech,10,1,0.2,True,0.2,991,5,0.747133624707
2023-12-26,Utilities,0,0,0,False,,114,5,0.729702414374
2023-12-27,Comm,0,0,0,False,,230,5,0.74360416081
2023-12-27,Consumer,0,0,0,False,,357,5,0.939023761282
2023-12-27,Energy,0,0,0,False,,381,5,0.695898751169
2023-12-27,Financials,0,0,0,False,,292,5,0.796562032885
2023-12-27,Healthcare,0,0,0,False,,247,5,0.885022122289
2023-12-27,Industrials,0,0,0,False,,277,5,0.768250312891
2023-12-27,Materials,0,0,0,False,,80,5,0.983102918587
2023-12-27,RealEstate,0,0,0,False,,149,5,0.853392273688
2023-12-27,Tech,4,1,0.2,True,0.2,930,5,0.754330269148
2023-12-27,Utilities,0,0,0,False,,108,5,0.748171905067
2023-12-28,Comm,0,0,0,False,,222,5,0.741782059001
2023-12-28,Consumer,0,0,0,False,,338,5,0.946668876367
2023-12-28,Energy,0,0,0,False,,363,5,0.686100335841
2023-12-28,Financials,0,0,0,False,,281,5,0.801512460031
2023-12-28,Healthcare,0,0,0,False,,238,5,0.876570721139
2023-12-28,Industrials,0,0,0,False,,257,5,0.815268777387
2023-12-28,Materials,0,0,0,False,,74,5,0.990235081374
2023-12-28,RealEstate,0,0,0,False,,144,5,0.856505576208
2023-12-28,Tech,10,1,0.2,True,0.2,895,5,0.762644895628
2023-12-28,Utilities,0,0,0,False,,103,5,0.745799648506
2023-12-29,Comm,0,0,0,False,,209,5,0.735308475718
2023-12-29,Consumer,0,0,0,False,,310,5,0.947731755424
2023-12-29,Energy,0,0,0,False,,339,5,0.68281393898
2023-12-29,Financials,0,0,0,False,,263,5,0.811128701261
2023-12-29,Healthcare,0,0,0,False,,223,5,0.868098105961
2023-12-29,Industrials,0,0,0,False,,236,5,0.821111602536
2023-12-29,Materials,0,0,0,False,,67,5,0.976931447225
2023-12-29,RealEstate,0,0,0,False,,132,5,0.849536811312
2023-12-29,Tech,8,1,0.2,True,0.2,853,5,0.766521462019
2023-12-29,Utilities,0,0,0,False,,96,5,0.762282878412
